event_id,release_date,state,main_measurement,main_observed,observed_measurements,measurement_z,latent_posterior_mean,latent_posterior_sd,loading_vector,residual_covariance,fit_boundary
NFP_201101_REL_20110204,2011-02-04,policy,policy_h15_2y,1,policy_h15_2y;policy_h15_1y;policy_zt,"{""policy_h15_1y"":1.6000361594178396,""policy_h15_2y"":1.3503372688259057,""policy_zt"":1.3642480079758794}",1.4442040620051502,0.25360281467310003,"[1.0,1.0015566389895747,1.0013887142932434]","[[0.15113762967151154,0.001442112472435725,0.011203363669752671],[0.001442112472435725,0.17153781791263525,-0.020486319129869396],[0.011203363669752671,-0.020486319129869396,0.3750939524360022]]",development_only
NFP_201101_REL_20110204,2011-02-04,inflation,inflation_be5,1,inflation_be5;inflation_be10,"{""inflation_be10"":0.7419546888181056,""inflation_be5"":-0.2870211503867898}",0.4328897456714105,0.28719740700292873,"[1.0,1.0873936540181521]","[[0.3013612411874447,-0.005292023542136603],[-0.005292023542136603,0.14279751254232229]]",development_only
NFP_201101_REL_20110204,2011-02-04,real_rate,real_h15_5y,1,real_h15_5y;real_h15_10y;real_tip,"{""real_h15_10y"":0.9769143466395276,""real_h15_5y"":1.402242608681465,""real_tip"":1.2241457895698264}",1.0541987885790522,0.16370212832892353,"[1.0,1.0401143342141086,1.003450670631514]","[[0.15039777974575336,0.001788716327518765,-0.0014618364893762962],[0.001788716327518765,0.05481041486702631,-0.0010180020833655764],[-0.0014618364893762962,-0.0010180020833655764,0.09579282466715085]]",development_only
NFP_201101_REL_20110204,2011-02-04,gold,gold_gld,1,gold_gld;gold_gc,"{""gold_gc"":-0.28991071353552317,""gold_gld"":-0.39278336476601655}",-0.32130283626393347,0.14407797262134509,"[1.0,0.9874633095069]","[[0.04452140210692934,0.0003988324237603496],[0.0003988324237603496,0.03760578419298342]]",development_only
NFP_201101_REL_20110204,2011-02-04,dollar,dollar_dxy,1,dollar_dxy;dollar_uup,"{""dollar_dxy"":0.6834970647055902,""dollar_uup"":0.52499455549925}",0.64513012377502,0.2945329642650714,"[1.0,1.021562219282586]","[[0.2589368952533541,-0.013517004820323596],[-0.013517004820323596,0.15618573469252106]]",development_only
NFP_201102_REL_20110304,2011-03-04,policy,policy_h15_2y,1,policy_h15_2y;policy_h15_1y;policy_zt,"{""policy_h15_1y"":-2.5627559377142046,""policy_h15_2y"":-2.5381242812902736,""policy_zt"":-2.111398845450878}",-2.411656728849363,0.25360281467310003,"[1.0,1.0015566389895747,1.0013887142932434]","[[0.15113762967151154,0.001442112472435725,0.011203363669752671],[0.001442112472435725,0.17153781791263525,-0.020486319129869396],[0.011203363669752671,-0.020486319129869396,0.3750939524360022]]",development_only
NFP_201102_REL_20110304,2011-03-04,inflation,inflation_be5,1,inflation_be5;inflation_be10,"{""inflation_be10"":0.0,""inflation_be5"":-0.8176865914127851}",-0.19215472826054567,0.28719740700292873,"[1.0,1.0873936540181521]","[[0.3013612411874447,-0.005292023542136603],[-0.005292023542136603,0.14279751254232229]]",development_only
NFP_201102_REL_20110304,2011-03-04,real_rate,real_h15_5y,1,real_h15_5y;real_h15_10y;real_tip,"{""real_h15_10y"":-1.3361165075054995,""real_h15_5y"":-1.395342441909762,""real_tip"":-1.487128747671943}",-1.3936559772170296,0.16370212832892353,"[1.0,1.0401143342141086,1.003450670631514]","[[0.15039777974575336,0.001788716327518765,-0.0014618364893762962],[0.001788716327518765,0.05481041486702631,-0.0010180020833655764],[-0.0014618364893762962,-0.0010180020833655764,0.09579282466715085]]",development_only
NFP_201102_REL_20110304,2011-03-04,gold,gold_gld,1,gold_gld;gold_gc,"{""gold_gc"":0.9382927351325769,""gold_gld"":1.0038725348793953}",0.9865695158951734,0.14407797262134509,"[1.0,0.9874633095069]","[[0.04452140210692934,0.0003988324237603496],[0.0003988324237603496,0.03760578419298342]]",development_only
NFP_201102_REL_20110304,2011-03-04,dollar,dollar_dxy,1,dollar_dxy;dollar_uup,"{""dollar_dxy"":-0.22407093352689075,""dollar_uup"":-0.2727064876164037}",-0.16520994412302872,0.2945329642650714,"[1.0,1.021562219282586]","[[0.2589368952533541,-0.013517004820323596],[-0.013517004820323596,0.15618573469252106]]",development_only
NFP_201103_REL_20110401,2011-04-01,policy,policy_h15_2y,1,policy_h15_2y;policy_h15_1y;policy_zt,"{""policy_h15_1y"":-2.104152964932263,""policy_h15_2y"":0.0,""policy_zt"":5.4998277887682985}",0.18302710892637078,0.25360281467310003,"[1.0,1.0015566389895747,1.0013887142932434]","[[0.15113762967151154,0.001442112472435725,0.011203363669752671],[0.001442112472435725,0.17153781791263525,-0.020486319129869396],[0.011203363669752671,-0.020486319129869396,0.3750939524360022]]",development_only
NFP_201103_REL_20110401,2011-04-01,inflation,inflation_be5,1,inflation_be5;inflation_be10,"{""inflation_be10"":1.0625154250750566,""inflation_be5"":0.989272918424137}",1.0012496542545442,0.28719740700292873,"[1.0,1.0873936540181521]","[[0.3013612411874447,-0.005292023542136603],[-0.005292023542136603,0.14279751254232229]]",development_only
NFP_201103_REL_20110401,2011-04-01,real_rate,real_h15_5y,1,real_h15_5y;real_h15_10y;real_tip,"{""real_h15_10y"":-0.9092989716007069,""real_h15_5y"":-0.62984547996049,""real_tip"":-0.7204972173669818}",-0.8214402635467299,0.16370212832892353,"[1.0,1.0401143342141086,1.003450670631514]","[[0.15039777974575336,0.001788716327518765,-0.0014618364893762962],[0.001788716327518765,0.05481041486702631,-0.0010180020833655764],[-0.0014618364893762962,-0.0010180020833655764,0.09579282466715085]]",development_only
NFP_201103_REL_20110401,2011-04-01,gold,gold_gld,1,gold_gld;gold_gc,"{""gold_gc"":-0.9412683738130547,""gold_gld"":-0.5732054227438822}",-0.7563974071376732,0.14407797262134509,"[1.0,0.9874633095069]","[[0.04452140210692934,0.0003988324237603496],[0.0003988324237603496,0.03760578419298342]]",development_only
NFP_201103_REL_20110401,2011-04-01,dollar,dollar_dxy,1,dollar_dxy;dollar_uup,"{""dollar_dxy"":-0.08549176241487728,""dollar_uup"":-0.19049803061760673}",-0.06519801825978652,0.2945329642650714,"[1.0,1.021562219282586]","[[0.2589368952533541,-0.013517004820323596],[-0.013517004820323596,0.15618573469252106]]",development_only
NFP_201104_REL_20110506,2011-05-06,policy,policy_h15_2y,1,policy_h15_2y;policy_h15_1y;policy_zt,"{""policy_h15_1y"":-1.2107808505851516,""policy_h15_2y"":-0.27845351292009857,""policy_zt"":-0.6664735556448925}",-0.6950980181918252,0.25360281467310003,"[1.0,1.0015566389895747,1.0013887142932434]","[[0.15113762967151154,0.001442112472435725,0.011203363669752671],[0.001442112472435725,0.17153781791263525,-0.020486319129869396],[0.011203363669752671,-0.020486319129869396,0.3750939524360022]]",development_only
NFP_201104_REL_20110506,2011-05-06,inflation,inflation_be5,1,inflation_be5;inflation_be10,"{""inflation_be10"":-1.465739862379157e-14,""inflation_be5"":-0.7035221212743284}",-0.15962775185306322,0.28719740700292873,"[1.0,1.0873936540181521]","[[0.3013612411874447,-0.005292023542136603],[-0.005292023542136603,0.14279751254232229]]",development_only
NFP_201104_REL_20110506,2011-05-06,real_rate,real_h15_5y,1,real_h15_5y;real_h15_10y;real_tip,"{""real_h15_10y"":0.2364101016908957,""real_h15_5y"":0.3596631716178319,""real_tip"":-0.10998197075393655}",0.11021226075220183,0.16370212832892353,"[1.0,1.0401143342141086,1.003450670631514]","[[0.15039777974575336,0.001788716327518765,-0.0014618364893762962],[0.001788716327518765,0.05481041486702631,-0.0010180020833655764],[-0.0014618364893762962,-0.0010180020833655764,0.09579282466715085]]",development_only
NFP_201104_REL_20110506,2011-05-06,gold,gold_gld,1,gold_gld;gold_gc,"{""gold_gc"":0.8391906558723645,""gold_gld"":1.450559202101879}",1.1391422928066148,0.14407797262134509,"[1.0,0.9874633095069]","[[0.04452140210692934,0.0003988324237603496],[0.0003988324237603496,0.03760578419298342]]",development_only
NFP_201104_REL_20110506,2011-05-06,dollar,dollar_dxy,1,dollar_dxy;dollar_uup,"{""dollar_dxy"":1.9132487635134097,""dollar_uup"":1.6461917849167793}",1.7672909279698794,0.2945329642650714,"[1.0,1.021562219282586]","[[0.2589368952533541,-0.013517004820323596],[-0.013517004820323596,0.15618573469252106]]",development_only
NFP_201105_REL_20110603,2011-06-03,policy,policy_h15_2y,1,policy_h15_2y;policy_h15_1y;policy_zt,"{""policy_h15_1y"":-0.6267800088127754,""policy_h15_2y"":-1.0529547988699486,""policy_zt"":-0.7403540997905339}",-0.7948277231037576,0.25360281467310003,"[1.0,1.0015566389895747,1.0013887142932434]","[[0.15113762967151154,0.001442112472435725,0.011203363669752671],[0.001442112472435725,0.17153781791263525,-0.020486319129869396],[0.011203363669752671,-0.020486319129869396,0.3750939524360022]]",development_only
NFP_201105_REL_20110603,2011-06-03,inflation,inflation_be5,1,inflation_be5;inflation_be10,"{""inflation_be10"":-0.5993476755317281,""inflation_be5"":0.24086244358052042}",-0.2733346036400078,0.28719740700292873,"[1.0,1.0873936540181521]","[[0.3013612411874447,-0.005292023542136603],[-0.005292023542136603,0.14279751254232229]]",development_only
NFP_201105_REL_20110603,2011-06-03,real_rate,real_h15_5y,1,real_h15_5y;real_h15_10y;real_tip,"{""real_h15_10y"":-0.7767132076036782,""real_h15_5y"":-1.3276871340934961,""real_tip"":-0.5278742085272047}",-0.8205190831762568,0.16370212832892353,"[1.0,1.0401143342141086,1.003450670631514]","[[0.15039777974575336,0.001788716327518765,-0.0014618364893762962],[0.001788716327518765,0.05481041486702631,-0.0010180020833655764],[-0.0014618364893762962,-0.0010180020833655764,0.09579282466715085]]",development_only
NFP_201105_REL_20110603,2011-06-03,gold,gold_gld,1,gold_gld;gold_gc,"{""gold_gc"":0.7624232980838139,""gold_gld"":0.5540166872343941}",0.6840020755722419,0.14407797262134509,"[1.0,0.9874633095069]","[[0.04452140210692934,0.0003988324237603496],[0.0003988324237603496,0.03760578419298342]]",development_only
NFP_201105_REL_20110603,2011-06-03,dollar,dollar_dxy,1,dollar_dxy;dollar_uup,"{""dollar_dxy"":-1.4873084524304405,""dollar_uup"":-1.5332176378049398}",-1.3830993434981422,0.2945329642650714,"[1.0,1.021562219282586]","[[0.2589368952533541,-0.013517004820323596],[-0.013517004820323596,0.15618573469252106]]",development_only
NFP_201106_REL_20110708,2011-07-08,policy,policy_h15_2y,1,policy_h15_2y;policy_h15_1y;policy_zt,"{""policy_h15_1y"":-2.6537596572226327,""policy_h15_2y"":-2.9793120260537345,""policy_zt"":-2.770388902726972}",-2.746927619008535,0.25360281467310003,"[1.0,1.0015566389895747,1.0013887142932434]","[[0.15113762967151154,0.001442112472435725,0.011203363669752671],[0.001442112472435725,0.17153781791263525,-0.020486319129869396],[0.011203363669752671,-0.020486319129869396,0.3750939524360022]]",development_only
NFP_201106_REL_20110708,2011-07-08,inflation,inflation_be5,1,inflation_be5;inflation_be10,"{""inflation_be10"":-2.34332361484217,""inflation_be5"":-2.028919773510329}",-2.033819438379255,0.28719740700292873,"[1.0,1.0873936540181521]","[[0.3013612411874447,-0.005292023542136603],[-0.005292023542136603,0.14279751254232229]]",development_only
NFP_201106_REL_20110708,2011-07-08,real_rate,real_h15_5y,1,real_h15_5y;real_h15_10y;real_tip,"{""real_h15_10y"":-1.5556667793438705,""real_h15_5y"":-1.75570240025005,""real_tip"":-1.6631890651290324}",-1.6191155858722082,0.16370212832892353,"[1.0,1.0401143342141086,1.003450670631514]","[[0.15039777974575336,0.001788716327518765,-0.0014618364893762962],[0.001788716327518765,0.05481041486702631,-0.0010180020833655764],[-0.0014618364893762962,-0.0010180020833655764,0.09579282466715085]]",development_only
NFP_201106_REL_20110708,2011-07-08,gold,gold_gld,1,gold_gld;gold_gc,"{""gold_gc"":0.8368996503796233,""gold_gld"":0.8327372338858202}",0.8528363243680158,0.14407797262134509,"[1.0,0.9874633095069]","[[0.04452140210692934,0.0003988324237603496],[0.0003988324237603496,0.03760578419298342]]",development_only
NFP_201106_REL_20110708,2011-07-08,dollar,dollar_dxy,1,dollar_dxy;dollar_uup,"{""dollar_dxy"":0.5082095487144876,""dollar_uup"":0.4201178256690404}",0.5180915577332101,0.2945329642650714,"[1.0,1.021562219282586]","[[0.2589368952533541,-0.013517004820323596],[-0.013517004820323596,0.15618573469252106]]",development_only
NFP_201107_REL_20110805,2011-08-05,policy,policy_h15_2y,1,policy_h15_2y;policy_h15_1y;policy_zt,"{""policy_h15_1y"":-0.7065581143248916,""policy_h15_2y"":0.308747940597053,""policy_zt"":0.20777185773744872}",-0.09855721049733585,0.25360281467310003,"[1.0,1.0015566389895747,1.0013887142932434]","[[0.15113762967151154,0.001442112472435725,0.011203363669752671],[0.001442112472435725,0.17153781791263525,-0.020486319129869396],[0.011203363669752671,-0.020486319129869396,0.3750939524360022]]",development_only
NFP_201107_REL_20110805,2011-08-05,inflation,inflation_be5,1,inflation_be5;inflation_be10,"{""inflation_be10"":0.7481267450037004,""inflation_be5"":0.652045094755034}",0.7043840083140414,0.28719740700292873,"[1.0,1.0873936540181521]","[[0.3013612411874447,-0.005292023542136603],[-0.005292023542136603,0.14279751254232229]]",development_only
NFP_201107_REL_20110805,2011-08-05,real_rate,real_h15_5y,1,real_h15_5y;real_h15_10y;real_tip,"{""real_h15_10y"":1.6259276142460324,""real_h15_5y"":1.646507899002695,""real_tip"":3.2329806175919917}",2.0068756789535955,0.16370212832892353,"[1.0,1.0401143342141086,1.003450670631514]","[[0.15039777974575336,0.001788716327518765,-0.0014618364893762962],[0.001788716327518765,0.05481041486702631,-0.0010180020833655764],[-0.0014618364893762962,-0.0010180020833655764,0.09579282466715085]]",development_only
NFP_201107_REL_20110805,2011-08-05,gold,gold_gld,1,gold_gld;gold_gc,"{""gold_gc"":-0.5876947014270547,""gold_gld"":0.9195203533894286}",0.1233504359049787,0.14407797262134509,"[1.0,0.9874633095069]","[[0.04452140210692934,0.0003988324237603496],[0.0003988324237603496,0.03760578419298342]]",development_only
NFP_201107_REL_20110805,2011-08-05,dollar,dollar_dxy,1,dollar_dxy;dollar_uup,"{""dollar_dxy"":-1.1561245159381217,""dollar_uup"":-1.4120514543899763}",-1.1891976694258146,0.2945329642650714,"[1.0,1.021562219282586]","[[0.2589368952533541,-0.013517004820323596],[-0.013517004820323596,0.15618573469252106]]",development_only
NFP_201108_REL_20110902,2011-09-02,policy,policy_h15_2y,1,policy_h15_2y;policy_h15_1y;policy_zt,"{""policy_h15_1y"":0.0,""policy_h15_2y"":0.3148081055771377,""policy_zt"":0.4147763965428463}",0.21955373595232927,0.25360281467310003,"[1.0,1.0015566389895747,1.0013887142932434]","[[0.15113762967151154,0.001442112472435725,0.011203363669752671],[0.001442112472435725,0.17153781791263525,-0.020486319129869396],[0.011203363669752671,-0.020486319129869396,0.3750939524360022]]",development_only
NFP_201108_REL_20110902,2011-09-02,inflation,inflation_be5,1,inflation_be5;inflation_be10,"{""inflation_be10"":-1.293874283519156,""inflation_be5"":0.0}",-0.7855203103650319,0.28719740700292873,"[1.0,1.0873936540181521]","[[0.3013612411874447,-0.005292023542136603],[-0.005292023542136603,0.14279751254232229]]",development_only
NFP_201108_REL_20110902,2011-09-02,real_rate,real_h15_5y,1,real_h15_5y;real_h15_10y;real_tip,"{""real_h15_10y"":-0.953530056260141,""real_h15_5y"":-0.28552422992916576,""real_tip"":-1.7030542638969535}",-1.0674295044605149,0.16370212832892353,"[1.0,1.0401143342141086,1.003450670631514]","[[0.15039777974575336,0.001788716327518765,-0.0014618364893762962],[0.001788716327518765,0.05481041486702631,-0.0010180020833655764],[-0.0014618364893762962,-0.0010180020833655764,0.09579282466715085]]",development_only
NFP_201108_REL_20110902,2011-09-02,gold,gold_gld,1,gold_gld;gold_gc,"{""gold_gc"":1.9234207697863184,""gold_gld"":2.1204409676607816}",2.0339041346823077,0.14407797262134509,"[1.0,0.9874633095069]","[[0.04452140210692934,0.0003988324237603496],[0.0003988324237603496,0.03760578419298342]]",development_only
NFP_201108_REL_20110902,2011-09-02,dollar,dollar_dxy,1,dollar_dxy;dollar_uup,"{""dollar_dxy"":0.6270976402534528,""dollar_uup"":0.48033440031696323}",0.5977154105527138,0.2945329642650714,"[1.0,1.021562219282586]","[[0.2589368952533541,-0.013517004820323596],[-0.013517004820323596,0.15618573469252106]]",development_only
NFP_201109_REL_20111007,2011-10-07,policy,policy_h15_2y,1,policy_h15_2y;policy_h15_1y;policy_zt,"{""policy_h15_1y"":1.4252271448045621,""policy_h15_2y"":0.4384337497393568,""policy_zt"":1.258196549222794}",0.9838033126104253,0.25360281467310003,"[1.0,1.0015566389895747,1.0013887142932434]","[[0.15113762967151154,0.001442112472435725,0.011203363669752671],[0.001442112472435725,0.17153781791263525,-0.020486319129869396],[0.011203363669752671,-0.020486319129869396,0.3750939524360022]]",development_only
NFP_201109_REL_20111007,2011-10-07,inflation,inflation_be5,1,inflation_be5;inflation_be10,"{""inflation_be10"":1.1314134651441752,""inflation_be5"":0.7951337578022815}",0.989938694111367,0.28719740700292873,"[1.0,1.0873936540181521]","[[0.3013612411874447,-0.005292023542136603],[-0.005292023542136603,0.14279751254232229]]",development_only
NFP_201109_REL_20111007,2011-10-07,real_rate,real_h15_5y,1,real_h15_5y;real_h15_10y;real_tip,"{""real_h15_10y"":0.39927979036482064,""real_h15_5y"":0.2756993166657785,""real_tip"":0.5067130864903372}",0.3563844632233002,0.16370212832892353,"[1.0,1.0401143342141086,1.003450670631514]","[[0.15039777974575336,0.001788716327518765,-0.0014618364893762962],[0.001788716327518765,0.05481041486702631,-0.0010180020833655764],[-0.0014618364893762962,-0.0010180020833655764,0.09579282466715085]]",development_only
NFP_201109_REL_20111007,2011-10-07,gold,gold_gld,1,gold_gld;gold_gc,"{""gold_gc"":-0.5432013564806674,""gold_gld"":-0.435559332390266}",-0.477860978475008,0.14407797262134509,"[1.0,0.9874633095069]","[[0.04452140210692934,0.0003988324237603496],[0.0003988324237603496,0.03760578419298342]]",development_only
NFP_201109_REL_20111007,2011-10-07,dollar,dollar_dxy,1,dollar_dxy;dollar_uup,"{""dollar_dxy"":0.37426109144549713,""dollar_uup"":0.44770768168761965}",0.4855559551970821,0.2945329642650714,"[1.0,1.021562219282586]","[[0.2589368952533541,-0.013517004820323596],[-0.013517004820323596,0.15618573469252106]]",development_only
NFP_201110_REL_20111104,2011-11-04,policy,policy_h15_2y,1,policy_h15_2y;policy_h15_1y;policy_zt,"{""policy_h15_1y"":0.0,""policy_h15_2y"":-1.124655671587426,""policy_zt"":-0.7159666722376818}",-0.5729338995595707,0.25360281467310003,"[1.0,1.0015566389895747,1.0013887142932434]","[[0.15113762967151154,0.001442112472435725,0.011203363669752671],[0.001442112472435725,0.17153781791263525,-0.020486319129869396],[0.011203363669752671,-0.020486319129869396,0.3750939524360022]]",development_only
NFP_201110_REL_20111104,2011-11-04,inflation,inflation_be5,1,inflation_be5;inflation_be10,"{""inflation_be10"":0.5494350974170696,""inflation_be5"":0.31951197068607146}",0.48274608341152364,0.28719740700292873,"[1.0,1.0873936540181521]","[[0.3013612411874447,-0.005292023542136603],[-0.005292023542136603,0.14279751254232229]]",development_only
NFP_201110_REL_20111104,2011-11-04,real_rate,real_h15_5y,1,real_h15_5y;real_h15_10y;real_tip,"{""real_h15_10y"":-0.8956086219020994,""real_h15_5y"":-0.7804280141443197,""real_tip"":-0.9070378833899724}",-0.8946970691627223,0.16370212832892353,"[1.0,1.0401143342141086,1.003450670631514]","[[0.15039777974575336,0.001788716327518765,-0.0014618364893762962],[0.001788716327518765,0.05481041486702631,-0.0010180020833655764],[-0.0014618364893762962,-0.0010180020833655764,0.09579282466715085]]",development_only
NFP_201110_REL_20111104,2011-11-04,gold,gold_gld,1,gold_gld;gold_gc,"{""gold_gc"":-0.25443375010485353,""gold_gld"":-0.27321616854773284}",-0.24696977048302257,0.14407797262134509,"[1.0,0.9874633095069]","[[0.04452140210692934,0.0003988324237603496],[0.0003988324237603496,0.03760578419298342]]",development_only
NFP_201110_REL_20111104,2011-11-04,dollar,dollar_dxy,1,dollar_dxy;dollar_uup,"{""dollar_dxy"":0.4392359488458273,""dollar_uup"":0.41572127939602355}",0.4901928931738588,0.2945329642650714,"[1.0,1.021562219282586]","[[0.2589368952533541,-0.013517004820323596],[-0.013517004820323596,0.15618573469252106]]",development_only
NFP_201111_REL_20111202,2011-12-02,policy,policy_h15_2y,1,policy_h15_2y;policy_h15_1y;policy_zt,"{""policy_h15_1y"":0.0,""policy_h15_2y"":-1.0496950878465747,""policy_zt"":-0.45711069381011654}",-0.4954688804297533,0.25360281467310003,"[1.0,1.0015566389895747,1.0013887142932434]","[[0.15113762967151154,0.001442112472435725,0.011203363669752671],[0.001442112472435725,0.17153781791263525,-0.020486319129869396],[0.011203363669752671,-0.020486319129869396,0.3750939524360022]]",development_only
NFP_201111_REL_20111202,2011-12-02,inflation,inflation_be5,1,inflation_be5;inflation_be10,"{""inflation_be10"":0.0,""inflation_be5"":0.0}",0.04081506028531157,0.28719740700292873,"[1.0,1.0873936540181521]","[[0.3013612411874447,-0.005292023542136603],[-0.005292023542136603,0.14279751254232229]]",development_only
NFP_201111_REL_20111202,2011-12-02,real_rate,real_h15_5y,1,real_h15_5y;real_h15_10y;real_tip,"{""real_h15_10y"":-1.2276091664878341,""real_h15_5y"":-0.969093136871939,""real_tip"":-1.1004115100727507}",-1.1522650948920414,0.16370212832892353,"[1.0,1.0401143342141086,1.003450670631514]","[[0.15039777974575336,0.001788716327518765,-0.0014618364893762962],[0.001788716327518765,0.05481041486702631,-0.0010180020833655764],[-0.0014618364893762962,-0.0010180020833655764,0.09579282466715085]]",development_only
NFP_201111_REL_20111202,2011-12-02,gold,gold_gld,1,gold_gld;gold_gc,"{""gold_gc"":0.3719142397999157,""gold_gld"":0.07004328055446259}",0.24974982269295815,0.14407797262134509,"[1.0,0.9874633095069]","[[0.04452140210692934,0.0003988324237603496],[0.0003988324237603496,0.03760578419298342]]",development_only
NFP_201111_REL_20111202,2011-12-02,dollar,dollar_dxy,1,dollar_dxy;dollar_uup,"{""dollar_dxy"":0.5424782603858707,""dollar_uup"":0.45378766674148874}",0.5508156061889367,0.2945329642650714,"[1.0,1.021562219282586]","[[0.2589368952533541,-0.013517004820323596],[-0.013517004820323596,0.15618573469252106]]",development_only
NFP_201112_REL_20120106,2012-01-06,policy,policy_h15_2y,1,policy_h15_2y;policy_h15_1y;policy_zt,"{""policy_h15_1y"":0.9319326842474169,""policy_h15_2y"":-1.1452497054076027,""policy_zt"":-0.2579909194265753}",-0.1315518781789774,0.25360281467310003,"[1.0,1.0015566389895747,1.0013887142932434]","[[0.15113762967151154,0.001442112472435725,0.011203363669752671],[0.001442112472435725,0.17153781791263525,-0.020486319129869396],[0.011203363669752671,-0.020486319129869396,0.3750939524360022]]",development_only
NFP_201112_REL_20120106,2012-01-06,inflation,inflation_be5,1,inflation_be5;inflation_be10,"{""inflation_be10"":-0.7010596517560117,""inflation_be5"":-0.6295613805238808}",-0.5862884862229741,0.28719740700292873,"[1.0,1.0873936540181521]","[[0.3013612411874447,-0.005292023542136603],[-0.005292023542136603,0.14279751254232229]]",development_only
NFP_201112_REL_20120106,2012-01-06,real_rate,real_h15_5y,1,real_h15_5y;real_h15_10y;real_tip,"{""real_h15_10y"":-0.22512064118601288,""real_h15_5y"":0.23003388700740718,""real_tip"":-0.896968798594712}",-0.37428058942127995,0.16370212832892353,"[1.0,1.0401143342141086,1.003450670631514]","[[0.15039777974575336,0.001788716327518765,-0.0014618364893762962],[0.001788716327518765,0.05481041486702631,-0.0010180020833655764],[-0.0014618364893762962,-0.0010180020833655764,0.09579282466715085]]",development_only
NFP_201112_REL_20120106,2012-01-06,gold,gold_gld,1,gold_gld;gold_gc,"{""gold_gc"":-0.14127940991466187,""gold_gld"":-0.26740056684186847}",-0.1831634048834248,0.14407797262134509,"[1.0,0.9874633095069]","[[0.04452140210692934,0.0003988324237603496],[0.0003988324237603496,0.03760578419298342]]",development_only
NFP_201112_REL_20120106,2012-01-06,dollar,dollar_dxy,1,dollar_dxy;dollar_uup,"{""dollar_dxy"":0.591081941455985,""dollar_uup"":0.5457128318173838}",0.6236912204861622,0.2945329642650714,"[1.0,1.021562219282586]","[[0.2589368952533541,-0.013517004820323596],[-0.013517004820323596,0.15618573469252106]]",development_only
NFP_201201_REL_20120203,2012-02-03,policy,policy_h15_2y,1,policy_h15_2y;policy_h15_1y;policy_zt,"{""policy_h15_1y"":0.0,""policy_h15_2y"":0.0,""policy_zt"":1.6025570725196485}",0.30599329132503394,0.25360281467310003,"[1.0,1.0015566389895747,1.0013887142932434]","[[0.15113762967151154,0.001442112472435725,0.011203363669752671],[0.001442112472435725,0.17153781791263525,-0.020486319129869396],[0.011203363669752671,-0.020486319129869396,0.3750939524360022]]",development_only
NFP_201201_REL_20120203,2012-02-03,inflation,inflation_be5,1,inflation_be5;inflation_be10,"{""inflation_be10"":0.5256303757920382,""inflation_be5"":-0.2456243288597536}",0.3065283004387581,0.28719740700292873,"[1.0,1.0873936540181521]","[[0.3013612411874447,-0.005292023542136603],[-0.005292023542136603,0.14279751254232229]]",development_only
NFP_201201_REL_20120203,2012-02-03,real_rate,real_h15_5y,1,real_h15_5y;real_h15_10y;real_tip,"{""real_h15_10y"":2.1828206253269964,""real_h15_5y"":1.9030803828032825,""real_tip"":2.899577716568751}",2.238485381482086,0.16370212832892353,"[1.0,1.0401143342141086,1.003450670631514]","[[0.15039777974575336,0.001788716327518765,-0.0014618364893762962],[0.001788716327518765,0.05481041486702631,-0.0010180020833655764],[-0.0014618364893762962,-0.0010180020833655764,0.09579282466715085]]",development_only
NFP_201201_REL_20120203,2012-02-03,gold,gold_gld,1,gold_gld;gold_gc,"{""gold_gc"":-0.8060466783160799,""gold_gld"":-1.5159012746335974}",-1.1183222681882663,0.14407797262134509,"[1.0,0.9874633095069]","[[0.04452140210692934,0.0003988324237603496],[0.0003988324237603496,0.03760578419298342]]",development_only
NFP_201201_REL_20120203,2012-02-03,dollar,dollar_dxy,1,dollar_dxy;dollar_uup,"{""dollar_dxy"":-0.0697082767164014,""dollar_uup"":0.0}",0.05471067249860582,0.2945329642650714,"[1.0,1.021562219282586]","[[0.2589368952533541,-0.013517004820323596],[-0.013517004820323596,0.15618573469252106]]",development_only
NFP_201202_REL_20120309,2012-03-09,policy,policy_h15_2y,1,policy_h15_2y;policy_h15_1y;policy_zt,"{""policy_h15_1y"":0.0,""policy_h15_2y"":0.6627261541051388,""policy_zt"":1.1703285974839144}",0.4983877826982506,0.25360281467310003,"[1.0,1.0015566389895747,1.0013887142932434]","[[0.15113762967151154,0.001442112472435725,0.011203363669752671],[0.001442112472435725,0.17153781791263525,-0.020486319129869396],[0.011203363669752671,-0.020486319129869396,0.3750939524360022]]",development_only
NFP_201202_REL_20120309,2012-03-09,inflation,inflation_be5,1,inflation_be5;inflation_be10,"{""inflation_be10"":1.3007530195894703,""inflation_be5"":1.79640318258985}",1.3833627157313548,0.28719740700292873,"[1.0,1.0873936540181521]","[[0.3013612411874447,-0.005292023542136603],[-0.005292023542136603,0.14279751254232229]]",development_only
NFP_201202_REL_20120309,2012-03-09,real_rate,real_h15_5y,1,real_h15_5y;real_h15_10y;real_tip,"{""real_h15_10y"":-0.7177514854581867,""real_h15_5y"":-1.3361579355323665,""real_tip"":-0.5934303190417556}",-0.8109691342261737,0.16370212832892353,"[1.0,1.0401143342141086,1.003450670631514]","[[0.15039777974575336,0.001788716327518765,-0.0014618364893762962],[0.001788716327518765,0.05481041486702631,-0.0010180020833655764],[-0.0014618364893762962,-0.0010180020833655764,0.09579282466715085]]",development_only
NFP_201202_REL_20120309,2012-03-09,gold,gold_gld,1,gold_gld;gold_gc,"{""gold_gc"":0.5708798312788032,""gold_gld"":0.47668638277236935}",0.5448544613229881,0.14407797262134509,"[1.0,0.9874633095069]","[[0.04452140210692934,0.0003988324237603496],[0.0003988324237603496,0.03760578419298342]]",development_only
NFP_201202_REL_20120309,2012-03-09,dollar,dollar_dxy,1,dollar_dxy;dollar_uup,"{""dollar_dxy"":2.2235397008700692,""dollar_uup"":1.8735599711999091}",2.0171651651812015,0.2945329642650714,"[1.0,1.021562219282586]","[[0.2589368952533541,-0.013517004820323596],[-0.013517004820323596,0.15618573469252106]]",development_only
NFP_201203_REL_20120406,2012-04-06,policy,policy_h15_2y,1,policy_h15_2y;policy_h15_1y,"{""policy_h15_1y"":0.0,""policy_h15_2y"":-1.8509929382662578,""policy_zt"":null}",-0.9262866896453759,0.2816760630923185,"[1.0,1.0015566389895747,1.0013887142932434]","[[0.15113762967151154,0.001442112472435725,0.011203363669752671],[0.001442112472435725,0.17153781791263525,-0.020486319129869396],[0.011203363669752671,-0.020486319129869396,0.3750939524360022]]",development_only
NFP_201203_REL_20120406,2012-04-06,inflation,inflation_be5,1,inflation_be5;inflation_be10,"{""inflation_be10"":-1.557831568621977,""inflation_be5"":-3.1342913766503835}",-1.8470984650386673,0.28719740700292873,"[1.0,1.0873936540181521]","[[0.3013612411874447,-0.005292023542136603],[-0.005292023542136603,0.14279751254232229]]",development_only
NFP_201203_REL_20120406,2012-04-06,real_rate,real_h15_5y,1,real_h15_5y;real_h15_10y,"{""real_h15_10y"":-1.7650811740979833,""real_h15_5y"":-0.4999117465353649,""real_tip"":null}",-1.477370284303472,0.19538428806492855,"[1.0,1.0401143342141086,1.003450670631514]","[[0.15039777974575336,0.001788716327518765,-0.0014618364893762962],[0.001788716327518765,0.05481041486702631,-0.0010180020833655764],[-0.0014618364893762962,-0.0010180020833655764,0.09579282466715085]]",development_only
NFP_201203_REL_20120406,2012-04-06,gold,gold_gld,0,,"{""gold_gc"":null,""gold_gld"":null}",0.0,2.0,"[1.0,0.9874633095069]","[[0.04452140210692934,0.0003988324237603496],[0.0003988324237603496,0.03760578419298342]]",development_only
NFP_201203_REL_20120406,2012-04-06,dollar,dollar_dxy,0,,"{""dollar_dxy"":null,""dollar_uup"":null}",0.0,2.0,"[1.0,1.021562219282586]","[[0.2589368952533541,-0.013517004820323596],[-0.013517004820323596,0.15618573469252106]]",development_only
NFP_201204_REL_20120504,2012-05-04,policy,policy_h15_2y,1,policy_h15_2y;policy_h15_1y;policy_zt,"{""policy_h15_1y"":-1.1117704437306632,""policy_h15_2y"":-0.6130547088283094,""policy_zt"":-0.46150106176089334}",-0.7556545290532402,0.25360281467310003,"[1.0,1.0015566389895747,1.0013887142932434]","[[0.15113762967151154,0.001442112472435725,0.011203363669752671],[0.001442112472435725,0.17153781791263525,-0.020486319129869396],[0.011203363669752671,-0.020486319129869396,0.3750939524360022]]",development_only
NFP_201204_REL_20120504,2012-05-04,inflation,inflation_be5,1,inflation_be5;inflation_be10,"{""inflation_be10"":-0.754120373716118,""inflation_be5"":-2.150711848122509}",-1.0535718271486132,0.28719740700292873,"[1.0,1.0873936540181521]","[[0.3013612411874447,-0.005292023542136603],[-0.005292023542136603,0.14279751254232229]]",development_only
NFP_201204_REL_20120504,2012-05-04,real_rate,real_h15_5y,1,real_h15_5y;real_h15_10y;real_tip,"{""real_h15_10y"":-0.8050063028753408,""real_h15_5y"":1.109882845351043,""real_tip"":-0.710626901604426}",-0.4612325836383601,0.16370212832892353,"[1.0,1.0401143342141086,1.003450670631514]","[[0.15039777974575336,0.001788716327518765,-0.0014618364893762962],[0.001788716327518765,0.05481041486702631,-0.0010180020833655764],[-0.0014618364893762962,-0.0010180020833655764,0.09579282466715085]]",development_only
NFP_201204_REL_20120504,2012-05-04,gold,gold_gld,1,gold_gld;gold_gc,"{""gold_gc"":0.5602317473536379,""gold_gld"":0.28095981197584574}",0.448792705197376,0.14407797262134509,"[1.0,0.9874633095069]","[[0.04452140210692934,0.0003988324237603496],[0.0003988324237603496,0.03760578419298342]]",development_only
NFP_201204_REL_20120504,2012-05-04,dollar,dollar_dxy,1,dollar_dxy;dollar_uup,"{""dollar_dxy"":0.7508751286506374,""dollar_uup"":0.9762576453735766}",0.9401618774466305,0.2945329642650714,"[1.0,1.021562219282586]","[[0.2589368952533541,-0.013517004820323596],[-0.013517004820323596,0.15618573469252106]]",development_only
NFP_201205_REL_20120601,2012-06-01,policy,policy_h15_2y,1,policy_h15_2y;policy_h15_1y;policy_zt,"{""policy_h15_1y"":-1.2144957801491096,""policy_h15_2y"":-1.2345264426560707,""policy_zt"":-0.7486206424416875}",-1.1018502812284177,0.25360281467310003,"[1.0,1.0015566389895747,1.0013887142932434]","[[0.15113762967151154,0.001442112472435725,0.011203363669752671],[0.001442112472435725,0.17153781791263525,-0.020486319129869396],[0.011203363669752671,-0.020486319129869396,0.3750939524360022]]",development_only
NFP_201205_REL_20120601,2012-06-01,inflation,inflation_be5,1,inflation_be5;inflation_be10,"{""inflation_be10"":-1.0686329654868647,""inflation_be5"":-1.954576232714772}",-1.1985542697830578,0.28719740700292873,"[1.0,1.0873936540181521]","[[0.3013612411874447,-0.005292023542136603],[-0.005292023542136603,0.14279751254232229]]",development_only
NFP_201205_REL_20120601,2012-06-01,real_rate,real_h15_5y,1,real_h15_5y;real_h15_10y;real_tip,"{""real_h15_10y"":-2.395319190824564,""real_h15_5y"":0.5887131060254973,""real_tip"":-1.4639937493026216}",-1.5781468833950587,0.16370212832892353,"[1.0,1.0401143342141086,1.003450670631514]","[[0.15039777974575336,0.001788716327518765,-0.0014618364893762962],[0.001788716327518765,0.05481041486702631,-0.0010180020833655764],[-0.0014618364893762962,-0.0010180020833655764,0.09579282466715085]]",development_only
NFP_201205_REL_20120601,2012-06-01,gold,gold_gld,1,gold_gld;gold_gc,"{""gold_gc"":3.3544271805470633,""gold_gld"":4.133878797637038}",3.7359138543485235,0.14407797262134509,"[1.0,0.9874633095069]","[[0.04452140210692934,0.0003988324237603496],[0.0003988324237603496,0.03760578419298342]]",development_only
NFP_201205_REL_20120601,2012-06-01,dollar,dollar_dxy,1,dollar_dxy;dollar_uup,"{""dollar_dxy"":-0.46470344414579773,""dollar_uup"":-0.7386956707259407}",-0.5325263583971248,0.2945329642650714,"[1.0,1.021562219282586]","[[0.2589368952533541,-0.013517004820323596],[-0.013517004820323596,0.15618573469252106]]",development_only
NFP_201206_REL_20120706,2012-07-06,policy,policy_h15_2y,1,policy_h15_2y;policy_h15_1y;policy_zt,"{""policy_h15_1y"":1.1852265204432053,""policy_h15_2y"":-0.8096638534327424,""policy_zt"":-2.2205115656392738}",-0.2500182773077574,0.25360281467310003,"[1.0,1.0015566389895747,1.0013887142932434]","[[0.15113762967151154,0.001442112472435725,0.011203363669752671],[0.001442112472435725,0.17153781791263525,-0.020486319129869396],[0.011203363669752671,-0.020486319129869396,0.3750939524360022]]",development_only
NFP_201206_REL_20120706,2012-07-06,inflation,inflation_be5,1,inflation_be5;inflation_be10,"{""inflation_be10"":-1.0965608292173745,""inflation_be5"":-1.0663480816855113}",-0.9633224378216895,0.28719740700292873,"[1.0,1.0873936540181521]","[[0.3013612411874447,-0.005292023542136603],[-0.005292023542136603,0.14279751254232229]]",development_only
NFP_201206_REL_20120706,2012-07-06,real_rate,real_h15_5y,1,real_h15_5y;real_h15_10y;real_tip,"{""real_h15_10y"":-0.5994085029416899,""real_h15_5y"":0.0,""real_tip"":-0.6052493599860377}",-0.5204875535919521,0.16370212832892353,"[1.0,1.0401143342141086,1.003450670631514]","[[0.15039777974575336,0.001788716327518765,-0.0014618364893762962],[0.001788716327518765,0.05481041486702631,-0.0010180020833655764],[-0.0014618364893762962,-0.0010180020833655764,0.09579282466715085]]",development_only
NFP_201206_REL_20120706,2012-07-06,gold,gold_gld,1,gold_gld;gold_gc,"{""gold_gc"":-1.5714291273944696,""gold_gld"":-1.215521986370252}",-1.3931641075896755,0.14407797262134509,"[1.0,0.9874633095069]","[[0.04452140210692934,0.0003988324237603496],[0.0003988324237603496,0.03760578419298342]]",development_only
NFP_201206_REL_20120706,2012-07-06,dollar,dollar_dxy,1,dollar_dxy;dollar_uup,"{""dollar_dxy"":1.352628228005047,""dollar_uup"":1.3890818359021566}",1.4079038949542126,0.2945329642650714,"[1.0,1.021562219282586]","[[0.2589368952533541,-0.013517004820323596],[-0.013517004820323596,0.15618573469252106]]",development_only
NFP_201207_REL_20120803,2012-08-03,policy,policy_h15_2y,1,policy_h15_2y;policy_h15_1y;policy_zt,"{""policy_h15_1y"":-1.145249705407603,""policy_h15_2y"":0.0,""policy_zt"":1.0557984517222136}",-0.24385015873215912,0.25360281467310003,"[1.0,1.0015566389895747,1.0013887142932434]","[[0.15113762967151154,0.001442112472435725,0.011203363669752671],[0.001442112472435725,0.17153781791263525,-0.020486319129869396],[0.011203363669752671,-0.020486319129869396,0.3750939524360022]]",development_only
NFP_201207_REL_20120803,2012-08-03,inflation,inflation_be5,1,inflation_be5;inflation_be10,"{""inflation_be10"":2.182929448051862,""inflation_be5"":1.1089667223345527}",1.7509066435410356,0.28719740700292873,"[1.0,1.0873936540181521]","[[0.3013612411874447,-0.005292023542136603],[-0.005292023542136603,0.14279751254232229]]",development_only
NFP_201207_REL_20120803,2012-08-03,real_rate,real_h15_5y,1,real_h15_5y;real_h15_10y;real_tip,"{""real_h15_10y"":0.890921852592967,""real_h15_5y"":0.5980972253962379,""real_tip"":0.7468258533257959}",0.7319737462341958,0.16370212832892353,"[1.0,1.0401143342141086,1.003450670631514]","[[0.15039777974575336,0.001788716327518765,-0.0014618364893762962],[0.001788716327518765,0.05481041486702631,-0.0010180020833655764],[-0.0014618364893762962,-0.0010180020833655764,0.09579282466715085]]",development_only
NFP_201207_REL_20120803,2012-08-03,gold,gold_gld,1,gold_gld;gold_gc,"{""gold_gc"":0.9410070309302869,""gold_gld"":0.8721165569087912}",0.9272423533049502,0.14407797262134509,"[1.0,0.9874633095069]","[[0.04452140210692934,0.0003988324237603496],[0.0003988324237603496,0.03760578419298342]]",development_only
NFP_201207_REL_20120803,2012-08-03,dollar,dollar_dxy,1,dollar_dxy;dollar_uup,"{""dollar_dxy"":-2.590141957287891,""dollar_uup"":-2.4869800959302215}",-2.3584605384126744,0.2945329642650714,"[1.0,1.021562219282586]","[[0.2589368952533541,-0.013517004820323596],[-0.013517004820323596,0.15618573469252106]]",development_only
NFP_201208_REL_20120907,2012-09-07,policy,policy_h15_2y,1,policy_h15_2y;policy_h15_1y;policy_zt,"{""policy_h15_1y"":0.0,""policy_h15_2y"":-1.3037161919891131,""policy_zt"":-1.2332344901524372}",-0.7396828544819686,0.25360281467310003,"[1.0,1.0015566389895747,1.0013887142932434]","[[0.15113762967151154,0.001442112472435725,0.011203363669752671],[0.001442112472435725,0.17153781791263525,-0.020486319129869396],[0.011203363669752671,-0.020486319129869396,0.3750939524360022]]",development_only
NFP_201208_REL_20120907,2012-09-07,inflation,inflation_be5,1,inflation_be5;inflation_be10,"{""inflation_be10"":1.5105174301756104,""inflation_be5"":0.5582290912428747}",1.1645568999783025,0.28719740700292873,"[1.0,1.0873936540181521]","[[0.3013612411874447,-0.005292023542136603],[-0.005292023542136603,0.14279751254232229]]",development_only
NFP_201208_REL_20120907,2012-09-07,real_rate,real_h15_5y,1,real_h15_5y;real_h15_10y;real_tip,"{""real_h15_10y"":-1.404957051238469,""real_h15_5y"":-1.4914533707227864,""real_tip"":-1.1464421477742959}",-1.3470683924907965,0.16370212832892353,"[1.0,1.0401143342141086,1.003450670631514]","[[0.15039777974575336,0.001788716327518765,-0.0014618364893762962],[0.001788716327518765,0.05481041486702631,-0.0010180020833655764],[-0.0014618364893762962,-0.0010180020833655764,0.09579282466715085]]",development_only
NFP_201208_REL_20120907,2012-09-07,gold,gold_gld,1,gold_gld;gold_gc,"{""gold_gc"":2.0229603371207947,""gold_gld"":2.5316947964252927}",2.2774288812226637,0.14407797262134509,"[1.0,0.9874633095069]","[[0.04452140210692934,0.0003988324237603496],[0.0003988324237603496,0.03760578419298342]]",development_only
NFP_201208_REL_20120907,2012-09-07,dollar,dollar_dxy,1,dollar_dxy;dollar_uup,"{""dollar_dxy"":-2.332246250272944,""dollar_uup"":-2.275370943620499}",-2.1372196500151563,0.2945329642650714,"[1.0,1.021562219282586]","[[0.2589368952533541,-0.013517004820323596],[-0.013517004820323596,0.15618573469252106]]",development_only
NFP_201209_REL_20121005,2012-10-05,policy,policy_h15_2y,1,policy_h15_2y;policy_h15_1y;policy_zt,"{""policy_h15_1y"":0.0,""policy_h15_2y"":2.5108845865442886,""policy_zt"":1.2549821328506974}",1.2684220494537841,0.25360281467310003,"[1.0,1.0015566389895747,1.0013887142932434]","[[0.15113762967151154,0.001442112472435725,0.011203363669752671],[0.001442112472435725,0.17153781791263525,-0.020486319129869396],[0.011203363669752671,-0.020486319129869396,0.3750939524360022]]",development_only
NFP_201209_REL_20121005,2012-10-05,inflation,inflation_be5,1,inflation_be5;inflation_be10,"{""inflation_be10"":0.2638883496480315,""inflation_be5"":0.7003038386387551}",0.4088737573983316,0.28719740700292873,"[1.0,1.0873936540181521]","[[0.3013612411874447,-0.005292023542136603],[-0.005292023542136603,0.14279751254232229]]",development_only
NFP_201209_REL_20121005,2012-10-05,real_rate,real_h15_5y,1,real_h15_5y;real_h15_10y;real_tip,"{""real_h15_10y"":1.0762462059520082,""real_h15_5y"":0.22688143547112935,""real_tip"":0.7072251482771862}",0.749774604128562,0.16370212832892353,"[1.0,1.0401143342141086,1.003450670631514]","[[0.15039777974575336,0.001788716327518765,-0.0014618364893762962],[0.001788716327518765,0.05481041486702631,-0.0010180020833655764],[-0.0014618364893762962,-0.0010180020833655764,0.09579282466715085]]",development_only
NFP_201209_REL_20121005,2012-10-05,gold,gold_gld,1,gold_gld;gold_gc,"{""gold_gc"":-1.1116703905674994,""gold_gld"":-0.8182295752216415}",-0.9615003659302304,0.14407797262134509,"[1.0,0.9874633095069]","[[0.04452140210692934,0.0003988324237603496],[0.0003988324237603496,0.03760578419298342]]",development_only
NFP_201209_REL_20121005,2012-10-05,dollar,dollar_dxy,1,dollar_dxy;dollar_uup,"{""dollar_dxy"":-0.03220342135765213,""dollar_uup"":0.0}",0.06844851952168222,0.2945329642650714,"[1.0,1.021562219282586]","[[0.2589368952533541,-0.013517004820323596],[-0.013517004820323596,0.15618573469252106]]",development_only
NFP_201210_REL_20121102,2012-11-02,policy,policy_h15_2y,1,policy_h15_2y;policy_h15_1y;policy_zt,"{""policy_h15_1y"":1.215509126825324,""policy_h15_2y"":-1.146950782773519,""policy_zt"":0.3237967161645775}",0.08470213286109905,0.25360281467310003,"[1.0,1.0015566389895747,1.0013887142932434]","[[0.15113762967151154,0.001442112472435725,0.011203363669752671],[0.001442112472435725,0.17153781791263525,-0.020486319129869396],[0.011203363669752671,-0.020486319129869396,0.3750939524360022]]",development_only
NFP_201210_REL_20121102,2012-11-02,inflation,inflation_be5,1,inflation_be5;inflation_be10,"{""inflation_be10"":-1.091348684621312,""inflation_be5"":-0.23700016549847358}",-0.7237014362465516,0.28719740700292873,"[1.0,1.0873936540181521]","[[0.3013612411874447,-0.005292023542136603],[-0.005292023542136603,0.14279751254232229]]",development_only
NFP_201210_REL_20121102,2012-11-02,real_rate,real_h15_5y,1,real_h15_5y;real_h15_10y;real_tip,"{""real_h15_10y"":0.9897518775536885,""real_h15_5y"":0.21868316783341188,""real_tip"":0.18304389904002166}",0.5530087528685361,0.16370212832892353,"[1.0,1.0401143342141086,1.003450670631514]","[[0.15039777974575336,0.001788716327518765,-0.0014618364893762962],[0.001788716327518765,0.05481041486702631,-0.0010180020833655764],[-0.0014618364893762962,-0.0010180020833655764,0.09579282466715085]]",development_only
NFP_201210_REL_20121102,2012-11-02,gold,gold_gld,1,gold_gld;gold_gc,"{""gold_gc"":-3.173985229042717,""gold_gld"":-2.913275405500461}",-3.0421809234091306,0.14407797262134509,"[1.0,0.9874633095069]","[[0.04452140210692934,0.0003988324237603496],[0.0003988324237603496,0.03760578419298342]]",development_only
NFP_201210_REL_20121102,2012-11-02,dollar,dollar_dxy,1,dollar_dxy;dollar_uup,"{""dollar_dxy"":1.9610066150678056,""dollar_uup"":1.9216680067354874}",1.9498220667085513,0.2945329642650714,"[1.0,1.021562219282586]","[[0.2589368952533541,-0.013517004820323596],[-0.013517004820323596,0.15618573469252106]]",development_only
NFP_201211_REL_20121207,2012-12-07,policy,policy_h15_2y,1,policy_h15_2y;policy_h15_1y;policy_zt,"{""policy_h15_1y"":0.0,""policy_h15_2y"":0.0,""policy_zt"":-0.38207366553767425}",-0.05323469510584173,0.25360281467310003,"[1.0,1.0015566389895747,1.0013887142932434]","[[0.15113762967151154,0.001442112472435725,0.011203363669752671],[0.001442112472435725,0.17153781791263525,-0.020486319129869396],[0.011203363669752671,-0.020486319129869396,0.3750939524360022]]",development_only
NFP_201211_REL_20121207,2012-12-07,inflation,inflation_be5,1,inflation_be5;inflation_be10,"{""inflation_be10"":1.1123167354956887,""inflation_be5"":0.9830419625989195}",1.031280077456891,0.28719740700292873,"[1.0,1.0873936540181521]","[[0.3013612411874447,-0.005292023542136603],[-0.005292023542136603,0.14279751254232229]]",development_only
NFP_201211_REL_20121207,2012-12-07,real_rate,real_h15_5y,1,real_h15_5y;real_h15_10y;real_tip,"{""real_h15_10y"":0.28566817673541484,""real_h15_5y"":-0.2665870204213779,""real_tip"":0.45279057068557127}",0.188206063255556,0.16370212832892353,"[1.0,1.0401143342141086,1.003450670631514]","[[0.15039777974575336,0.001788716327518765,-0.0014618364893762962],[0.001788716327518765,0.05481041486702631,-0.0010180020833655764],[-0.0014618364893762962,-0.0010180020833655764,0.09579282466715085]]",development_only
NFP_201211_REL_20121207,2012-12-07,gold,gold_gld,1,gold_gld;gold_gc,"{""gold_gc"":0.270286271790752,""gold_gld"":0.5421647116572716}",0.41269400217015556,0.14407797262134509,"[1.0,0.9874633095069]","[[0.04452140210692934,0.0003988324237603496],[0.0003988324237603496,0.03760578419298342]]",development_only
NFP_201211_REL_20121207,2012-12-07,dollar,dollar_dxy,1,dollar_dxy;dollar_uup,"{""dollar_dxy"":0.5936806675656627,""dollar_uup"":0.5362089893780828}",0.6189493739593307,0.2945329642650714,"[1.0,1.021562219282586]","[[0.2589368952533541,-0.013517004820323596],[-0.013517004820323596,0.15618573469252106]]",development_only
NFP_201212_REL_20130104,2013-01-04,policy,policy_h15_2y,1,policy_h15_2y;policy_h15_1y;policy_zt,"{""policy_h15_1y"":0.0,""policy_h15_2y"":0.0,""policy_zt"":0.7424786014354613}",0.15031483113825295,0.25360281467310003,"[1.0,1.0015566389895747,1.0013887142932434]","[[0.15113762967151154,0.001442112472435725,0.011203363669752671],[0.001442112472435725,0.17153781791263525,-0.020486319129869396],[0.011203363669752671,-0.020486319129869396,0.3750939524360022]]",development_only
NFP_201212_REL_20130104,2013-01-04,inflation,inflation_be5,1,inflation_be5;inflation_be10,"{""inflation_be10"":0.8199979268440187,""inflation_be5"":0.684166426911162}",0.7594364756479031,0.28719740700292873,"[1.0,1.0873936540181521]","[[0.3013612411874447,-0.005292023542136603],[-0.005292023542136603,0.14279751254232229]]",development_only
NFP_201212_REL_20130104,2013-01-04,real_rate,real_h15_5y,1,real_h15_5y;real_h15_10y;real_tip,"{""real_h15_10y"":-0.290116319805644,""real_h15_5y"":-0.36583106659577985,""real_tip"":0.1537269326148561}",-0.20812780839172693,0.16370212832892353,"[1.0,1.0401143342141086,1.003450670631514]","[[0.15039777974575336,0.001788716327518765,-0.0014618364893762962],[0.001788716327518765,0.05481041486702631,-0.0010180020833655764],[-0.0014618364893762962,-0.0010180020833655764,0.09579282466715085]]",development_only
NFP_201212_REL_20130104,2013-01-04,gold,gold_gld,1,gold_gld;gold_gc,"{""gold_gc"":-1.9317775884581667,""gold_gld"":-0.6604166707980434}",-1.3316844433114265,0.14407797262134509,"[1.0,0.9874633095069]","[[0.04452140210692934,0.0003988324237603496],[0.0003988324237603496,0.03760578419298342]]",development_only
NFP_201212_REL_20130104,2013-01-04,dollar,dollar_dxy,1,dollar_dxy;dollar_uup,"{""dollar_dxy"":0.29829507573245767,""dollar_uup"":0.0}",0.18950851964567691,0.2945329642650714,"[1.0,1.021562219282586]","[[0.2589368952533541,-0.013517004820323596],[-0.013517004820323596,0.15618573469252106]]",development_only
NFP_201301_REL_20130201,2013-02-01,policy,policy_h15_2y,1,policy_h15_2y;policy_h15_1y;policy_zt,"{""policy_h15_1y"":0.0,""policy_h15_2y"":0.0,""policy_zt"":-0.0}",0.015922529413270946,0.25360281467310003,"[1.0,1.0015566389895747,1.0013887142932434]","[[0.15113762967151154,0.001442112472435725,0.011203363669752671],[0.001442112472435725,0.17153781791263525,-0.020486319129869396],[0.011203363669752671,-0.020486319129869396,0.3750939524360022]]",development_only
NFP_201301_REL_20130201,2013-02-01,inflation,inflation_be5,1,inflation_be5;inflation_be10,"{""inflation_be10"":0.0,""inflation_be5"":0.322483022262365}",0.13269476370112263,0.28719740700292873,"[1.0,1.0873936540181521]","[[0.3013612411874447,-0.005292023542136603],[-0.005292023542136603,0.14279751254232229]]",development_only
NFP_201301_REL_20130201,2013-02-01,real_rate,real_h15_5y,1,real_h15_5y;real_h15_10y;real_tip,"{""real_h15_10y"":0.6393559114642217,""real_h15_5y"":-0.29661945197788675,""real_tip"":2.000137115878018}",0.8095438617378437,0.16370212832892353,"[1.0,1.0401143342141086,1.003450670631514]","[[0.15039777974575336,0.001788716327518765,-0.0014618364893762962],[0.001788716327518765,0.05481041486702631,-0.0010180020833655764],[-0.0014618364893762962,-0.0010180020833655764,0.09579282466715085]]",development_only
NFP_201301_REL_20130201,2013-02-01,gold,gold_gld,1,gold_gld;gold_gc,"{""gold_gc"":0.6564660157229245,""gold_gld"":0.23661626390370727}",0.4803154255277402,0.14407797262134509,"[1.0,0.9874633095069]","[[0.04452140210692934,0.0003988324237603496],[0.0003988324237603496,0.03760578419298342]]",development_only
NFP_201301_REL_20130201,2013-02-01,dollar,dollar_dxy,1,dollar_dxy;dollar_uup,"{""dollar_dxy"":-0.3391759630593731,""dollar_uup"":-0.30531709501608545}",-0.2269093582535781,0.2945329642650714,"[1.0,1.021562219282586]","[[0.2589368952533541,-0.013517004820323596],[-0.013517004820323596,0.15618573469252106]]",development_only
NFP_201302_REL_20130308,2013-03-08,policy,policy_h15_2y,1,policy_h15_2y;policy_h15_1y;policy_zt,"{""policy_h15_1y"":0.0,""policy_h15_2y"":1.262772582294451,""policy_zt"":-0.0}",0.5315866878994684,0.25360281467310003,"[1.0,1.0015566389895747,1.0013887142932434]","[[0.15113762967151154,0.001442112472435725,0.011203363669752671],[0.001442112472435725,0.17153781791263525,-0.020486319129869396],[0.011203363669752671,-0.020486319129869396,0.3750939524360022]]",development_only
NFP_201302_REL_20130308,2013-03-08,inflation,inflation_be5,1,inflation_be5;inflation_be10,"{""inflation_be10"":0.0,""inflation_be5"":-1.1717044063342743}",-0.29301911364960537,0.28719740700292873,"[1.0,1.0873936540181521]","[[0.3013612411874447,-0.005292023542136603],[-0.005292023542136603,0.14279751254232229]]",development_only
NFP_201302_REL_20130308,2013-03-08,real_rate,real_h15_5y,1,real_h15_5y;real_h15_10y;real_tip,"{""real_h15_10y"":1.977777088032107,""real_h15_5y"":2.1989572877745984,""real_tip"":1.2765761086686152}",1.7173466917337887,0.16370212832892353,"[1.0,1.0401143342141086,1.003450670631514]","[[0.15039777974575336,0.001788716327518765,-0.0014618364893762962],[0.001788716327518765,0.05481041486702631,-0.0010180020833655764],[-0.0014618364893762962,-0.0010180020833655764,0.09579282466715085]]",development_only
NFP_201302_REL_20130308,2013-03-08,gold,gold_gld,1,gold_gld;gold_gc,"{""gold_gc"":0.14505482992864827,""gold_gld"":0.018477663381557433}",0.1034135162126444,0.14407797262134509,"[1.0,0.9874633095069]","[[0.04452140210692934,0.0003988324237603496],[0.0003988324237603496,0.03760578419298342]]",development_only
NFP_201302_REL_20130308,2013-03-08,dollar,dollar_dxy,1,dollar_dxy;dollar_uup,"{""dollar_dxy"":2.348392661938836,""dollar_uup"":2.3740505668017393}",2.3627418699725755,0.2945329642650714,"[1.0,1.021562219282586]","[[0.2589368952533541,-0.013517004820323596],[-0.013517004820323596,0.15618573469252106]]",development_only
NFP_201303_REL_20130405,2013-04-05,policy,policy_h15_2y,1,policy_h15_2y;policy_h15_1y;policy_zt,"{""policy_h15_1y"":0.0,""policy_h15_2y"":1.2688599942658452,""policy_zt"":-0.0}",0.5340725354824781,0.25360281467310003,"[1.0,1.0015566389895747,1.0013887142932434]","[[0.15113762967151154,0.001442112472435725,0.011203363669752671],[0.001442112472435725,0.17153781791263525,-0.020486319129869396],[0.011203363669752671,-0.020486319129869396,0.3750939524360022]]",development_only
NFP_201303_REL_20130405,2013-04-05,inflation,inflation_be5,1,inflation_be5;inflation_be10,"{""inflation_be10"":-1.1523159106727225,""inflation_be5"":-0.8582717325695416}",-0.9396468107361651,0.28719740700292873,"[1.0,1.0873936540181521]","[[0.3013612411874447,-0.005292023542136603],[-0.005292023542136603,0.14279751254232229]]",development_only
NFP_201303_REL_20130405,2013-04-05,real_rate,real_h15_5y,1,real_h15_5y;real_h15_10y;real_tip,"{""real_h15_10y"":-1.4950589496155584,""real_h15_5y"":0.4722204209733551,""real_tip"":-1.8420331802298389}",-1.2501988174661665,0.16370212832892353,"[1.0,1.0401143342141086,1.003450670631514]","[[0.15039777974575336,0.001788716327518765,-0.0014618364893762962],[0.001788716327518765,0.05481041486702631,-0.0010180020833655764],[-0.0014618364893762962,-0.0010180020833655764,0.09579282466715085]]",development_only
NFP_201303_REL_20130405,2013-04-05,gold,gold_gld,1,gold_gld;gold_gc,"{""gold_gc"":2.0412848425839685,""gold_gld"":2.3970228981523025}",2.2251885120626436,0.14407797262134509,"[1.0,0.9874633095069]","[[0.04452140210692934,0.0003988324237603496],[0.0003988324237603496,0.03760578419298342]]",development_only
NFP_201303_REL_20130405,2013-04-05,dollar,dollar_dxy,1,dollar_dxy;dollar_uup,"{""dollar_dxy"":-0.6362361535097026,""dollar_uup"":-0.5019527176848556}",-0.45352537317354175,0.2945329642650714,"[1.0,1.021562219282586]","[[0.2589368952533541,-0.013517004820323596],[-0.013517004820323596,0.15618573469252106]]",development_only
NFP_201304_REL_20130503,2013-05-03,policy,policy_h15_2y,1,policy_h15_2y;policy_h15_1y;policy_zt,"{""policy_h15_1y"":0.0,""policy_h15_2y"":1.5197283620991562,""policy_zt"":2.3428646287581656}",1.0605869074450844,0.25360281467310003,"[1.0,1.0015566389895747,1.0013887142932434]","[[0.15113762967151154,0.001442112472435725,0.011203363669752671],[0.001442112472435725,0.17153781791263525,-0.020486319129869396],[0.011203363669752671,-0.020486319129869396,0.3750939524360022]]",development_only
NFP_201304_REL_20130503,2013-05-03,inflation,inflation_be5,1,inflation_be5;inflation_be10,"{""inflation_be10"":1.3462502676932517,""inflation_be5"":1.095317490111021}",1.2126709820735042,0.28719740700292873,"[1.0,1.0873936540181521]","[[0.3013612411874447,-0.005292023542136603],[-0.005292023542136603,0.14279751254232229]]",development_only
NFP_201304_REL_20130503,2013-05-03,real_rate,real_h15_5y,1,real_h15_5y;real_h15_10y;real_tip,"{""real_h15_10y"":2.931295018545744,""real_h15_5y"":1.0367076773850716,""real_tip"":2.715136913957314}",2.414018578799152,0.16370212832892353,"[1.0,1.0401143342141086,1.003450670631514]","[[0.15039777974575336,0.001788716327518765,-0.0014618364893762962],[0.001788716327518765,0.05481041486702631,-0.0010180020833655764],[-0.0014618364893762962,-0.0010180020833655764,0.09579282466715085]]",development_only
NFP_201304_REL_20130503,2013-05-03,gold,gold_gld,1,gold_gld;gold_gc,"{""gold_gc"":-0.1397298186126681,""gold_gld"":0.07473862268729425}",-0.024460359789578164,0.14407797262134509,"[1.0,0.9874633095069]","[[0.04452140210692934,0.0003988324237603496],[0.0003988324237603496,0.03760578419298342]]",development_only
NFP_201304_REL_20130503,2013-05-03,dollar,dollar_dxy,1,dollar_dxy;dollar_uup,"{""dollar_dxy"":-0.35282337445718953,""dollar_uup"":-0.11554795452658839}",-0.11821774039529957,0.2945329642650714,"[1.0,1.021562219282586]","[[0.2589368952533541,-0.013517004820323596],[-0.013517004820323596,0.15618573469252106]]",development_only
NFP_201305_REL_20130607,2013-06-07,policy,policy_h15_2y,1,policy_h15_2y;policy_h15_1y;policy_zt,"{""policy_h15_1y"":0.0,""policy_h15_2y"":1.3748702927863365,""policy_zt"":0.9822374417011349}",0.7551526006867141,0.25360281467310003,"[1.0,1.0015566389895747,1.0013887142932434]","[[0.15113762967151154,0.001442112472435725,0.011203363669752671],[0.001442112472435725,0.17153781791263525,-0.020486319129869396],[0.011203363669752671,-0.020486319129869396,0.3750939524360022]]",development_only
NFP_201305_REL_20130607,2013-06-07,inflation,inflation_be5,1,inflation_be5;inflation_be10,"{""inflation_be10"":0.3906565235598953,""inflation_be5"":0.6047333952568226}",0.4626052116277252,0.28719740700292873,"[1.0,1.0873936540181521]","[[0.3013612411874447,-0.005292023542136603],[-0.005292023542136603,0.14279751254232229]]",development_only
NFP_201305_REL_20130607,2013-06-07,real_rate,real_h15_5y,1,real_h15_5y;real_h15_10y;real_tip,"{""real_h15_10y"":2.048096940920949,""real_h15_5y"":2.1625462272027294,""real_tip"":1.9168228892831851}",1.9316068240745703,0.16370212832892353,"[1.0,1.0401143342141086,1.003450670631514]","[[0.15039777974575336,0.001788716327518765,-0.0014618364893762962],[0.001788716327518765,0.05481041486702631,-0.0010180020833655764],[-0.0014618364893762962,-0.0010180020833655764,0.09579282466715085]]",development_only
NFP_201305_REL_20130607,2013-06-07,gold,gold_gld,1,gold_gld;gold_gc,"{""gold_gc"":-1.3353616266866335,""gold_gld"":-1.3752504765628593}",-1.339346770951641,0.14407797262134509,"[1.0,0.9874633095069]","[[0.04452140210692934,0.0003988324237603496],[0.0003988324237603496,0.03760578419298342]]",development_only
NFP_201305_REL_20130607,2013-06-07,dollar,dollar_dxy,1,dollar_dxy;dollar_uup,"{""dollar_dxy"":0.45416610375858507,""dollar_uup"":0.29023585433964066}",0.4204834803153115,0.2945329642650714,"[1.0,1.021562219282586]","[[0.2589368952533541,-0.013517004820323596],[-0.013517004820323596,0.15618573469252106]]",development_only
NFP_201306_REL_20130705,2013-07-05,policy,policy_h15_2y,1,policy_h15_2y;policy_h15_1y;policy_zt,"{""policy_h15_1y"":1.2630570866536497,""policy_h15_2y"":2.1427644967928607,""policy_zt"":2.115953854693952}",1.7711945953846862,0.25360281467310003,"[1.0,1.0015566389895747,1.0013887142932434]","[[0.15113762967151154,0.001442112472435725,0.011203363669752671],[0.001442112472435725,0.17153781791263525,-0.020486319129869396],[0.011203363669752671,-0.020486319129869396,0.3750939524360022]]",development_only
NFP_201306_REL_20130705,2013-07-05,inflation,inflation_be5,1,inflation_be5;inflation_be10,"{""inflation_be10"":1.005714015658255,""inflation_be5"":1.1042415596107389}",0.9977294172065928,0.28719740700292873,"[1.0,1.0873936540181521]","[[0.3013612411874447,-0.005292023542136603],[-0.005292023542136603,0.14279751254232229]]",development_only
NFP_201306_REL_20130705,2013-07-05,real_rate,real_h15_5y,1,real_h15_5y;real_h15_10y;real_tip,"{""real_h15_10y"":3.289511784098876,""real_h15_5y"":2.4461603736260504,""real_tip"":3.117878857147557}",2.958942939847185,0.16370212832892353,"[1.0,1.0401143342141086,1.003450670631514]","[[0.15039777974575336,0.001788716327518765,-0.0014618364893762962],[0.001788716327518765,0.05481041486702631,-0.0010180020833655764],[-0.0014618364893762962,-0.0010180020833655764,0.09579282466715085]]",development_only
NFP_201306_REL_20130705,2013-07-05,gold,gold_gld,1,gold_gld;gold_gc,"{""gold_gc"":-1.566274909049276,""gold_gld"":-1.0978616989638355}",-1.3360904549307262,0.14407797262134509,"[1.0,0.9874633095069]","[[0.04452140210692934,0.0003988324237603496],[0.0003988324237603496,0.03760578419298342]]",development_only
NFP_201306_REL_20130705,2013-07-05,dollar,dollar_dxy,1,dollar_dxy;dollar_uup,"{""dollar_dxy"":2.9428065082395176,""dollar_uup"":3.007677511210523}",2.9600783757122326,0.2945329642650714,"[1.0,1.021562219282586]","[[0.2589368952533541,-0.013517004820323596],[-0.013517004820323596,0.15618573469252106]]",development_only
NFP_201307_REL_20130802,2013-08-02,policy,policy_h15_2y,1,policy_h15_2y;policy_h15_1y;policy_zt,"{""policy_h15_1y"":-2.2939015655470434,""policy_h15_2y"":-2.3193990992561613,""policy_zt"":-1.724963515428566}",-2.1465454576075516,0.25360281467310003,"[1.0,1.0015566389895747,1.0013887142932434]","[[0.15113762967151154,0.001442112472435725,0.011203363669752671],[0.001442112472435725,0.17153781791263525,-0.020486319129869396],[0.011203363669752671,-0.020486319129869396,0.3750939524360022]]",development_only
NFP_201307_REL_20130802,2013-08-02,inflation,inflation_be5,1,inflation_be5;inflation_be10,"{""inflation_be10"":-1.7957584968264468,""inflation_be5"":-0.8856421388347024}",-1.3583808840967422,0.28719740700292873,"[1.0,1.0873936540181521]","[[0.3013612411874447,-0.005292023542136603],[-0.005292023542136603,0.14279751254232229]]",development_only
NFP_201307_REL_20130802,2013-08-02,real_rate,real_h15_5y,1,real_h15_5y;real_h15_10y;real_tip,"{""real_h15_10y"":-0.9232281679739051,""real_h15_5y"":-1.559938396869518,""real_tip"":-1.0001219201368678}",-1.0719859380593575,0.16370212832892353,"[1.0,1.0401143342141086,1.003450670631514]","[[0.15039777974575336,0.001788716327518765,-0.0014618364893762962],[0.001788716327518765,0.05481041486702631,-0.0010180020833655764],[-0.0014618364893762962,-0.0010180020833655764,0.09579282466715085]]",development_only
NFP_201307_REL_20130802,2013-08-02,gold,gold_gld,1,gold_gld;gold_gc,"{""gold_gc"":-0.01937893760294901,""gold_gld"":-0.1231846492773393}",-0.050773499895390525,0.14407797262134509,"[1.0,0.9874633095069]","[[0.04452140210692934,0.0003988324237603496],[0.0003988324237603496,0.03760578419298342]]",development_only
NFP_201307_REL_20130802,2013-08-02,dollar,dollar_dxy,1,dollar_dxy;dollar_uup,"{""dollar_dxy"":-0.9389852443092781,""dollar_uup"":-0.9736748264561809}",-0.8470293831116884,0.2945329642650714,"[1.0,1.021562219282586]","[[0.2589368952533541,-0.013517004820323596],[-0.013517004820323596,0.15618573469252106]]",development_only
NFP_201308_REL_20130906,2013-09-06,policy,policy_h15_2y,1,policy_h15_2y;policy_h15_1y;policy_zt,"{""policy_h15_1y"":-2.0918347350387068,""policy_h15_2y"":-2.4755002641874073,""policy_zt"":-2.3973933081971293}",-2.2524514357569125,0.25360281467310003,"[1.0,1.0015566389895747,1.0013887142932434]","[[0.15113762967151154,0.001442112472435725,0.011203363669752671],[0.001442112472435725,0.17153781791263525,-0.020486319129869396],[0.011203363669752671,-0.020486319129869396,0.3750939524360022]]",development_only
NFP_201308_REL_20130906,2013-09-06,inflation,inflation_be5,1,inflation_be5;inflation_be10,"{""inflation_be10"":0.37259760289786703,""inflation_be5"":0.0}",0.2787752564309675,0.28719740700292873,"[1.0,1.0873936540181521]","[[0.3013612411874447,-0.005292023542136603],[-0.005292023542136603,0.14279751254232229]]",development_only
NFP_201308_REL_20130906,2013-09-06,real_rate,real_h15_5y,1,real_h15_5y;real_h15_10y;real_tip,"{""real_h15_10y"":-0.7113412146429097,""real_h15_5y"":-1.0828011846910541,""real_tip"":-0.7549304725040696}",-0.8100269917101028,0.16370212832892353,"[1.0,1.0401143342141086,1.003450670631514]","[[0.15039777974575336,0.001788716327518765,-0.0014618364893762962],[0.001788716327518765,0.05481041486702631,-0.0010180020833655764],[-0.0014618364893762962,-0.0010180020833655764,0.09579282466715085]]",development_only
NFP_201308_REL_20130906,2013-09-06,gold,gold_gld,1,gold_gld;gold_gc,"{""gold_gc"":0.6371089515006269,""gold_gld"":0.9816010510225247}",0.8136017066854239,0.14407797262134509,"[1.0,0.9874633095069]","[[0.04452140210692934,0.0003988324237603496],[0.0003988324237603496,0.03760578419298342]]",development_only
NFP_201308_REL_20130906,2013-09-06,dollar,dollar_dxy,1,dollar_dxy;dollar_uup,"{""dollar_dxy"":-1.1996516346651809,""dollar_uup"":-1.1985431045649857}",-1.0772286951454206,0.2945329642650714,"[1.0,1.021562219282586]","[[0.2589368952533541,-0.013517004820323596],[-0.013517004820323596,0.15618573469252106]]",development_only
NFP_201309_REL_20131022,2013-10-22,policy,policy_h15_2y,1,policy_h15_2y;policy_h15_1y;policy_zt,"{""policy_h15_1y"":-0.9385180463975019,""policy_h15_2y"":-0.8130776649430178,""policy_zt"":-1.1183795672285093}",-0.8880255491502786,0.25360281467310003,"[1.0,1.0015566389895747,1.0013887142932434]","[[0.15113762967151154,0.001442112472435725,0.011203363669752671],[0.001442112472435725,0.17153781791263525,-0.020486319129869396],[0.011203363669752671,-0.020486319129869396,0.3750939524360022]]",development_only
NFP_201309_REL_20131022,2013-10-22,inflation,inflation_be5,1,inflation_be5;inflation_be10,"{""inflation_be10"":-0.8052766082701486,""inflation_be5"":-1.06548686415961}",-0.7770478215781668,0.28719740700292873,"[1.0,1.0873936540181521]","[[0.3013612411874447,-0.005292023542136603],[-0.005292023542136603,0.14279751254232229]]",development_only
NFP_201309_REL_20131022,2013-10-22,real_rate,real_h15_5y,1,real_h15_5y;real_h15_10y;real_tip,"{""real_h15_10y"":-1.2277211695140688,""real_h15_5y"":-0.7933081422905087,""real_tip"":-1.228067234719311}",-1.1584344876778054,0.16370212832892353,"[1.0,1.0401143342141086,1.003450670631514]","[[0.15039777974575336,0.001788716327518765,-0.0014618364893762962],[0.001788716327518765,0.05481041486702631,-0.0010180020833655764],[-0.0014618364893762962,-0.0010180020833655764,0.09579282466715085]]",development_only
NFP_201309_REL_20131022,2013-10-22,gold,gold_gld,1,gold_gld;gold_gc,"{""gold_gc"":1.4358944538178997,""gold_gld"":1.3872575035082528}",1.4322580254561048,0.14407797262134509,"[1.0,0.9874633095069]","[[0.04452140210692934,0.0003988324237603496],[0.0003988324237603496,0.03760578419298342]]",development_only
NFP_201309_REL_20131022,2013-10-22,dollar,dollar_dxy,1,dollar_dxy;dollar_uup,"{""dollar_dxy"":-1.4559475017150803,""dollar_uup"":-1.449963776586475}",-1.3217346317587937,0.2945329642650714,"[1.0,1.021562219282586]","[[0.2589368952533541,-0.013517004820323596],[-0.013517004820323596,0.15618573469252106]]",development_only
NFP_201310_REL_20131108,2013-11-08,policy,policy_h15_2y,1,policy_h15_2y;policy_h15_1y;policy_zt,"{""policy_h15_1y"":0.9678614340342678,""policy_h15_2y"":1.2910282174400864,""policy_zt"":1.140687578917305}",1.1306360331299625,0.25360281467310003,"[1.0,1.0015566389895747,1.0013887142932434]","[[0.15113762967151154,0.001442112472435725,0.011203363669752671],[0.001442112472435725,0.17153781791263525,-0.020486319129869396],[0.011203363669752671,-0.020486319129869396,0.3750939524360022]]",development_only
NFP_201310_REL_20131108,2013-11-08,inflation,inflation_be5,1,inflation_be5;inflation_be10,"{""inflation_be10"":0.43388687175996643,""inflation_be5"":0.3679727119891721}",0.42275809045142865,0.28719740700292873,"[1.0,1.0873936540181521]","[[0.3013612411874447,-0.005292023542136603],[-0.005292023542136603,0.14279751254232229]]",development_only
NFP_201310_REL_20131108,2013-11-08,real_rate,real_h15_5y,1,real_h15_5y;real_h15_10y;real_tip,"{""real_h15_10y"":2.3575787497792464,""real_h15_5y"":1.5885831229893732,""real_tip"":2.1814900954245133}",2.064901587142839,0.16370212832892353,"[1.0,1.0401143342141086,1.003450670631514]","[[0.15039777974575336,0.001788716327518765,-0.0014618364893762962],[0.001788716327518765,0.05481041486702631,-0.0010180020833655764],[-0.0014618364893762962,-0.0010180020833655764,0.09579282466715085]]",development_only
NFP_201310_REL_20131108,2013-11-08,gold,gold_gld,1,gold_gld;gold_gc,"{""gold_gc"":-1.3144828931968606,""gold_gld"":-1.1590861812724076}",-1.228328543426227,0.14407797262134509,"[1.0,0.9874633095069]","[[0.04452140210692934,0.0003988324237603496],[0.0003988324237603496,0.03760578419298342]]",development_only
NFP_201310_REL_20131108,2013-11-08,dollar,dollar_dxy,1,dollar_dxy;dollar_uup,"{""dollar_dxy"":1.318906108443023,""dollar_uup"":1.5418283215856734}",1.4870619900967408,0.2945329642650714,"[1.0,1.021562219282586]","[[0.2589368952533541,-0.013517004820323596],[-0.013517004820323596,0.15618573469252106]]",development_only
NFP_201311_REL_20131206,2013-12-06,policy,policy_h15_2y,1,policy_h15_2y;policy_h15_1y;policy_zt,"{""policy_h15_1y"":0.0,""policy_h15_2y"":0.0,""policy_zt"":0.24237761179239073}",0.059794076785016914,0.25360281467310003,"[1.0,1.0015566389895747,1.0013887142932434]","[[0.15113762967151154,0.001442112472435725,0.011203363669752671],[0.001442112472435725,0.17153781791263525,-0.020486319129869396],[0.011203363669752671,-0.020486319129869396,0.3750939524360022]]",development_only
NFP_201311_REL_20131206,2013-12-06,inflation,inflation_be5,1,inflation_be5;inflation_be10,"{""inflation_be10"":-0.4732799653360236,""inflation_be5"":-0.4136289148776365}",-0.37929450664012554,0.28719740700292873,"[1.0,1.0873936540181521]","[[0.3013612411874447,-0.005292023542136603],[-0.005292023542136603,0.14279751254232229]]",development_only
NFP_201311_REL_20131206,2013-12-06,real_rate,real_h15_5y,1,real_h15_5y;real_h15_10y;real_tip,"{""real_h15_10y"":0.1924541168512488,""real_h15_5y"":0.5640547497474067,""real_tip"":0.026966541415339624}",0.16318056958845345,0.16370212832892353,"[1.0,1.0401143342141086,1.003450670631514]","[[0.15039777974575336,0.001788716327518765,-0.0014618364893762962],[0.001788716327518765,0.05481041486702631,-0.0010180020833655764],[-0.0014618364893762962,-0.0010180020833655764,0.09579282466715085]]",development_only
NFP_201311_REL_20131206,2013-12-06,gold,gold_gld,1,gold_gld;gold_gc,"{""gold_gc"":-0.16902528028562228,""gold_gld"":0.16169340569809643}",-0.00016330426610669622,0.14407797262134509,"[1.0,0.9874633095069]","[[0.04452140210692934,0.0003988324237603496],[0.0003988324237603496,0.03760578419298342]]",development_only
NFP_201311_REL_20131206,2013-12-06,dollar,dollar_dxy,1,dollar_dxy;dollar_uup,"{""dollar_dxy"":0.0,""dollar_uup"":0.0}",0.0802444769250452,0.2945329642650714,"[1.0,1.021562219282586]","[[0.2589368952533541,-0.013517004820323596],[-0.013517004820323596,0.15618573469252106]]",development_only
NFP_201312_REL_20140110,2014-01-10,policy,policy_h15_2y,1,policy_h15_2y;policy_h15_1y;policy_zt,"{""policy_h15_1y"":-1.1452497054076023,""policy_h15_2y"":-3.0207038957802625,""policy_zt"":-2.9369662121221443}",-2.2000910130817717,0.25360281467310003,"[1.0,1.0015566389895747,1.0013887142932434]","[[0.15113762967151154,0.001442112472435725,0.011203363669752671],[0.001442112472435725,0.17153781791263525,-0.020486319129869396],[0.011203363669752671,-0.020486319129869396,0.3750939524360022]]",development_only
NFP_201312_REL_20140110,2014-01-10,inflation,inflation_be5,1,inflation_be5;inflation_be10,"{""inflation_be10"":-1.1840524473264682,""inflation_be5"":-2.4561334105215296}",-1.415167462943085,0.28719740700292873,"[1.0,1.0873936540181521]","[[0.3013612411874447,-0.005292023542136603],[-0.005292023542136603,0.14279751254232229]]",development_only
NFP_201312_REL_20140110,2014-01-10,real_rate,real_h15_5y,1,real_h15_5y;real_h15_10y;real_tip,"{""real_h15_10y"":-1.5185232979731642,""real_h15_5y"":-0.5817522818147047,""real_tip"":-1.7534033326926215}",-1.4209154670125403,0.16370212832892353,"[1.0,1.0401143342141086,1.003450670631514]","[[0.15039777974575336,0.001788716327518765,-0.0014618364893762962],[0.001788716327518765,0.05481041486702631,-0.0010180020833655764],[-0.0014618364893762962,-0.0010180020833655764,0.09579282466715085]]",development_only
NFP_201312_REL_20140110,2014-01-10,gold,gold_gld,1,gold_gld;gold_gc,"{""gold_gc"":1.2083749241617905,""gold_gld"":1.3821825615016035}",1.3070163413604474,0.14407797262134509,"[1.0,0.9874633095069]","[[0.04452140210692934,0.0003988324237603496],[0.0003988324237603496,0.03760578419298342]]",development_only
NFP_201312_REL_20140110,2014-01-10,dollar,dollar_dxy,1,dollar_dxy;dollar_uup,"{""dollar_dxy"":-1.3468673798194772,""dollar_uup"":-1.2803733864108642}",-1.1801775917380632,0.2945329642650714,"[1.0,1.021562219282586]","[[0.2589368952533541,-0.013517004820323596],[-0.013517004820323596,0.15618573469252106]]",development_only
NFP_201401_REL_20140207,2014-02-07,policy,policy_h15_2y,1,policy_h15_2y;policy_h15_1y;policy_zt,"{""policy_h15_1y"":-1.1861682977236592,""policy_h15_2y"":-1.5405716939562772,""policy_zt"":-0.8074673896788852}",-1.2263257244847634,0.25360281467310003,"[1.0,1.0015566389895747,1.0013887142932434]","[[0.15113762967151154,0.001442112472435725,0.011203363669752671],[0.001442112472435725,0.17153781791263525,-0.020486319129869396],[0.011203363669752671,-0.020486319129869396,0.3750939524360022]]",development_only
NFP_201401_REL_20140207,2014-02-07,inflation,inflation_be5,1,inflation_be5;inflation_be10,"{""inflation_be10"":0.9297965603119556,""inflation_be5"":-1.267992375907136}",0.2733635753090366,0.28719740700292873,"[1.0,1.0873936540181521]","[[0.3013612411874447,-0.005292023542136603],[-0.005292023542136603,0.14279751254232229]]",development_only
NFP_201401_REL_20140207,2014-02-07,real_rate,real_h15_5y,1,real_h15_5y;real_h15_10y;real_tip,"{""real_h15_10y"":-0.8728774318100375,""real_h15_5y"":0.0,""real_tip"":-0.988185436045365}",-0.7700475444528746,0.16370212832892353,"[1.0,1.0401143342141086,1.003450670631514]","[[0.15039777974575336,0.001788716327518765,-0.0014618364893762962],[0.001788716327518765,0.05481041486702631,-0.0010180020833655764],[-0.0014618364893762962,-0.0010180020833655764,0.09579282466715085]]",development_only
NFP_201401_REL_20140207,2014-02-07,gold,gold_gld,1,gold_gld;gold_gc,"{""gold_gc"":0.4169205152299723,""gold_gld"":0.7079506068619187}",0.568397014557724,0.14407797262134509,"[1.0,0.9874633095069]","[[0.04452140210692934,0.0003988324237603496],[0.0003988324237603496,0.03760578419298342]]",development_only
NFP_201401_REL_20140207,2014-02-07,dollar,dollar_dxy,1,dollar_dxy;dollar_uup,"{""dollar_dxy"":-0.8268692199587286,""dollar_uup"":-1.1006583765392526}",-0.8820376082661943,0.2945329642650714,"[1.0,1.021562219282586]","[[0.2589368952533541,-0.013517004820323596],[-0.013517004820323596,0.15618573469252106]]",development_only
NFP_201402_REL_20140307,2014-03-07,policy,policy_h15_2y,1,policy_h15_2y;policy_h15_1y;policy_zt,"{""policy_h15_1y"":1.263057086653653,""policy_h15_2y"":0.5062780146688111,""policy_zt"":1.266489685157039}",0.9491638989579262,0.25360281467310003,"[1.0,1.0015566389895747,1.0013887142932434]","[[0.15113762967151154,0.001442112472435725,0.011203363669752671],[0.001442112472435725,0.17153781791263525,-0.020486319129869396],[0.011203363669752671,-0.020486319129869396,0.3750939524360022]]",development_only
NFP_201402_REL_20140307,2014-03-07,inflation,inflation_be5,1,inflation_be5;inflation_be10,"{""inflation_be10"":0.892412712786947,""inflation_be5"":-0.21786795307665352}",0.5486827262485247,0.28719740700292873,"[1.0,1.0873936540181521]","[[0.3013612411874447,-0.005292023542136603],[-0.005292023542136603,0.14279751254232229]]",development_only
NFP_201402_REL_20140307,2014-03-07,real_rate,real_h15_5y,1,real_h15_5y;real_h15_10y;real_tip,"{""real_h15_10y"":1.0511274489126774,""real_h15_5y"":1.7069559665956344,""real_tip"":0.750690979101792}",1.0084938303049846,0.16370212832892353,"[1.0,1.0401143342141086,1.003450670631514]","[[0.15039777974575336,0.001788716327518765,-0.0014618364893762962],[0.001788716327518765,0.05481041486702631,-0.0010180020833655764],[-0.0014618364893762962,-0.0010180020833655764,0.09579282466715085]]",development_only
NFP_201402_REL_20140307,2014-03-07,gold,gold_gld,1,gold_gld;gold_gc,"{""gold_gc"":-0.9761102032124546,""gold_gld"":-0.8258912799841219}",-0.8918094977799051,0.14407797262134509,"[1.0,0.9874633095069]","[[0.04452140210692934,0.0003988324237603496],[0.0003988324237603496,0.03760578419298342]]",development_only
NFP_201402_REL_20140307,2014-03-07,dollar,dollar_dxy,1,dollar_dxy;dollar_uup,"{""dollar_dxy"":0.16596272825105152,""dollar_uup"":0.3046823535620809}",0.32357086912054456,0.2945329642650714,"[1.0,1.021562219282586]","[[0.2589368952533541,-0.013517004820323596],[-0.013517004820323596,0.15618573469252106]]",development_only
NFP_201403_REL_20140404,2014-04-04,policy,policy_h15_2y,1,policy_h15_2y;policy_h15_1y;policy_zt,"{""policy_h15_1y"":0.0,""policy_h15_2y"":-1.247140842565539,""policy_zt"":-1.587318064689892}",-0.7806706983720515,0.25360281467310003,"[1.0,1.0015566389895747,1.0013887142932434]","[[0.15113762967151154,0.001442112472435725,0.011203363669752671],[0.001442112472435725,0.17153781791263525,-0.020486319129869396],[0.011203363669752671,-0.020486319129869396,0.3750939524360022]]",development_only
NFP_201403_REL_20140404,2014-04-04,inflation,inflation_be5,1,inflation_be5;inflation_be10,"{""inflation_be10"":-0.45293049815761754,""inflation_be5"":0.6687690580939007}",-0.05790869625157702,0.28719740700292873,"[1.0,1.0873936540181521]","[[0.3013612411874447,-0.005292023542136603],[-0.005292023542136603,0.14279751254232229]]",development_only
NFP_201403_REL_20140404,2014-04-04,real_rate,real_h15_5y,1,real_h15_5y;real_h15_10y;real_tip,"{""real_h15_10y"":-1.2789599593241152,""real_h15_5y"":-1.8505850969029964,""real_tip"":-1.5086167467331362}",-1.4504577169933481,0.16370212832892353,"[1.0,1.0401143342141086,1.003450670631514]","[[0.15039777974575336,0.001788716327518765,-0.0014618364893762962],[0.001788716327518765,0.05481041486702631,-0.0010180020833655764],[-0.0014618364893762962,-0.0010180020833655764,0.09579282466715085]]",development_only
NFP_201403_REL_20140404,2014-04-04,gold,gold_gld,1,gold_gld;gold_gc,"{""gold_gc"":1.6732936339614073,""gold_gld"":1.4285889387495556}",1.5795654979158178,0.14407797262134509,"[1.0,0.9874633095069]","[[0.04452140210692934,0.0003988324237603496],[0.0003988324237603496,0.03760578419298342]]",development_only
NFP_201403_REL_20140404,2014-04-04,dollar,dollar_dxy,1,dollar_dxy;dollar_uup,"{""dollar_dxy"":-0.21997775497553057,""dollar_uup"":-0.31236342017519797}",-0.18746908139335464,0.2945329642650714,"[1.0,1.021562219282586]","[[0.2589368952533541,-0.013517004820323596],[-0.013517004820323596,0.15618573469252106]]",development_only
NFP_201404_REL_20140502,2014-05-02,policy,policy_h15_2y,1,policy_h15_2y;policy_h15_1y;policy_zt,"{""policy_h15_1y"":0.0,""policy_h15_2y"":0.449248707697976,""policy_zt"":0.5580870799707882}",0.3003936672353818,0.25360281467310003,"[1.0,1.0015566389895747,1.0013887142932434]","[[0.15113762967151154,0.001442112472435725,0.011203363669752671],[0.001442112472435725,0.17153781791263525,-0.020486319129869396],[0.011203363669752671,-0.020486319129869396,0.3750939524360022]]",development_only
NFP_201404_REL_20140502,2014-05-02,inflation,inflation_be5,1,inflation_be5;inflation_be10,"{""inflation_be10"":-0.6226478024047234,""inflation_be5"":-0.19541779401871107}",-0.41251731980295836,0.28719740700292873,"[1.0,1.0873936540181521]","[[0.3013612411874447,-0.005292023542136603],[-0.005292023542136603,0.14279751254232229]]",development_only
NFP_201404_REL_20140502,2014-05-02,real_rate,real_h15_5y,1,real_h15_5y;real_h15_10y;real_tip,"{""real_h15_10y"":-0.5554490243181655,""real_h15_5y"":0.32626823034705665,""real_tip"":-0.9458296326285259}",-0.5394237518311746,0.16370212832892353,"[1.0,1.0401143342141086,1.003450670631514]","[[0.15039777974575336,0.001788716327518765,-0.0014618364893762962],[0.001788716327518765,0.05481041486702631,-0.0010180020833655764],[-0.0014618364893762962,-0.0010180020833655764,0.09579282466715085]]",development_only
NFP_201404_REL_20140502,2014-05-02,gold,gold_gld,1,gold_gld;gold_gc,"{""gold_gc"":1.8035325463869707,""gold_gld"":1.2250614892365008}",1.5560077958889222,0.14407797262134509,"[1.0,0.9874633095069]","[[0.04452140210692934,0.0003988324237603496],[0.0003988324237603496,0.03760578419298342]]",development_only
NFP_201404_REL_20140502,2014-05-02,dollar,dollar_dxy,1,dollar_dxy;dollar_uup,"{""dollar_dxy"":-0.05355262700483335,""dollar_uup"":0.0}",0.06062840880695701,0.2945329642650714,"[1.0,1.021562219282586]","[[0.2589368952533541,-0.013517004820323596],[-0.013517004820323596,0.15618573469252106]]",development_only
NFP_201405_REL_20140606,2014-06-06,policy,policy_h15_2y,1,policy_h15_2y;policy_h15_1y;policy_zt,"{""policy_h15_1y"":1.4300561732249728,""policy_h15_2y"":0.470210585938202,""policy_zt"":0.5629375873112827}",0.8728355039686437,0.25360281467310003,"[1.0,1.0015566389895747,1.0013887142932434]","[[0.15113762967151154,0.001442112472435725,0.011203363669752671],[0.001442112472435725,0.17153781791263525,-0.020486319129869396],[0.011203363669752671,-0.020486319129869396,0.3750939524360022]]",development_only
NFP_201405_REL_20140606,2014-06-06,inflation,inflation_be5,1,inflation_be5;inflation_be10,"{""inflation_be10"":1.3080410864375278,""inflation_be5"":0.22272144660510634}",0.9396543909083336,0.28719740700292873,"[1.0,1.0873936540181521]","[[0.3013612411874447,-0.005292023542136603],[-0.005292023542136603,0.14279751254232229]]",development_only
NFP_201405_REL_20140606,2014-06-06,real_rate,real_h15_5y,1,real_h15_5y;real_h15_10y;real_tip,"{""real_h15_10y"":-0.25382914931376693,""real_h15_5y"":0.3573028537616583,""real_tip"":-0.0}",-0.10757256207170159,0.16370212832892353,"[1.0,1.0401143342141086,1.003450670631514]","[[0.15039777974575336,0.001788716327518765,-0.0014618364893762962],[0.001788716327518765,0.05481041486702631,-0.0010180020833655764],[-0.0014618364893762962,-0.0010180020833655764,0.09579282466715085]]",development_only
NFP_201405_REL_20140606,2014-06-06,gold,gold_gld,1,gold_gld;gold_gc,"{""gold_gc"":-0.0901078758378253,""gold_gld"":-0.053605302889223744}",-0.056874895426677466,0.14407797262134509,"[1.0,0.9874633095069]","[[0.04452140210692934,0.0003988324237603496],[0.0003988324237603496,0.03760578419298342]]",development_only
NFP_201405_REL_20140606,2014-06-06,dollar,dollar_dxy,1,dollar_dxy;dollar_uup,"{""dollar_dxy"":0.21847139843478244,""dollar_uup"":0.19852714804603644}",0.27920700956138556,0.2945329642650714,"[1.0,1.021562219282586]","[[0.2589368952533541,-0.013517004820323596],[-0.013517004820323596,0.15618573469252106]]",development_only
NFP_201406_REL_20140703,2014-07-03,policy,policy_h15_2y,1,policy_h15_2y;policy_h15_1y;policy_zt,"{""policy_h15_1y"":-1.379945504923034,""policy_h15_2y"":1.8052705162000557,""policy_zt"":1.3361826101726828}",0.4517004414222586,0.25360281467310003,"[1.0,1.0015566389895747,1.0013887142932434]","[[0.15113762967151154,0.001442112472435725,0.011203363669752671],[0.001442112472435725,0.17153781791263525,-0.020486319129869396],[0.011203363669752671,-0.020486319129869396,0.3750939524360022]]",development_only
NFP_201406_REL_20140703,2014-07-03,inflation,inflation_be5,1,inflation_be5;inflation_be10,"{""inflation_be10"":1.2596556700115724,""inflation_be5"":0.5271290090202843}",0.995482713420273,0.28719740700292873,"[1.0,1.0873936540181521]","[[0.3013612411874447,-0.005292023542136603],[-0.005292023542136603,0.14279751254232229]]",development_only
NFP_201406_REL_20140703,2014-07-03,real_rate,real_h15_5y,1,real_h15_5y;real_h15_10y;real_tip,"{""real_h15_10y"":-0.28475065974602326,""real_h15_5y"":0.24239268047603285,""real_tip"":-0.30610474397016285}",-0.23178828069065766,0.16370212832892353,"[1.0,1.0401143342141086,1.003450670631514]","[[0.15039777974575336,0.001788716327518765,-0.0014618364893762962],[0.001788716327518765,0.05481041486702631,-0.0010180020833655764],[-0.0014618364893762962,-0.0010180020833655764,0.09579282466715085]]",development_only
NFP_201406_REL_20140703,2014-07-03,gold,gold_gld,1,gold_gld;gold_gc,"{""gold_gc"":-1.007368953810263,""gold_gld"":-0.5514129850147497}",-0.7820479804864383,0.14407797262134509,"[1.0,0.9874633095069]","[[0.04452140210692934,0.0003988324237603496],[0.0003988324237603496,0.03760578419298342]]",development_only
NFP_201406_REL_20140703,2014-07-03,dollar,dollar_dxy,1,dollar_dxy;dollar_uup,"{""dollar_dxy"":1.4658315016094272,""dollar_uup"":1.6813791975820191}",1.6244849116907614,0.2945329642650714,"[1.0,1.021562219282586]","[[0.2589368952533541,-0.013517004820323596],[-0.013517004820323596,0.15618573469252106]]",development_only
NFP_201407_REL_20140801,2014-08-01,policy,policy_h15_2y,1,policy_h15_2y;policy_h15_1y;policy_zt,"{""policy_h15_1y"":1.403939731826598,""policy_h15_2y"":-3.2240936356773235,""policy_zt"":-2.551659020733663}",-1.2098050077958273,0.25360281467310003,"[1.0,1.0015566389895747,1.0013887142932434]","[[0.15113762967151154,0.001442112472435725,0.011203363669752671],[0.001442112472435725,0.17153781791263525,-0.020486319129869396],[0.011203363669752671,-0.020486319129869396,0.3750939524360022]]",development_only
NFP_201407_REL_20140801,2014-08-01,inflation,inflation_be5,1,inflation_be5;inflation_be10,"{""inflation_be10"":-1.3164186348855336,""inflation_be5"":-2.616815844206163}",-1.5454839535735208,0.28719740700292873,"[1.0,1.0873936540181521]","[[0.3013612411874447,-0.005292023542136603],[-0.005292023542136603,0.14279751254232229]]",development_only
NFP_201407_REL_20140801,2014-08-01,real_rate,real_h15_5y,1,real_h15_5y;real_h15_10y;real_tip,"{""real_h15_10y"":-1.0824063507718786,""real_h15_5y"":-1.0987556809321926,""real_tip"":-1.3655140785100992}",-1.1777167285601602,0.16370212832892353,"[1.0,1.0401143342141086,1.003450670631514]","[[0.15039777974575336,0.001788716327518765,-0.0014618364893762962],[0.001788716327518765,0.05481041486702631,-0.0010180020833655764],[-0.0014618364893762962,-0.0010180020833655764,0.09579282466715085]]",development_only
NFP_201407_REL_20140801,2014-08-01,gold,gold_gld,1,gold_gld;gold_gc,"{""gold_gc"":1.2056425565208357,""gold_gld"":0.9605741317749045}",1.1110065932739779,0.14407797262134509,"[1.0,0.9874633095069]","[[0.04452140210692934,0.0003988324237603496],[0.0003988324237603496,0.03760578419298342]]",development_only
NFP_201407_REL_20140801,2014-08-01,dollar,dollar_dxy,1,dollar_dxy;dollar_uup,"{""dollar_dxy"":-1.0600360631956938,""dollar_uup"":-0.6781228168637216}",-0.714304648882164,0.2945329642650714,"[1.0,1.021562219282586]","[[0.2589368952533541,-0.013517004820323596],[-0.013517004820323596,0.15618573469252106]]",development_only
NFP_201408_REL_20140905,2014-09-05,policy,policy_h15_2y,1,policy_h15_2y;policy_h15_1y;policy_zt,"{""policy_h15_1y"":0.0,""policy_h15_2y"":-0.8934434305192287,""policy_zt"":-1.049677947316218}",-0.5389197639780919,0.25360281467310003,"[1.0,1.0015566389895747,1.0013887142932434]","[[0.15113762967151154,0.001442112472435725,0.011203363669752671],[0.001442112472435725,0.17153781791263525,-0.020486319129869396],[0.011203363669752671,-0.020486319129869396,0.3750939524360022]]",development_only
NFP_201408_REL_20140905,2014-09-05,inflation,inflation_be5,1,inflation_be5;inflation_be10,"{""inflation_be10"":-1.348746134623897,""inflation_be5"":0.4722055485918585}",-0.6860266835149428,0.28719740700292873,"[1.0,1.0873936540181521]","[[0.3013612411874447,-0.005292023542136603],[-0.005292023542136603,0.14279751254232229]]",development_only
NFP_201408_REL_20140905,2014-09-05,real_rate,real_h15_5y,1,real_h15_5y;real_h15_10y;real_tip,"{""real_h15_10y"":0.9675201269852931,""real_h15_5y"":-0.8730829867823479,""real_tip"":0.397553901993849}",0.4126591641906334,0.16370212832892353,"[1.0,1.0401143342141086,1.003450670631514]","[[0.15039777974575336,0.001788716327518765,-0.0014618364893762962],[0.001788716327518765,0.05481041486702631,-0.0010180020833655764],[-0.0014618364893762962,-0.0010180020833655764,0.09579282466715085]]",development_only
NFP_201408_REL_20140905,2014-09-05,gold,gold_gld,1,gold_gld;gold_gc,"{""gold_gc"":0.069058675802445,""gold_gld"":0.5829794081670979}",0.3228284068353587,0.14407797262134509,"[1.0,0.9874633095069]","[[0.04452140210692934,0.0003988324237603496],[0.0003988324237603496,0.03760578419298342]]",development_only
NFP_201408_REL_20140905,2014-09-05,dollar,dollar_dxy,1,dollar_dxy;dollar_uup,"{""dollar_dxy"":-0.311369762756892,""dollar_uup"":0.0}",-0.0338087603811451,0.2945329642650714,"[1.0,1.021562219282586]","[[0.2589368952533541,-0.013517004820323596],[-0.013517004820323596,0.15618573469252106]]",development_only
NFP_201409_REL_20141003,2014-10-03,policy,policy_h15_2y,1,policy_h15_2y;policy_h15_1y;policy_zt,"{""policy_h15_1y"":1.0552524449411436,""policy_h15_2y"":1.7396228523174737,""policy_zt"":1.0792154051175773}",1.3371020614077904,0.25360281467310003,"[1.0,1.0015566389895747,1.0013887142932434]","[[0.15113762967151154,0.001442112472435725,0.011203363669752671],[0.001442112472435725,0.17153781791263525,-0.020486319129869396],[0.011203363669752671,-0.020486319129869396,0.3750939524360022]]",development_only
NFP_201409_REL_20141003,2014-10-03,inflation,inflation_be5,1,inflation_be5;inflation_be10,"{""inflation_be10"":-1.0842919993344196,""inflation_be5"":-0.3284270799922474}",-0.745243414528589,0.28719740700292873,"[1.0,1.0873936540181521]","[[0.3013612411874447,-0.005292023542136603],[-0.005292023542136603,0.14279751254232229]]",development_only
NFP_201409_REL_20141003,2014-10-03,real_rate,real_h15_5y,1,real_h15_5y;real_h15_10y;real_tip,"{""real_h15_10y"":0.8088404535629417,""real_h15_5y"":0.8113040827993069,""real_tip"":0.5529032226778575}",0.671558384854492,0.16370212832892353,"[1.0,1.0401143342141086,1.003450670631514]","[[0.15039777974575336,0.001788716327518765,-0.0014618364893762962],[0.001788716327518765,0.05481041486702631,-0.0010180020833655764],[-0.0014618364893762962,-0.0010180020833655764,0.09579282466715085]]",development_only
NFP_201409_REL_20141003,2014-10-03,gold,gold_gld,1,gold_gld;gold_gc,"{""gold_gc"":-2.6523662582505065,""gold_gld"":-2.6248342467568095}",-2.627326825717309,0.14407797262134509,"[1.0,0.9874633095069]","[[0.04452140210692934,0.0003988324237603496],[0.0003988324237603496,0.03760578419298342]]",development_only
NFP_201409_REL_20141003,2014-10-03,dollar,dollar_dxy,1,dollar_dxy;dollar_uup,"{""dollar_dxy"":4.69089017155419,""dollar_uup"":5.066918235635498}",4.834083066069235,0.2945329642650714,"[1.0,1.021562219282586]","[[0.2589368952533541,-0.013517004820323596],[-0.013517004820323596,0.15618573469252106]]",development_only
NFP_201410_REL_20141107,2014-11-07,policy,policy_h15_2y,1,policy_h15_2y;policy_h15_1y;policy_zt,"{""policy_h15_1y"":0.0,""policy_h15_2y"":-1.1953090067790315,""policy_zt"":-1.3104348948296332}",-0.7093874936026471,0.25360281467310003,"[1.0,1.0015566389895747,1.0013887142932434]","[[0.15113762967151154,0.001442112472435725,0.011203363669752671],[0.001442112472435725,0.17153781791263525,-0.020486319129869396],[0.011203363669752671,-0.020486319129869396,0.3750939524360022]]",development_only
NFP_201410_REL_20141107,2014-11-07,inflation,inflation_be5,1,inflation_be5;inflation_be10,"{""inflation_be10"":-1.0284895523405319e-14,""inflation_be5"":0.26486971931842035}",0.11627996719443905,0.28719740700292873,"[1.0,1.0873936540181521]","[[0.3013612411874447,-0.005292023542136603],[-0.005292023542136603,0.14279751254232229]]",development_only
NFP_201410_REL_20141107,2014-11-07,real_rate,real_h15_5y,1,real_h15_5y;real_h15_10y;real_tip,"{""real_h15_10y"":-1.998019778696801,""real_h15_5y"":-1.5244365589188027,""real_tip"":-2.1754438684729167}",-1.9513868711559896,0.16370212832892353,"[1.0,1.0401143342141086,1.003450670631514]","[[0.15039777974575336,0.001788716327518765,-0.0014618364893762962],[0.001788716327518765,0.05481041486702631,-0.0010180020833655764],[-0.0014618364893762962,-0.0010180020833655764,0.09579282466715085]]",development_only
NFP_201410_REL_20141107,2014-11-07,gold,gold_gld,1,gold_gld;gold_gc,"{""gold_gc"":3.107831959015276,""gold_gld"":3.8469473224021065}",3.4703169286298863,0.14407797262134509,"[1.0,0.9874633095069]","[[0.04452140210692934,0.0003988324237603496],[0.0003988324237603496,0.03760578419298342]]",development_only
NFP_201410_REL_20141107,2014-11-07,dollar,dollar_dxy,1,dollar_dxy;dollar_uup,"{""dollar_dxy"":-0.9756028881769793,""dollar_uup"":-1.3679436843312296}",-1.096648527443488,0.2945329642650714,"[1.0,1.021562219282586]","[[0.2589368952533541,-0.013517004820323596],[-0.013517004820323596,0.15618573469252106]]",development_only
NFP_201411_REL_20141205,2014-12-05,policy,policy_h15_2y,1,policy_h15_2y;policy_h15_1y;policy_zt,"{""policy_h15_1y"":4.646005365220592,""policy_h15_2y"":3.770601868580589,""policy_zt"":2.93612979632289}",3.916236989086915,0.25360281467310003,"[1.0,1.0015566389895747,1.0013887142932434]","[[0.15113762967151154,0.001442112472435725,0.011203363669752671],[0.001442112472435725,0.17153781791263525,-0.020486319129869396],[0.011203363669752671,-0.020486319129869396,0.3750939524360022]]",development_only
NFP_201411_REL_20141205,2014-12-05,inflation,inflation_be5,1,inflation_be5;inflation_be10,"{""inflation_be10"":-0.9046037285389371,""inflation_be5"":-0.25864740596182756}",-0.6106039874413804,0.28719740700292873,"[1.0,1.0873936540181521]","[[0.3013612411874447,-0.005292023542136603],[-0.005292023542136603,0.14279751254232229]]",development_only
NFP_201411_REL_20141205,2014-12-05,real_rate,real_h15_5y,1,real_h15_5y;real_h15_10y;real_tip,"{""real_h15_10y"":2.0783310774493007,""real_h15_5y"":1.988979101585415,""real_tip"":2.085499324433538}",1.965318112138107,0.16370212832892353,"[1.0,1.0401143342141086,1.003450670631514]","[[0.15039777974575336,0.001788716327518765,-0.0014618364893762962],[0.001788716327518765,0.05481041486702631,-0.0010180020833655764],[-0.0014618364893762962,-0.0010180020833655764,0.09579282466715085]]",development_only
NFP_201411_REL_20141205,2014-12-05,gold,gold_gld,1,gold_gld;gold_gc,"{""gold_gc"":-1.4374603675823736,""gold_gld"":-1.1121236958824476}",-1.2730888393322346,0.14407797262134509,"[1.0,0.9874633095069]","[[0.04452140210692934,0.0003988324237603496],[0.0003988324237603496,0.03760578419298342]]",development_only
NFP_201411_REL_20141205,2014-12-05,dollar,dollar_dxy,1,dollar_dxy;dollar_uup,"{""dollar_dxy"":1.5332554421903792,""dollar_uup"":1.589206962922509}",1.5939616344534497,0.2945329642650714,"[1.0,1.021562219282586]","[[0.2589368952533541,-0.013517004820323596],[-0.013517004820323596,0.15618573469252106]]",development_only
NFP_201412_REL_20150109,2015-01-09,policy,policy_h15_2y,1,policy_h15_2y;policy_h15_1y;policy_zt,"{""policy_h15_1y"":-0.7454144862016098,""policy_h15_2y"":-0.981030814828128,""policy_zt"":-0.9594418844906304}",-0.8518185422733585,0.25360281467310003,"[1.0,1.0015566389895747,1.0013887142932434]","[[0.15113762967151154,0.001442112472435725,0.011203363669752671],[0.001442112472435725,0.17153781791263525,-0.020486319129869396],[0.011203363669752671,-0.020486319129869396,0.3750939524360022]]",development_only
NFP_201412_REL_20150109,2015-01-09,inflation,inflation_be5,1,inflation_be5;inflation_be10,"{""inflation_be10"":8.45846283163398e-15,""inflation_be5"":-0.2308636005907359}",-0.024961050974660372,0.28719740700292873,"[1.0,1.0873936540181521]","[[0.3013612411874447,-0.005292023542136603],[-0.005292023542136603,0.14279751254232229]]",development_only
NFP_201412_REL_20150109,2015-01-09,real_rate,real_h15_5y,1,real_h15_5y;real_h15_10y;real_tip,"{""real_h15_10y"":-1.2282472469354557,""real_h15_5y"":-0.7269808665684577,""real_tip"":-1.0483173343093493}",-1.0951889026436497,0.16370212832892353,"[1.0,1.0401143342141086,1.003450670631514]","[[0.15039777974575336,0.001788716327518765,-0.0014618364893762962],[0.001788716327518765,0.05481041486702631,-0.0010180020833655764],[-0.0014618364893762962,-0.0010180020833655764,0.09579282466715085]]",development_only
NFP_201412_REL_20150109,2015-01-09,gold,gold_gld,1,gold_gld;gold_gc,"{""gold_gc"":0.542771747011241,""gold_gld"":0.8857300045241571}",0.7184074973522856,0.14407797262134509,"[1.0,0.9874633095069]","[[0.04452140210692934,0.0003988324237603496],[0.0003988324237603496,0.03760578419298342]]",development_only
NFP_201412_REL_20150109,2015-01-09,dollar,dollar_dxy,1,dollar_dxy;dollar_uup,"{""dollar_dxy"":-1.0854787672642439,""dollar_uup"":-0.959079991844163}",-0.8919454934249774,0.2945329642650714,"[1.0,1.021562219282586]","[[0.2589368952533541,-0.013517004820323596],[-0.013517004820323596,0.15618573469252106]]",development_only
NFP_201501_REL_20150206,2015-02-06,policy,policy_h15_2y,1,policy_h15_2y;policy_h15_1y;policy_zt,"{""policy_h15_1y"":3.8821328589490203,""policy_h15_2y"":4.125202339910641,""policy_zt"":3.5212160882523214}",3.8662130016853893,0.25360281467310003,"[1.0,1.0015566389895747,1.0013887142932434]","[[0.15113762967151154,0.001442112472435725,0.011203363669752671],[0.001442112472435725,0.17153781791263525,-0.020486319129869396],[0.011203363669752671,-0.020486319129869396,0.3750939524360022]]",development_only
NFP_201501_REL_20150206,2015-02-06,inflation,inflation_be5,1,inflation_be5;inflation_be10,"{""inflation_be10"":0.35566959053723946,""inflation_be5"":-0.42520198889296545}",0.14681844424982315,0.28719740700292873,"[1.0,1.0873936540181521]","[[0.3013612411874447,-0.005292023542136603],[-0.005292023542136603,0.14279751254232229]]",development_only
NFP_201501_REL_20150206,2015-02-06,real_rate,real_h15_5y,1,real_h15_5y;real_h15_10y;real_tip,"{""real_h15_10y"":2.2525888568486,""real_h15_5y"":3.2228071354451013,""real_tip"":2.213478075180751}",2.306684411906088,0.16370212832892353,"[1.0,1.0401143342141086,1.003450670631514]","[[0.15039777974575336,0.001788716327518765,-0.0014618364893762962],[0.001788716327518765,0.05481041486702631,-0.0010180020833655764],[-0.0014618364893762962,-0.0010180020833655764,0.09579282466715085]]",development_only
NFP_201501_REL_20150206,2015-02-06,gold,gold_gld,1,gold_gld;gold_gc,"{""gold_gc"":-1.932195842849908,""gold_gld"":-1.9978355522490148}",-1.9490070729424198,0.14407797262134509,"[1.0,0.9874633095069]","[[0.04452140210692934,0.0003988324237603496],[0.0003988324237603496,0.03760578419298342]]",development_only
NFP_201501_REL_20150206,2015-02-06,dollar,dollar_dxy,1,dollar_dxy;dollar_uup,"{""dollar_dxy"":0.0,""dollar_uup"":2.310423462789556}",1.4644180356510992,0.2945329642650714,"[1.0,1.021562219282586]","[[0.2589368952533541,-0.013517004820323596],[-0.013517004820323596,0.15618573469252106]]",development_only
NFP_201502_REL_20150306,2015-03-06,policy,policy_h15_2y,1,policy_h15_2y;policy_h15_1y;policy_zt,"{""policy_h15_1y"":1.1258631397762167,""policy_h15_2y"":2.203059335791478,""policy_zt"":2.1097242414986965}",1.740676552731177,0.25360281467310003,"[1.0,1.0015566389895747,1.0013887142932434]","[[0.15113762967151154,0.001442112472435725,0.011203363669752671],[0.001442112472435725,0.17153781791263525,-0.020486319129869396],[0.011203363669752671,-0.020486319129869396,0.3750939524360022]]",development_only
NFP_201502_REL_20150306,2015-03-06,inflation,inflation_be5,1,inflation_be5;inflation_be10,"{""inflation_be10"":-0.33438981003952173,""inflation_be5"":0.3924113776207064}",-0.06094043117345048,0.28719740700292873,"[1.0,1.0873936540181521]","[[0.3013612411874447,-0.005292023542136603],[-0.005292023542136603,0.14279751254232229]]",development_only
NFP_201502_REL_20150306,2015-03-06,real_rate,real_h15_5y,1,real_h15_5y;real_h15_10y;real_tip,"{""real_h15_10y"":2.7358491162619534,""real_h15_5y"":1.6428800383521247,""real_tip"":3.014643140474313}",2.5072357348771197,0.16370212832892353,"[1.0,1.0401143342141086,1.003450670631514]","[[0.15039777974575336,0.001788716327518765,-0.0014618364893762962],[0.001788716327518765,0.05481041486702631,-0.0010180020833655764],[-0.0014618364893762962,-0.0010180020833655764,0.09579282466715085]]",development_only
NFP_201502_REL_20150306,2015-03-06,gold,gold_gld,1,gold_gld;gold_gc,"{""gold_gc"":-2.5717834559545056,""gold_gld"":-2.514159876634566}",-2.532732000218429,0.14407797262134509,"[1.0,0.9874633095069]","[[0.04452140210692934,0.0003988324237603496],[0.0003988324237603496,0.03760578419298342]]",development_only
NFP_201502_REL_20150306,2015-03-06,dollar,dollar_dxy,1,dollar_dxy;dollar_uup,"{""dollar_dxy"":2.7381499653180654,""dollar_uup"":2.317174307445672}",2.4714335451029945,0.2945329642650714,"[1.0,1.021562219282586]","[[0.2589368952533541,-0.013517004820323596],[-0.013517004820323596,0.15618573469252106]]",development_only
NFP_201503_REL_20150403,2015-04-03,policy,policy_h15_2y,1,policy_h15_2y;policy_h15_1y,"{""policy_h15_1y"":-2.3159525823376357,""policy_h15_2y"":-1.50612845611133,""policy_zt"":null}",-1.8094806435042599,0.2816760630923185,"[1.0,1.0015566389895747,1.0013887142932434]","[[0.15113762967151154,0.001442112472435725,0.011203363669752671],[0.001442112472435725,0.17153781791263525,-0.020486319129869396],[0.011203363669752671,-0.020486319129869396,0.3750939524360022]]",development_only
NFP_201503_REL_20150403,2015-04-03,inflation,inflation_be5,1,inflation_be5;inflation_be10,"{""inflation_be10"":0.6465349024405491,""inflation_be5"":0.3603617649169883}",0.5563977158175463,0.28719740700292873,"[1.0,1.0873936540181521]","[[0.3013612411874447,-0.005292023542136603],[-0.005292023542136603,0.14279751254232229]]",development_only
NFP_201503_REL_20150403,2015-04-03,real_rate,real_h15_5y,1,real_h15_5y;real_h15_10y,"{""real_h15_10y"":-1.5634900955146402,""real_h15_5y"":-1.577556620510325,""real_tip"":null}",-1.597299424461294,0.19538428806492855,"[1.0,1.0401143342141086,1.003450670631514]","[[0.15039777974575336,0.001788716327518765,-0.0014618364893762962],[0.001788716327518765,0.05481041486702631,-0.0010180020833655764],[-0.0014618364893762962,-0.0010180020833655764,0.09579282466715085]]",development_only
NFP_201503_REL_20150403,2015-04-03,gold,gold_gld,0,,"{""gold_gc"":null,""gold_gld"":null}",0.0,2.0,"[1.0,0.9874633095069]","[[0.04452140210692934,0.0003988324237603496],[0.0003988324237603496,0.03760578419298342]]",development_only
NFP_201503_REL_20150403,2015-04-03,dollar,dollar_dxy,0,,"{""dollar_dxy"":null,""dollar_uup"":null}",0.0,2.0,"[1.0,1.021562219282586]","[[0.2589368952533541,-0.013517004820323596],[-0.013517004820323596,0.15618573469252106]]",development_only
NFP_201504_REL_20150508,2015-05-08,policy,policy_h15_2y,1,policy_h15_2y;policy_h15_1y;policy_zt,"{""policy_h15_1y"":-0.689787250978808,""policy_h15_2y"":-1.1581956671850275,""policy_zt"":-1.7156140321664548}",-1.0391361665438692,0.25360281467310003,"[1.0,1.0015566389895747,1.0013887142932434]","[[0.15113762967151154,0.001442112472435725,0.011203363669752671],[0.001442112472435725,0.17153781791263525,-0.020486319129869396],[0.011203363669752671,-0.020486319129869396,0.3750939524360022]]",development_only
NFP_201504_REL_20150508,2015-05-08,inflation,inflation_be5,1,inflation_be5;inflation_be10,"{""inflation_be10"":0.0,""inflation_be5"":-4.3997223567498276e-15}",0.04081506028531032,0.28719740700292873,"[1.0,1.0873936540181521]","[[0.3013612411874447,-0.005292023542136603],[-0.005292023542136603,0.14279751254232229]]",development_only
NFP_201504_REL_20150508,2015-05-08,real_rate,real_h15_5y,1,real_h15_5y;real_h15_10y;real_tip,"{""real_h15_10y"":-0.35563782042431796,""real_h15_5y"":-0.7961667561212297,""real_tip"":-0.9858653693523923}",-0.6458086808003479,0.16370212832892353,"[1.0,1.0401143342141086,1.003450670631514]","[[0.15039777974575336,0.001788716327518765,-0.0014618364893762962],[0.001788716327518765,0.05481041486702631,-0.0010180020833655764],[-0.0014618364893762962,-0.0010180020833655764,0.09579282466715085]]",development_only
NFP_201504_REL_20150508,2015-05-08,gold,gold_gld,1,gold_gld;gold_gc,"{""gold_gc"":0.605181678068477,""gold_gld"":0.5508242194929189}",0.5975912585811068,0.14407797262134509,"[1.0,0.9874633095069]","[[0.04452140210692934,0.0003988324237603496],[0.0003988324237603496,0.03760578419298342]]",development_only
NFP_201504_REL_20150508,2015-05-08,dollar,dollar_dxy,1,dollar_dxy;dollar_uup,"{""dollar_dxy"":0.28457875234385505,""dollar_uup"":0.17327049174709977}",0.28829056303885203,0.2945329642650714,"[1.0,1.021562219282586]","[[0.2589368952533541,-0.013517004820323596],[-0.013517004820323596,0.15618573469252106]]",development_only
NFP_201505_REL_20150605,2015-06-05,policy,policy_h15_2y,1,policy_h15_2y;policy_h15_1y;policy_zt,"{""policy_h15_1y"":1.4651810841872992,""policy_h15_2y"":2.3273509787022766,""policy_zt"":1.2629274044341938}",1.7717449961001224,0.25360281467310003,"[1.0,1.0015566389895747,1.0013887142932434]","[[0.15113762967151154,0.001442112472435725,0.011203363669752671],[0.001442112472435725,0.17153781791263525,-0.020486319129869396],[0.011203363669752671,-0.020486319129869396,0.3750939524360022]]",development_only
NFP_201505_REL_20150605,2015-06-05,inflation,inflation_be5,1,inflation_be5;inflation_be10,"{""inflation_be10"":1.8358303432616727,""inflation_be5"":1.198580421288865}",1.5547632487209369,0.28719740700292873,"[1.0,1.0873936540181521]","[[0.3013612411874447,-0.005292023542136603],[-0.005292023542136603,0.14279751254232229]]",development_only
NFP_201505_REL_20150605,2015-06-05,real_rate,real_h15_5y,1,real_h15_5y;real_h15_10y;real_tip,"{""real_h15_10y"":0.8965612163885949,""real_h15_5y"":0.8377526573547562,""real_tip"":0.6582058246920074}",0.7511739193102166,0.16370212832892353,"[1.0,1.0401143342141086,1.003450670631514]","[[0.15039777974575336,0.001788716327518765,-0.0014618364893762962],[0.001788716327518765,0.05481041486702631,-0.0010180020833655764],[-0.0014618364893762962,-0.0010180020833655764,0.09579282466715085]]",development_only
NFP_201505_REL_20150605,2015-06-05,gold,gold_gld,1,gold_gld;gold_gc,"{""gold_gc"":-0.6513923027184745,""gold_gld"":-0.6299454343453527}",-0.6259943175698176,0.14407797262134509,"[1.0,0.9874633095069]","[[0.04452140210692934,0.0003988324237603496],[0.0003988324237603496,0.03760578419298342]]",development_only
NFP_201505_REL_20150605,2015-06-05,dollar,dollar_dxy,1,dollar_dxy;dollar_uup,"{""dollar_dxy"":1.3122811856981373,""dollar_uup"":1.188983933014231}",1.2732464135295614,0.2945329642650714,"[1.0,1.021562219282586]","[[0.2589368952533541,-0.013517004820323596],[-0.013517004820323596,0.15618573469252106]]",development_only
NFP_201506_REL_20150702,2015-07-02,policy,policy_h15_2y,1,policy_h15_2y;policy_h15_1y;policy_zt,"{""policy_h15_1y"":-1.8180544900666613,""policy_h15_2y"":-1.8263954878206066,""policy_zt"":-1.6536787155590003}",-1.7449823175537988,0.25360281467310003,"[1.0,1.0015566389895747,1.0013887142932434]","[[0.15113762967151154,0.001442112472435725,0.011203363669752671],[0.001442112472435725,0.17153781791263525,-0.020486319129869396],[0.011203363669752671,-0.020486319129869396,0.3750939524360022]]",development_only
NFP_201506_REL_20150702,2015-07-02,inflation,inflation_be5,1,inflation_be5;inflation_be10,"{""inflation_be10"":0.8409229562201447,""inflation_be5"":0.6526812237098549}",0.7638297337748987,0.28719740700292873,"[1.0,1.0873936540181521]","[[0.3013612411874447,-0.005292023542136603],[-0.005292023542136603,0.14279751254232229]]",development_only
NFP_201506_REL_20150702,2015-07-02,real_rate,real_h15_5y,1,real_h15_5y;real_h15_10y;real_tip,"{""real_h15_10y"":-0.9908612816292685,""real_h15_5y"":-1.6104425927573633,""real_tip"":-1.1550265117680105}",-1.159925977942881,0.16370212832892353,"[1.0,1.0401143342141086,1.003450670631514]","[[0.15039777974575336,0.001788716327518765,-0.0014618364893762962],[0.001788716327518765,0.05481041486702631,-0.0010180020833655764],[-0.0014618364893762962,-0.0010180020833655764,0.09579282466715085]]",development_only
NFP_201506_REL_20150702,2015-07-02,gold,gold_gld,1,gold_gld;gold_gc,"{""gold_gc"":-0.5833610938926662,""gold_gld"":-0.252474080838451}",-0.41507708480684014,0.14407797262134509,"[1.0,0.9874633095069]","[[0.04452140210692934,0.0003988324237603496],[0.0003988324237603496,0.03760578419298342]]",development_only
NFP_201506_REL_20150702,2015-07-02,dollar,dollar_dxy,1,dollar_dxy;dollar_uup,"{""dollar_dxy"":-0.3280060782477837,""dollar_uup"":-0.3841344788702294}",-0.270037339352041,0.2945329642650714,"[1.0,1.021562219282586]","[[0.2589368952533541,-0.013517004820323596],[-0.013517004820323596,0.15618573469252106]]",development_only
NFP_201507_REL_20150807,2015-08-07,policy,policy_h15_2y,1,policy_h15_2y;policy_h15_1y;policy_zt,"{""policy_h15_1y"":2.0501624879294167,""policy_h15_2y"":0.6259469859498504,""policy_zt"":0.5490745443212769}",1.178054399565337,0.25360281467310003,"[1.0,1.0015566389895747,1.0013887142932434]","[[0.15113762967151154,0.001442112472435725,0.011203363669752671],[0.001442112472435725,0.17153781791263525,-0.020486319129869396],[0.011203363669752671,-0.020486319129869396,0.3750939524360022]]",development_only
NFP_201507_REL_20150807,2015-08-07,inflation,inflation_be5,1,inflation_be5;inflation_be10,"{""inflation_be10"":-0.41678319191075647,""inflation_be5"":-1.0853940140133307}",-0.5346075445626596,0.28719740700292873,"[1.0,1.0873936540181521]","[[0.3013612411874447,-0.005292023542136603],[-0.005292023542136603,0.14279751254232229]]",development_only
NFP_201507_REL_20150807,2015-08-07,real_rate,real_h15_5y,1,real_h15_5y;real_h15_10y;real_tip,"{""real_h15_10y"":-0.855531559893705,""real_h15_5y"":0.0,""real_tip"":-0.8059671512199263}",-0.7086104709292025,0.16370212832892353,"[1.0,1.0401143342141086,1.003450670631514]","[[0.15039777974575336,0.001788716327518765,-0.0014618364893762962],[0.001788716327518765,0.05481041486702631,-0.0010180020833655764],[-0.0014618364893762962,-0.0010180020833655764,0.09579282466715085]]",development_only
NFP_201507_REL_20150807,2015-08-07,gold,gold_gld,1,gold_gld;gold_gc,"{""gold_gc"":0.45553475795227216,""gold_gld"":0.3553882873745673}",0.4265800927308827,0.14407797262134509,"[1.0,0.9874633095069]","[[0.04452140210692934,0.0003988324237603496],[0.0003988324237603496,0.03760578419298342]]",development_only
NFP_201507_REL_20150807,2015-08-07,dollar,dollar_dxy,1,dollar_dxy;dollar_uup,"{""dollar_dxy"":-0.4716103414937763,""dollar_uup"":-0.27077312825087885}",-0.25472415671601845,0.2945329642650714,"[1.0,1.021562219282586]","[[0.2589368952533541,-0.013517004820323596],[-0.013517004820323596,0.15618573469252106]]",development_only
NFP_201508_REL_20150904,2015-09-04,policy,policy_h15_2y,1,policy_h15_2y;policy_h15_1y;policy_zt,"{""policy_h15_1y"":0.0,""policy_h15_2y"":0.0,""policy_zt"":-0.08579672869939899}",0.000392896871546691,0.25360281467310003,"[1.0,1.0015566389895747,1.0013887142932434]","[[0.15113762967151154,0.001442112472435725,0.011203363669752671],[0.001442112472435725,0.17153781791263525,-0.020486319129869396],[0.011203363669752671,-0.020486319129869396,0.3750939524360022]]",development_only
NFP_201508_REL_20150904,2015-09-04,inflation,inflation_be5,1,inflation_be5;inflation_be10,"{""inflation_be10"":-1.2031035238653704,""inflation_be5"":-0.6881704696641138}",-0.9236183075071507,0.28719740700292873,"[1.0,1.0873936540181521]","[[0.3013612411874447,-0.005292023542136603],[-0.005292023542136603,0.14279751254232229]]",development_only
NFP_201508_REL_20150904,2015-09-04,real_rate,real_h15_5y,1,real_h15_5y;real_h15_10y;real_tip,"{""real_h15_10y"":-0.4536045976672444,""real_h15_5y"":0.0,""real_tip"":-0.512446218905528}",-0.4195916489013477,0.16370212832892353,"[1.0,1.0401143342141086,1.003450670631514]","[[0.15039777974575336,0.001788716327518765,-0.0014618364893762962],[0.001788716327518765,0.05481041486702631,-0.0010180020833655764],[-0.0014618364893762962,-0.0010180020833655764,0.09579282466715085]]",development_only
NFP_201508_REL_20150904,2015-09-04,gold,gold_gld,1,gold_gld;gold_gc,"{""gold_gc"":-0.3365788642344801,""gold_gld"":-0.42573687131237475}",-0.36171677741457736,0.14407797262134509,"[1.0,0.9874633095069]","[[0.04452140210692934,0.0003988324237603496],[0.0003988324237603496,0.03760578419298342]]",development_only
NFP_201508_REL_20150904,2015-09-04,dollar,dollar_dxy,1,dollar_dxy;dollar_uup,"{""dollar_dxy"":-0.3357321633767415,""dollar_uup"":-0.21512927904223544}",-0.1716164349607093,0.2945329642650714,"[1.0,1.021562219282586]","[[0.2589368952533541,-0.013517004820323596],[-0.013517004820323596,0.15618573469252106]]",development_only
NFP_201509_REL_20151002,2015-10-02,policy,policy_h15_2y,1,policy_h15_2y;policy_h15_1y;policy_zt,"{""policy_h15_1y"":-2.6424668566904423,""policy_h15_2y"":-1.6421416545119218,""policy_zt"":-1.9908964053349658}",-2.055344573771828,0.25360281467310003,"[1.0,1.0015566389895747,1.0013887142932434]","[[0.15113762967151154,0.001442112472435725,0.011203363669752671],[0.001442112472435725,0.17153781791263525,-0.020486319129869396],[0.011203363669752671,-0.020486319129869396,0.3750939524360022]]",development_only
NFP_201509_REL_20151002,2015-10-02,inflation,inflation_be5,1,inflation_be5;inflation_be10,"{""inflation_be10"":0.7797179979220336,""inflation_be5"":0.6235447375765897}",0.7164396935485383,0.28719740700292873,"[1.0,1.0873936540181521]","[[0.3013612411874447,-0.005292023542136603],[-0.005292023542136603,0.14279751254232229]]",development_only
NFP_201509_REL_20151002,2015-10-02,real_rate,real_h15_5y,1,real_h15_5y;real_h15_10y;real_tip,"{""real_h15_10y"":-1.8826658062897705,""real_h15_5y"":-2.272037820168548,""real_tip"":-1.807775590038086}",-1.9173772051899953,0.16370212832892353,"[1.0,1.0401143342141086,1.003450670631514]","[[0.15039777974575336,0.001788716327518765,-0.0014618364893762962],[0.001788716327518765,0.05481041486702631,-0.0010180020833655764],[-0.0014618364893762962,-0.0010180020833655764,0.09579282466715085]]",development_only
NFP_201509_REL_20151002,2015-10-02,gold,gold_gld,1,gold_gld;gold_gc,"{""gold_gc"":2.362637809184407,""gold_gld"":2.494875592684459}",2.443925010789856,0.14407797262134509,"[1.0,0.9874633095069]","[[0.04452140210692934,0.0003988324237603496],[0.0003988324237603496,0.03760578419298342]]",development_only
NFP_201509_REL_20151002,2015-10-02,dollar,dollar_dxy,1,dollar_dxy;dollar_uup,"{""dollar_dxy"":-0.6995096915627202,""dollar_uup"":-0.43962819749782794}",-0.4393635746161652,0.2945329642650714,"[1.0,1.021562219282586]","[[0.2589368952533541,-0.013517004820323596],[-0.013517004820323596,0.15618573469252106]]",development_only
NFP_201510_REL_20151106,2015-11-06,policy,policy_h15_2y,1,policy_h15_2y;policy_h15_1y;policy_zt,"{""policy_h15_1y"":2.0810586227774217,""policy_h15_2y"":1.3281442813438367,""policy_zt"":1.4010320600898678}",1.63117490419386,0.25360281467310003,"[1.0,1.0015566389895747,1.0013887142932434]","[[0.15113762967151154,0.001442112472435725,0.011203363669752671],[0.001442112472435725,0.17153781791263525,-0.020486319129869396],[0.011203363669752671,-0.020486319129869396,0.3750939524360022]]",development_only
NFP_201510_REL_20151106,2015-11-06,inflation,inflation_be5,1,inflation_be5;inflation_be10,"{""inflation_be10"":1.406806593147681,""inflation_be5"":0.5758340587744543}",1.1033376582240126,0.28719740700292873,"[1.0,1.0873936540181521]","[[0.3013612411874447,-0.005292023542136603],[-0.005292023542136603,0.14279751254232229]]",development_only
NFP_201510_REL_20151106,2015-11-06,real_rate,real_h15_5y,1,real_h15_5y;real_h15_10y;real_tip,"{""real_h15_10y"":0.9896064057150421,""real_h15_5y"":1.3556526787897856,""real_tip"":1.367059389320148}",1.0937695201137316,0.16370212832892353,"[1.0,1.0401143342141086,1.003450670631514]","[[0.15039777974575336,0.001788716327518765,-0.0014618364893762962],[0.001788716327518765,0.05481041486702631,-0.0010180020833655764],[-0.0014618364893762962,-0.0010180020833655764,0.09579282466715085]]",development_only
NFP_201510_REL_20151106,2015-11-06,gold,gold_gld,1,gold_gld;gold_gc,"{""gold_gc"":-1.6239013126810722,""gold_gld"":-1.693669948292741}",-1.6421298277618128,0.14407797262134509,"[1.0,0.9874633095069]","[[0.04452140210692934,0.0003988324237603496],[0.0003988324237603496,0.03760578419298342]]",development_only
NFP_201510_REL_20151106,2015-11-06,dollar,dollar_dxy,1,dollar_dxy;dollar_uup,"{""dollar_dxy"":2.2378370834253754,""dollar_uup"":2.089296665160788}",2.151649974329339,0.2945329642650714,"[1.0,1.021562219282586]","[[0.2589368952533541,-0.013517004820323596],[-0.013517004820323596,0.15618573469252106]]",development_only
NFP_201511_REL_20151204,2015-12-04,policy,policy_h15_2y,1,policy_h15_2y;policy_h15_1y;policy_zt,"{""policy_h15_1y"":1.232339855178563,""policy_h15_2y"":0.0,""policy_zt"":0.2247941134133317}",0.541775641183283,0.25360281467310003,"[1.0,1.0015566389895747,1.0013887142932434]","[[0.15113762967151154,0.001442112472435725,0.011203363669752671],[0.001442112472435725,0.17153781791263525,-0.020486319129869396],[0.011203363669752671,-0.020486319129869396,0.3750939524360022]]",development_only
NFP_201511_REL_20151204,2015-12-04,inflation,inflation_be5,1,inflation_be5;inflation_be10,"{""inflation_be10"":-0.37200721322676206,""inflation_be5"":-0.9415424199720417}",-0.46502604423205685,0.28719740700292873,"[1.0,1.0873936540181521]","[[0.3013612411874447,-0.005292023542136603],[-0.005292023542136603,0.14279751254232229]]",development_only
NFP_201511_REL_20151204,2015-12-04,real_rate,real_h15_5y,1,real_h15_5y;real_h15_10y;real_tip,"{""real_h15_10y"":-1.0127760465848479,""real_h15_5y"":0.0,""real_tip"":-0.8727910077570009}",-0.8078178702224097,0.16370212832892353,"[1.0,1.0401143342141086,1.003450670631514]","[[0.15039777974575336,0.001788716327518765,-0.0014618364893762962],[0.001788716327518765,0.05481041486702631,-0.0010180020833655764],[-0.0014618364893762962,-0.0010180020833655764,0.09579282466715085]]",development_only
NFP_201511_REL_20151204,2015-12-04,gold,gold_gld,1,gold_gld;gold_gc,"{""gold_gc"":2.3606422809667316,""gold_gld"":2.5589195790410577}",2.472397531080589,0.14407797262134509,"[1.0,0.9874633095069]","[[0.04452140210692934,0.0003988324237603496],[0.0003988324237603496,0.03760578419298342]]",development_only
NFP_201511_REL_20151204,2015-12-04,dollar,dollar_dxy,1,dollar_dxy;dollar_uup,"{""dollar_dxy"":1.3077084205046272,""dollar_uup"":1.2204531473184368}",1.2904246225596423,0.2945329642650714,"[1.0,1.021562219282586]","[[0.2589368952533541,-0.013517004820323596],[-0.013517004820323596,0.15618573469252106]]",development_only
NFP_201512_REL_20160108,2016-01-08,policy,policy_h15_2y,1,policy_h15_2y;policy_h15_1y;policy_zt,"{""policy_h15_1y"":-0.7535153590784575,""policy_h15_2y"":-0.6384442358924856,""policy_zt"":-0.5069282188259535}",-0.6332023837126016,0.25360281467310003,"[1.0,1.0015566389895747,1.0013887142932434]","[[0.15113762967151154,0.001442112472435725,0.011203363669752671],[0.001442112472435725,0.17153781791263525,-0.020486319129869396],[0.011203363669752671,-0.020486319129869396,0.3750939524360022]]",development_only
NFP_201512_REL_20160108,2016-01-08,inflation,inflation_be5,1,inflation_be5;inflation_be10,"{""inflation_be10"":-0.7891773213136103,""inflation_be5"":-0.6918945074204307}",-0.6603245473403131,0.28719740700292873,"[1.0,1.0873936540181521]","[[0.3013612411874447,-0.005292023542136603],[-0.005292023542136603,0.14279751254232229]]",development_only
NFP_201512_REL_20160108,2016-01-08,real_rate,real_h15_5y,1,real_h15_5y;real_h15_10y;real_tip,"{""real_h15_10y"":-0.2801770898967895,""real_h15_5y"":-0.528812766279853,""real_tip"":-0.32660473299160275}",-0.37030284844142863,0.16370212832892353,"[1.0,1.0401143342141086,1.003450670631514]","[[0.15039777974575336,0.001788716327518765,-0.0014618364893762962],[0.001788716327518765,0.05481041486702631,-0.0010180020833655764],[-0.0014618364893762962,-0.0010180020833655764,0.09579282466715085]]",development_only
NFP_201512_REL_20160108,2016-01-08,gold,gold_gld,1,gold_gld;gold_gc,"{""gold_gc"":-0.9199196640763805,""gold_gld"":-0.48437405960892804}",-0.7038778327608771,0.14407797262134509,"[1.0,0.9874633095069]","[[0.04452140210692934,0.0003988324237603496],[0.0003988324237603496,0.03760578419298342]]",development_only
NFP_201512_REL_20160108,2016-01-08,dollar,dollar_dxy,1,dollar_dxy;dollar_uup,"{""dollar_dxy"":0.535013824533586,""dollar_uup"":0.32761242172161936}",0.47248989230545246,0.2945329642650714,"[1.0,1.021562219282586]","[[0.2589368952533541,-0.013517004820323596],[-0.013517004820323596,0.15618573469252106]]",development_only
NFP_201601_REL_20160205,2016-02-05,policy,policy_h15_2y,1,policy_h15_2y;policy_h15_1y;policy_zt,"{""policy_h15_1y"":1.024068484378769,""policy_h15_2y"":1.290026835980393,""policy_zt"":0.5478520292509782}",1.0450492953485282,0.25360281467310003,"[1.0,1.0015566389895747,1.0013887142932434]","[[0.15113762967151154,0.001442112472435725,0.011203363669752671],[0.001442112472435725,0.17153781791263525,-0.020486319129869396],[0.011203363669752671,-0.020486319129869396,0.3750939524360022]]",development_only
NFP_201601_REL_20160205,2016-02-05,inflation,inflation_be5,1,inflation_be5;inflation_be10,"{""inflation_be10"":-1.0732592707433408,""inflation_be5"":-1.9574548743424887}",-1.2023290320843567,0.28719740700292873,"[1.0,1.0873936540181521]","[[0.3013612411874447,-0.005292023542136603],[-0.005292023542136603,0.14279751254232229]]",development_only
NFP_201601_REL_20160205,2016-02-05,real_rate,real_h15_5y,1,real_h15_5y;real_h15_10y;real_tip,"{""real_h15_10y"":0.5406666222050699,""real_h15_5y"":1.6470105276411926,""real_tip"":1.136974821567931}",0.8501505985274646,0.16370212832892353,"[1.0,1.0401143342141086,1.003450670631514]","[[0.15039777974575336,0.001788716327518765,-0.0014618364893762962],[0.001788716327518765,0.05481041486702631,-0.0010180020833655764],[-0.0014618364893762962,-0.0010180020833655764,0.09579282466715085]]",development_only
NFP_201601_REL_20160205,2016-02-05,gold,gold_gld,1,gold_gld;gold_gc,"{""gold_gc"":0.01804490086321291,""gold_gld"":1.6893039782191286}",0.8057398834372426,0.14407797262134509,"[1.0,0.9874633095069]","[[0.04452140210692934,0.0003988324237603496],[0.0003988324237603496,0.03760578419298342]]",development_only
NFP_201601_REL_20160205,2016-02-05,dollar,dollar_dxy,1,dollar_dxy;dollar_uup,"{""dollar_dxy"":0.9785000021627555,""dollar_uup"":0.7543992209437186}",0.8906244942680299,0.2945329642650714,"[1.0,1.021562219282586]","[[0.2589368952533541,-0.013517004820323596],[-0.013517004820323596,0.15618573469252106]]",development_only
NFP_201602_REL_20160304,2016-03-04,policy,policy_h15_2y,1,policy_h15_2y;policy_h15_1y;policy_zt,"{""policy_h15_1y"":0.6511647803692188,""policy_h15_2y"":0.7965056402755359,""policy_zt"":0.8858983887019201}",0.7578939034497005,0.25360281467310003,"[1.0,1.0015566389895747,1.0013887142932434]","[[0.15113762967151154,0.001442112472435725,0.011203363669752671],[0.001442112472435725,0.17153781791263525,-0.020486319129869396],[0.011203363669752671,-0.020486319129869396,0.3750939524360022]]",development_only
NFP_201602_REL_20160304,2016-03-04,inflation,inflation_be5,1,inflation_be5;inflation_be10,"{""inflation_be10"":-0.5988010608632944,""inflation_be5"":-5.9949371069894544e-15}",-0.34161042175493467,0.28719740700292873,"[1.0,1.0873936540181521]","[[0.3013612411874447,-0.005292023542136603],[-0.005292023542136603,0.14279751254232229]]",development_only
NFP_201602_REL_20160304,2016-03-04,real_rate,real_h15_5y,1,real_h15_5y;real_h15_10y;real_tip,"{""real_h15_10y"":1.9154874418212564,""real_h15_5y"":1.3316925086069837,""real_tip"":1.1820310117005006}",1.506664788111697,0.16370212832892353,"[1.0,1.0401143342141086,1.003450670631514]","[[0.15039777974575336,0.001788716327518765,-0.0014618364893762962],[0.001788716327518765,0.05481041486702631,-0.0010180020833655764],[-0.0014618364893762962,-0.0010180020833655764,0.09579282466715085]]",development_only
NFP_201602_REL_20160304,2016-03-04,gold,gold_gld,1,gold_gld;gold_gc,"{""gold_gc"":0.8030287688959734,""gold_gld"":-0.13417968545555026}",0.38839629255230246,0.14407797262134509,"[1.0,0.9874633095069]","[[0.04452140210692934,0.0003988324237603496],[0.0003988324237603496,0.03760578419298342]]",development_only
NFP_201602_REL_20160304,2016-03-04,dollar,dollar_dxy,1,dollar_dxy;dollar_uup,"{""dollar_dxy"":-0.44553857403164043,""dollar_uup"":-0.5508553430672982}",-0.41297131142444155,0.2945329642650714,"[1.0,1.021562219282586]","[[0.2589368952533541,-0.013517004820323596],[-0.013517004820323596,0.15618573469252106]]",development_only
NFP_201603_REL_20160401,2016-04-01,policy,policy_h15_2y,1,policy_h15_2y;policy_h15_1y;policy_zt,"{""policy_h15_1y"":1.1409133541079968,""policy_h15_2y"":0.7425708130884834,""policy_zt"":1.438030767768005}",1.0286187008645977,0.25360281467310003,"[1.0,1.0015566389895747,1.0013887142932434]","[[0.15113762967151154,0.001442112472435725,0.011203363669752671],[0.001442112472435725,0.17153781791263525,-0.020486319129869396],[0.011203363669752671,-0.020486319129869396,0.3750939524360022]]",development_only
NFP_201603_REL_20160401,2016-04-01,inflation,inflation_be5,1,inflation_be5;inflation_be10,"{""inflation_be10"":0.0,""inflation_be5"":0.0}",0.04081506028531157,0.28719740700292873,"[1.0,1.0873936540181521]","[[0.3013612411874447,-0.005292023542136603],[-0.005292023542136603,0.14279751254232229]]",development_only
NFP_201603_REL_20160401,2016-04-01,real_rate,real_h15_5y,1,real_h15_5y;real_h15_10y;real_tip,"{""real_h15_10y"":0.24762648378996563,""real_h15_5y"":0.6390280366162712,""real_tip"":-0.2552838689524714}",0.12282463335485562,0.16370212832892353,"[1.0,1.0401143342141086,1.003450670631514]","[[0.15039777974575336,0.001788716327518765,-0.0014618364893762962],[0.001788716327518765,0.05481041486702631,-0.0010180020833655764],[-0.0014618364893762962,-0.0010180020833655764,0.09579282466715085]]",development_only
NFP_201603_REL_20160401,2016-04-01,gold,gold_gld,1,gold_gld;gold_gc,"{""gold_gc"":-0.7867826083758824,""gold_gld"":-0.49193531371088045}",-0.635449527746747,0.14407797262134509,"[1.0,0.9874633095069]","[[0.04452140210692934,0.0003988324237603496],[0.0003988324237603496,0.03760578419298342]]",development_only
NFP_201603_REL_20160401,2016-04-01,dollar,dollar_dxy,1,dollar_dxy;dollar_uup,"{""dollar_dxy"":0.06151303092482688,""dollar_uup"":-0.07987041866344013}",0.05492607398985975,0.2945329642650714,"[1.0,1.021562219282586]","[[0.2589368952533541,-0.013517004820323596],[-0.013517004820323596,0.15618573469252106]]",development_only
NFP_201604_REL_20160506,2016-05-06,policy,policy_h15_2y,1,policy_h15_2y;policy_h15_1y;policy_zt,"{""policy_h15_1y"":0.0,""policy_h15_2y"":0.540828537726546,""policy_zt"":0.46620574641699786}",0.32116011059384897,0.25360281467310003,"[1.0,1.0015566389895747,1.0013887142932434]","[[0.15113762967151154,0.001442112472435725,0.011203363669752671],[0.001442112472435725,0.17153781791263525,-0.020486319129869396],[0.011203363669752671,-0.020486319129869396,0.3750939524360022]]",development_only
NFP_201604_REL_20160506,2016-05-06,inflation,inflation_be5,1,inflation_be5;inflation_be10,"{""inflation_be10"":-0.668178384405163,""inflation_be5"":-0.2992187404300542}",-0.4711697866833974,0.28719740700292873,"[1.0,1.0873936540181521]","[[0.3013612411874447,-0.005292023542136603],[-0.005292023542136603,0.14279751254232229]]",development_only
NFP_201604_REL_20160506,2016-05-06,real_rate,real_h15_5y,1,real_h15_5y;real_h15_10y;real_tip,"{""real_h15_10y"":1.1856029620980646,""real_h15_5y"":0.7966583428682145,""real_tip"":1.0808325832325631}",1.012920681241355,0.16370212832892353,"[1.0,1.0401143342141086,1.003450670631514]","[[0.15039777974575336,0.001788716327518765,-0.0014618364893762962],[0.001788716327518765,0.05481041486702631,-0.0010180020833655764],[-0.0014618364893762962,-0.0010180020833655764,0.09579282466715085]]",development_only
NFP_201604_REL_20160506,2016-05-06,gold,gold_gld,1,gold_gld;gold_gc,"{""gold_gc"":1.399417091980351,""gold_gld"":0.7275577962746079}",1.108162734212213,0.14407797262134509,"[1.0,0.9874633095069]","[[0.04452140210692934,0.0003988324237603496],[0.0003988324237603496,0.03760578419298342]]",development_only
NFP_201604_REL_20160506,2016-05-06,dollar,dollar_dxy,1,dollar_dxy;dollar_uup,"{""dollar_dxy"":0.25774579892380395,""dollar_uup"":0.2834423103804472}",0.34446566433818815,0.2945329642650714,"[1.0,1.021562219282586]","[[0.2589368952533541,-0.013517004820323596],[-0.013517004820323596,0.15618573469252106]]",development_only
NFP_201605_REL_20160603,2016-06-03,policy,policy_h15_2y,1,policy_h15_2y;policy_h15_1y;policy_zt,"{""policy_h15_1y"":-4.142901925418511,""policy_h15_2y"":-3.2716075371991367,""policy_zt"":-3.6770074990859305}",-3.616657205290957,0.25360281467310003,"[1.0,1.0015566389895747,1.0013887142932434]","[[0.15113762967151154,0.001442112472435725,0.011203363669752671],[0.001442112472435725,0.17153781791263525,-0.020486319129869396],[0.011203363669752671,-0.020486319129869396,0.3750939524360022]]",development_only
NFP_201605_REL_20160603,2016-06-03,inflation,inflation_be5,1,inflation_be5;inflation_be10,"{""inflation_be10"":-0.7332578480241059,""inflation_be5"":-0.9941663252080911}",-0.7107327274741143,0.28719740700292873,"[1.0,1.0873936540181521]","[[0.3013612411874447,-0.005292023542136603],[-0.005292023542136603,0.14279751254232229]]",development_only
NFP_201605_REL_20160603,2016-06-03,real_rate,real_h15_5y,1,real_h15_5y;real_h15_10y;real_tip,"{""real_h15_10y"":-1.9645928873298892,""real_h15_5y"":-1.9335138151837599,""real_tip"":-2.0537253729032465}",-1.9708152364807143,0.16370212832892353,"[1.0,1.0401143342141086,1.003450670631514]","[[0.15039777974575336,0.001788716327518765,-0.0014618364893762962],[0.001788716327518765,0.05481041486702631,-0.0010180020833655764],[-0.0014618364893762962,-0.0010180020833655764,0.09579282466715085]]",development_only
NFP_201605_REL_20160603,2016-06-03,gold,gold_gld,1,gold_gld;gold_gc,"{""gold_gc"":2.482800872458037,""gold_gld"":2.6814637887761386}",2.5949273508463797,0.14407797262134509,"[1.0,0.9874633095069]","[[0.04452140210692934,0.0003988324237603496],[0.0003988324237603496,0.03760578419298342]]",development_only
NFP_201605_REL_20160603,2016-06-03,dollar,dollar_dxy,1,dollar_dxy;dollar_uup,"{""dollar_dxy"":-3.805865315596885,""dollar_uup"":-3.7536568052941806}",-3.5626395141598204,0.2945329642650714,"[1.0,1.021562219282586]","[[0.2589368952533541,-0.013517004820323596],[-0.013517004820323596,0.15618573469252106]]",development_only
NFP_201606_REL_20160708,2016-07-08,policy,policy_h15_2y,1,policy_h15_2y;policy_h15_1y;policy_zt,"{""policy_h15_1y"":0.4058572598798047,""policy_h15_2y"":0.8601331824692144,""policy_zt"":0.56860954649001}",0.6298699214113055,0.25360281467310003,"[1.0,1.0015566389895747,1.0013887142932434]","[[0.15113762967151154,0.001442112472435725,0.011203363669752671],[0.001442112472435725,0.17153781791263525,-0.020486319129869396],[0.011203363669752671,-0.020486319129869396,0.3750939524360022]]",development_only
NFP_201606_REL_20160708,2016-07-08,inflation,inflation_be5,1,inflation_be5;inflation_be10,"{""inflation_be10"":7.861017354873001e-15,""inflation_be5"":-0.6091864103936006}",-0.13275025276353314,0.28719740700292873,"[1.0,1.0873936540181521]","[[0.3013612411874447,-0.005292023542136603],[-0.005292023542136603,0.14279751254232229]]",development_only
NFP_201606_REL_20160708,2016-07-08,real_rate,real_h15_5y,1,real_h15_5y;real_h15_10y;real_tip,"{""real_h15_10y"":-0.7986075360256357,""real_h15_5y"":0.0,""real_tip"":-0.757738189353973}",-0.665754567518921,0.16370212832892353,"[1.0,1.0401143342141086,1.003450670631514]","[[0.15039777974575336,0.001788716327518765,-0.0014618364893762962],[0.001788716327518765,0.05481041486702631,-0.0010180020833655764],[-0.0014618364893762962,-0.0010180020833655764,0.09579282466715085]]",development_only
NFP_201606_REL_20160708,2016-07-08,gold,gold_gld,1,gold_gld;gold_gc,"{""gold_gc"":-0.23551700725274163,""gold_gld"":0.5268394756418258}",0.13240118615725602,0.14407797262134509,"[1.0,0.9874633095069]","[[0.04452140210692934,0.0003988324237603496],[0.0003988324237603496,0.03760578419298342]]",development_only
NFP_201606_REL_20160708,2016-07-08,dollar,dollar_dxy,1,dollar_dxy;dollar_uup,"{""dollar_dxy"":-0.05861533666758687,""dollar_uup"":0.07056379946099023}",0.1010487002631435,0.2945329642650714,"[1.0,1.021562219282586]","[[0.2589368952533541,-0.013517004820323596],[-0.013517004820323596,0.15618573469252106]]",development_only
NFP_201607_REL_20160805,2016-08-05,policy,policy_h15_2y,1,policy_h15_2y;policy_h15_1y;policy_zt,"{""policy_h15_1y"":1.9939708755756391,""policy_h15_2y"":2.272883149442107,""policy_zt"":2.2155805722085358}",2.130118658563068,0.25360281467310003,"[1.0,1.0015566389895747,1.0013887142932434]","[[0.15113762967151154,0.001442112472435725,0.011203363669752671],[0.001442112472435725,0.17153781791263525,-0.020486319129869396],[0.011203363669752671,-0.020486319129869396,0.3750939524360022]]",development_only
NFP_201607_REL_20160805,2016-08-05,inflation,inflation_be5,1,inflation_be5;inflation_be10,"{""inflation_be10"":1.0073784173193516,""inflation_be5"":0.9501472230892317}",0.9548888640456054,0.28719740700292873,"[1.0,1.0873936540181521]","[[0.3013612411874447,-0.005292023542136603],[-0.005292023542136603,0.14279751254232229]]",development_only
NFP_201607_REL_20160805,2016-08-05,real_rate,real_h15_5y,1,real_h15_5y;real_h15_10y;real_tip,"{""real_h15_10y"":1.2506736550580226,""real_h15_5y"":1.7468570044887208,""real_tip"":0.8021250972865226}",1.1317345603002227,0.16370212832892353,"[1.0,1.0401143342141086,1.003450670631514]","[[0.15039777974575336,0.001788716327518765,-0.0014618364893762962],[0.001788716327518765,0.05481041486702631,-0.0010180020833655764],[-0.0014618364893762962,-0.0010180020833655764,0.09579282466715085]]",development_only
NFP_201607_REL_20160805,2016-08-05,gold,gold_gld,1,gold_gld;gold_gc,"{""gold_gc"":-1.731197117998149,""gold_gld"":-1.642608142907591}",-1.6765278368840768,0.14407797262134509,"[1.0,0.9874633095069]","[[0.04452140210692934,0.0003988324237603496],[0.0003988324237603496,0.03760578419298342]]",development_only
NFP_201607_REL_20160805,2016-08-05,dollar,dollar_dxy,1,dollar_dxy;dollar_uup,"{""dollar_dxy"":0.8481450399463454,""dollar_uup"":0.9156816993059249}",0.9395003557853745,0.2945329642650714,"[1.0,1.021562219282586]","[[0.2589368952533541,-0.013517004820323596],[-0.013517004820323596,0.15618573469252106]]",development_only
NFP_201608_REL_20160902,2016-09-02,policy,policy_h15_2y,1,policy_h15_2y;policy_h15_1y;policy_zt,"{""policy_h15_1y"":-0.4623506417666459,""policy_h15_2y"":0.5741157884499316,""policy_zt"":0.23335357769143086}",0.11058138359393692,0.25360281467310003,"[1.0,1.0015566389895747,1.0013887142932434]","[[0.15113762967151154,0.001442112472435725,0.011203363669752671],[0.001442112472435725,0.17153781791263525,-0.020486319129869396],[0.011203363669752671,-0.020486319129869396,0.3750939524360022]]",development_only
NFP_201608_REL_20160902,2016-09-02,inflation,inflation_be5,1,inflation_be5;inflation_be10,"{""inflation_be10"":0.6797651567416966,""inflation_be5"":1.2470723540928466}",0.8302559272779698,0.28719740700292873,"[1.0,1.0873936540181521]","[[0.3013612411874447,-0.005292023542136603],[-0.005292023542136603,0.14279751254232229]]",development_only
NFP_201608_REL_20160902,2016-09-02,real_rate,real_h15_5y,1,real_h15_5y;real_h15_10y;real_tip,"{""real_h15_10y"":0.2653407769711015,""real_h15_5y"":-0.5555761425189528,""real_tip"":0.40353292914980643}",0.11309376058661823,0.16370212832892353,"[1.0,1.0401143342141086,1.003450670631514]","[[0.15039777974575336,0.001788716327518765,-0.0014618364893762962],[0.001788716327518765,0.05481041486702631,-0.0010180020833655764],[-0.0014618364893762962,-0.0010180020833655764,0.09579282466715085]]",development_only
NFP_201608_REL_20160902,2016-09-02,gold,gold_gld,1,gold_gld;gold_gc,"{""gold_gc"":0.8313224824273431,""gold_gld"":1.0003652929802764}",0.9271687288772229,0.14407797262134509,"[1.0,0.9874633095069]","[[0.04452140210692934,0.0003988324237603496],[0.0003988324237603496,0.03760578419298342]]",development_only
NFP_201608_REL_20160902,2016-09-02,dollar,dollar_dxy,1,dollar_dxy;dollar_uup,"{""dollar_dxy"":0.4738368785102939,""dollar_uup"":0.43982217750258373}",0.5173058824543946,0.2945329642650714,"[1.0,1.021562219282586]","[[0.2589368952533541,-0.013517004820323596],[-0.013517004820323596,0.15618573469252106]]",development_only
NFP_201609_REL_20161007,2016-10-07,policy,policy_h15_2y,1,policy_h15_2y;policy_h15_1y;policy_zt,"{""policy_h15_1y"":0.5777856766943389,""policy_h15_2y"":-1.036144210088675,""policy_zt"":-0.0}",-0.17972546376383863,0.25360281467310003,"[1.0,1.0015566389895747,1.0013887142932434]","[[0.15113762967151154,0.001442112472435725,0.011203363669752671],[0.001442112472435725,0.17153781791263525,-0.020486319129869396],[0.011203363669752671,-0.020486319129869396,0.3750939524360022]]",development_only
NFP_201609_REL_20161007,2016-10-07,inflation,inflation_be5,1,inflation_be5;inflation_be10,"{""inflation_be10"":-0.4222045828791053,""inflation_be5"":0.41941550037626724}",-0.10932967571761527,0.28719740700292873,"[1.0,1.0873936540181521]","[[0.3013612411874447,-0.005292023542136603],[-0.005292023542136603,0.14279751254232229]]",development_only
NFP_201609_REL_20161007,2016-10-07,real_rate,real_h15_5y,1,real_h15_5y;real_h15_10y;real_tip,"{""real_h15_10y"":-0.2664666826071623,""real_h15_5y"":-0.8233738289360593,""real_tip"":0.0981139150947804}",-0.2922145494970109,0.16370212832892353,"[1.0,1.0401143342141086,1.003450670631514]","[[0.15039777974575336,0.001788716327518765,-0.0014618364893762962],[0.001788716327518765,0.05481041486702631,-0.0010180020833655764],[-0.0014618364893762962,-0.0010180020833655764,0.09579282466715085]]",development_only
NFP_201609_REL_20161007,2016-10-07,gold,gold_gld,1,gold_gld;gold_gc,"{""gold_gc"":-0.0907767652497354,""gold_gld"":0.08069212326861278}",0.004729788148496337,0.14407797262134509,"[1.0,0.9874633095069]","[[0.04452140210692934,0.0003988324237603496],[0.0003988324237603496,0.03760578419298342]]",development_only
NFP_201609_REL_20161007,2016-10-07,dollar,dollar_dxy,1,dollar_dxy;dollar_uup,"{""dollar_dxy"":-0.3504761346459327,""dollar_uup"":-0.3808939410462854}",-0.2763266076583513,0.2945329642650714,"[1.0,1.021562219282586]","[[0.2589368952533541,-0.013517004820323596],[-0.013517004820323596,0.15618573469252106]]",development_only
NFP_201610_REL_20161104,2016-11-04,policy,policy_h15_2y,1,policy_h15_2y;policy_h15_1y;policy_zt,"{""policy_h15_1y"":-1.381525613451567,""policy_h15_2y"":-0.3838973634691977,""policy_zt"":-0.8597755602800938}",-0.8403666640668369,0.25360281467310003,"[1.0,1.0015566389895747,1.0013887142932434]","[[0.15113762967151154,0.001442112472435725,0.011203363669752671],[0.001442112472435725,0.17153781791263525,-0.020486319129869396],[0.011203363669752671,-0.020486319129869396,0.3750939524360022]]",development_only
NFP_201610_REL_20161104,2016-11-04,inflation,inflation_be5,1,inflation_be5;inflation_be10,"{""inflation_be10"":-1.0680961119674359e-14,""inflation_be5"":0.0}",0.040815060285304745,0.28719740700292873,"[1.0,1.0873936540181521]","[[0.3013612411874447,-0.005292023542136603],[-0.005292023542136603,0.14279751254232229]]",development_only
NFP_201610_REL_20161104,2016-11-04,real_rate,real_h15_5y,1,real_h15_5y;real_h15_10y;real_tip,"{""real_h15_10y"":-0.910208383294368,""real_h15_5y"":-0.6034024532458987,""real_tip"":-1.075785374556178}",-0.9198786557196976,0.16370212832892353,"[1.0,1.0401143342141086,1.003450670631514]","[[0.15039777974575336,0.001788716327518765,-0.0014618364893762962],[0.001788716327518765,0.05481041486702631,-0.0010180020833655764],[-0.0014618364893762962,-0.0010180020833655764,0.09579282466715085]]",development_only
NFP_201610_REL_20161104,2016-11-04,gold,gold_gld,1,gold_gld;gold_gc,"{""gold_gc"":0.11966095409269475,""gold_gld"":0.10048642794092302}",0.1275359698027725,0.14407797262134509,"[1.0,0.9874633095069]","[[0.04452140210692934,0.0003988324237603496],[0.0003988324237603496,0.03760578419298342]]",development_only
NFP_201610_REL_20161104,2016-11-04,dollar,dollar_dxy,1,dollar_dxy;dollar_uup,"{""dollar_dxy"":-0.22605436916736552,""dollar_uup"":-0.740645189628776}",-0.4462783129262337,0.2945329642650714,"[1.0,1.021562219282586]","[[0.2589368952533541,-0.013517004820323596],[-0.013517004820323596,0.15618573469252106]]",development_only
NFP_201611_REL_20161202,2016-12-02,policy,policy_h15_2y,1,policy_h15_2y;policy_h15_1y;policy_zt,"{""policy_h15_1y"":-1.0306240257870145,""policy_h15_2y"":-1.2000271195633705,""policy_zt"":-1.7689872111661749}",-1.2000644564691965,0.25360281467310003,"[1.0,1.0015566389895747,1.0013887142932434]","[[0.15113762967151154,0.001442112472435725,0.011203363669752671],[0.001442112472435725,0.17153781791263525,-0.020486319129869396],[0.011203363669752671,-0.020486319129869396,0.3750939524360022]]",development_only
NFP_201611_REL_20161202,2016-12-02,inflation,inflation_be5,1,inflation_be5;inflation_be10,"{""inflation_be10"":-2.2113917024588394,""inflation_be5"":-1.7749578139157078}",-1.8772037205091916,0.28719740700292873,"[1.0,1.0873936540181521]","[[0.3013612411874447,-0.005292023542136603],[-0.005292023542136603,0.14279751254232229]]",development_only
NFP_201611_REL_20161202,2016-12-02,real_rate,real_h15_5y,1,real_h15_5y;real_h15_10y;real_tip,"{""real_h15_10y"":0.2643046186235732,""real_h15_5y"":-0.2665870204213775,""real_tip"":-0.20233182045336442}",-0.011840931657937563,0.16370212832892353,"[1.0,1.0401143342141086,1.003450670631514]","[[0.15039777974575336,0.001788716327518765,-0.0014618364893762962],[0.001788716327518765,0.05481041486702631,-0.0010180020833655764],[-0.0014618364893762962,-0.0010180020833655764,0.09579282466715085]]",development_only
NFP_201611_REL_20161202,2016-12-02,gold,gold_gld,1,gold_gld;gold_gc,"{""gold_gc"":0.7457336327454188,""gold_gld"":0.650614751223814}",0.7195579441816536,0.14407797262134509,"[1.0,0.9874633095069]","[[0.04452140210692934,0.0003988324237603496],[0.0003988324237603496,0.03760578419298342]]",development_only
NFP_201611_REL_20161202,2016-12-02,dollar,dollar_dxy,1,dollar_dxy;dollar_uup,"{""dollar_dxy"":-0.6199398264803501,""dollar_uup"":-0.6366110806388249}",-0.5282298663739893,0.2945329642650714,"[1.0,1.021562219282586]","[[0.2589368952533541,-0.013517004820323596],[-0.013517004820323596,0.15618573469252106]]",development_only
NFP_201612_REL_20170106,2017-01-06,policy,policy_h15_2y,1,policy_h15_2y;policy_h15_1y;policy_zt,"{""policy_h15_1y"":0.962779427614257,""policy_h15_2y"":1.6698405982094802,""policy_zt"":1.0822409142189633}",1.272747472211778,0.25360281467310003,"[1.0,1.0015566389895747,1.0013887142932434]","[[0.15113762967151154,0.001442112472435725,0.011203363669752671],[0.001442112472435725,0.17153781791263525,-0.020486319129869396],[0.011203363669752671,-0.020486319129869396,0.3750939524360022]]",development_only
NFP_201612_REL_20170106,2017-01-06,inflation,inflation_be5,1,inflation_be5;inflation_be10,"{""inflation_be10"":0.33523800521941377,""inflation_be5"":0.27885691835699117}",0.3343655214741202,0.28719740700292873,"[1.0,1.0873936540181521]","[[0.3013612411874447,-0.005292023542136603],[-0.005292023542136603,0.14279751254232229]]",development_only
NFP_201612_REL_20170106,2017-01-06,real_rate,real_h15_5y,1,real_h15_5y;real_h15_10y;real_tip,"{""real_h15_10y"":1.0658346635170362,""real_h15_5y"":1.1284095050334004,""real_tip"":1.5003252943443284}",1.131237979628696,0.16370212832892353,"[1.0,1.0401143342141086,1.003450670631514]","[[0.15039777974575336,0.001788716327518765,-0.0014618364893762962],[0.001788716327518765,0.05481041486702631,-0.0010180020833655764],[-0.0014618364893762962,-0.0010180020833655764,0.09579282466715085]]",development_only
NFP_201612_REL_20170106,2017-01-06,gold,gold_gld,1,gold_gld;gold_gc,"{""gold_gc"":-0.7250611905836707,""gold_gld"":-0.9274302340477234}",-0.8030503848290592,0.14407797262134509,"[1.0,0.9874633095069]","[[0.04452140210692934,0.0003988324237603496],[0.0003988324237603496,0.03760578419298342]]",development_only
NFP_201612_REL_20170106,2017-01-06,dollar,dollar_dxy,1,dollar_dxy;dollar_uup,"{""dollar_dxy"":1.3872780596837948,""dollar_uup"":1.5151533183005665}",1.4961253236369776,0.2945329642650714,"[1.0,1.021562219282586]","[[0.2589368952533541,-0.013517004820323596],[-0.013517004820323596,0.15618573469252106]]",development_only
NFP_201701_REL_20170203,2017-02-03,policy,policy_h15_2y,1,policy_h15_2y;policy_h15_1y;policy_zt,"{""policy_h15_1y"":-0.9224757657854977,""policy_h15_2y"":0.0,""policy_zt"":0.2057978118518551}",-0.30999981623913736,0.25360281467310003,"[1.0,1.0015566389895747,1.0013887142932434]","[[0.15113762967151154,0.001442112472435725,0.011203363669752671],[0.001442112472435725,0.17153781791263525,-0.020486319129869396],[0.011203363669752671,-0.020486319129869396,0.3750939524360022]]",development_only
NFP_201701_REL_20170203,2017-02-03,inflation,inflation_be5,1,inflation_be5;inflation_be10,"{""inflation_be10"":1.4703851394562878e-14,""inflation_be5"":-0.5387846079928801}",-0.1126918426210745,0.28719740700292873,"[1.0,1.0873936540181521]","[[0.3013612411874447,-0.005292023542136603],[-0.005292023542136603,0.14279751254232229]]",development_only
NFP_201701_REL_20170203,2017-02-03,real_rate,real_h15_5y,1,real_h15_5y;real_h15_10y;real_tip,"{""real_h15_10y"":0.25589843339350204,""real_h15_5y"":0.6474859904046171,""real_tip"":0.36785970265808854}",0.3084632802450926,0.16370212832892353,"[1.0,1.0401143342141086,1.003450670631514]","[[0.15039777974575336,0.001788716327518765,-0.0014618364893762962],[0.001788716327518765,0.05481041486702631,-0.0010180020833655764],[-0.0014618364893762962,-0.0010180020833655764,0.09579282466715085]]",development_only
NFP_201701_REL_20170203,2017-02-03,gold,gold_gld,1,gold_gld;gold_gc,"{""gold_gc"":0.1555047407142577,""gold_gld"":0.2943787071425231}",0.23636142329846152,0.14407797262134509,"[1.0,0.9874633095069]","[[0.04452140210692934,0.0003988324237603496],[0.0003988324237603496,0.03760578419298342]]",development_only
NFP_201701_REL_20170203,2017-02-03,dollar,dollar_dxy,1,dollar_dxy;dollar_uup,"{""dollar_dxy"":0.03996095991662885,""dollar_uup"":-0.07551904976844906}",0.049638557637145996,0.2945329642650714,"[1.0,1.021562219282586]","[[0.2589368952533541,-0.013517004820323596],[-0.013517004820323596,0.15618573469252106]]",development_only
NFP_201702_REL_20170310,2017-03-10,policy,policy_h15_2y,1,policy_h15_2y;policy_h15_1y;policy_zt,"{""policy_h15_1y"":-0.4300728330484482,""policy_h15_2y"":-0.2804882526611023,""policy_zt"":-0.19885187838161134}",-0.3039273650980848,0.25360281467310003,"[1.0,1.0015566389895747,1.0013887142932434]","[[0.15113762967151154,0.001442112472435725,0.011203363669752671],[0.001442112472435725,0.17153781791263525,-0.020486319129869396],[0.011203363669752671,-0.020486319129869396,0.3750939524360022]]",development_only
NFP_201702_REL_20170310,2017-03-10,inflation,inflation_be5,1,inflation_be5;inflation_be10,"{""inflation_be10"":0.4143002363056974,""inflation_be5"":0.2765579762615077}",0.3842037725659862,0.28719740700292873,"[1.0,1.0873936540181521]","[[0.3013612411874447,-0.005292023542136603],[-0.005292023542136603,0.14279751254232229]]",development_only
NFP_201702_REL_20170310,2017-03-10,real_rate,real_h15_5y,1,real_h15_5y;real_h15_10y;real_tip,"{""real_h15_10y"":-0.828466583349006,""real_h15_5y"":-0.5803453371824794,""real_tip"":-0.6927489357750616}",-0.7636891684611768,0.16370212832892353,"[1.0,1.0401143342141086,1.003450670631514]","[[0.15039777974575336,0.001788716327518765,-0.0014618364893762962],[0.001788716327518765,0.05481041486702631,-0.0010180020833655764],[-0.0014618364893762962,-0.0010180020833655764,0.09579282466715085]]",development_only
NFP_201702_REL_20170310,2017-03-10,gold,gold_gld,1,gold_gld;gold_gc,"{""gold_gc"":-0.18304043452631769,""gold_gld"":0.3105521176669939}",0.06095078218606959,0.14407797262134509,"[1.0,0.9874633095069]","[[0.04452140210692934,0.0003988324237603496],[0.0003988324237603496,0.03760578419298342]]",development_only
NFP_201702_REL_20170310,2017-03-10,dollar,dollar_dxy,1,dollar_dxy;dollar_uup,"{""dollar_dxy"":-1.334623114371991,""dollar_uup"":-1.4495844005664553}",-1.2770668118055621,0.2945329642650714,"[1.0,1.021562219282586]","[[0.2589368952533541,-0.013517004820323596],[-0.013517004820323596,0.15618573469252106]]",development_only
NFP_201703_REL_20170407,2017-04-07,policy,policy_h15_2y,1,policy_h15_2y;policy_h15_1y;policy_zt,"{""policy_h15_1y"":1.4453523243210427,""policy_h15_2y"":1.5645428147971632,""policy_zt"":1.329535890888337}",1.464495663618041,0.25360281467310003,"[1.0,1.0015566389895747,1.0013887142932434]","[[0.15113762967151154,0.001442112472435725,0.011203363669752671],[0.001442112472435725,0.17153781791263525,-0.020486319129869396],[0.011203363669752671,-0.020486319129869396,0.3750939524360022]]",development_only
NFP_201703_REL_20170407,2017-04-07,inflation,inflation_be5,1,inflation_be5;inflation_be10,"{""inflation_be10"":-0.48195794896123534,""inflation_be5"":-0.29237738129868307}",-0.3502905429794623,0.28719740700292873,"[1.0,1.0873936540181521]","[[0.3013612411874447,-0.005292023542136603],[-0.005292023542136603,0.14279751254232229]]",development_only
NFP_201703_REL_20170407,2017-04-07,real_rate,real_h15_5y,1,real_h15_5y;real_h15_10y;real_tip,"{""real_h15_10y"":1.4159104719794637,""real_h15_5y"":1.256662932105677,""real_tip"":1.5334891396638037}",1.3411565065200595,0.16370212832892353,"[1.0,1.0401143342141086,1.003450670631514]","[[0.15039777974575336,0.001788716327518765,-0.0014618364893762962],[0.001788716327518765,0.05481041486702631,-0.0010180020833655764],[-0.0014618364893762962,-0.0010180020833655764,0.09579282466715085]]",development_only
NFP_201703_REL_20170407,2017-04-07,gold,gold_gld,1,gold_gld;gold_gc,"{""gold_gc"":0.48725140554172947,""gold_gld"":0.3777450833051048}",0.4540282110096119,0.14407797262134509,"[1.0,0.9874633095069]","[[0.04452140210692934,0.0003988324237603496],[0.0003988324237603496,0.03760578419298342]]",development_only
NFP_201703_REL_20170407,2017-04-07,dollar,dollar_dxy,1,dollar_dxy;dollar_uup,"{""dollar_dxy"":1.334771244100614,""dollar_uup"":1.090447243962042}",1.2224511312036148,0.2945329642650714,"[1.0,1.021562219282586]","[[0.2589368952533541,-0.013517004820323596],[-0.013517004820323596,0.15618573469252106]]",development_only
NFP_201704_REL_20170505,2017-05-05,policy,policy_h15_2y,1,policy_h15_2y;policy_h15_1y;policy_zt,"{""policy_h15_1y"":-0.4518451319866965,""policy_h15_2y"":0.0,""policy_zt"":0.13399175201010963}",-0.13771281883724712,0.25360281467310003,"[1.0,1.0015566389895747,1.0013887142932434]","[[0.15113762967151154,0.001442112472435725,0.011203363669752671],[0.001442112472435725,0.17153781791263525,-0.020486319129869396],[0.011203363669752671,-0.020486319129869396,0.3750939524360022]]",development_only
NFP_201704_REL_20170505,2017-05-05,inflation,inflation_be5,1,inflation_be5;inflation_be10,"{""inflation_be10"":0.0,""inflation_be5"":0.7608576303132465}",0.2575935217509909,0.28719740700292873,"[1.0,1.0873936540181521]","[[0.3013612411874447,-0.005292023542136603],[-0.005292023542136603,0.14279751254232229]]",development_only
NFP_201704_REL_20170505,2017-05-05,real_rate,real_h15_5y,1,real_h15_5y;real_h15_10y;real_tip,"{""real_h15_10y"":0.0,""real_h15_5y"":-0.3859190132542245,""real_tip"":-0.3109093318631421}",-0.19838932707557003,0.16370212832892353,"[1.0,1.0401143342141086,1.003450670631514]","[[0.15039777974575336,0.001788716327518765,-0.0014618364893762962],[0.001788716327518765,0.05481041486702631,-0.0010180020833655764],[-0.0014618364893762962,-0.0010180020833655764,0.09579282466715085]]",development_only
NFP_201704_REL_20170505,2017-05-05,gold,gold_gld,1,gold_gld;gold_gc,"{""gold_gc"":-0.20949667537378378,""gold_gld"":0.29906784676546416}",0.041360874754062055,0.14407797262134509,"[1.0,0.9874633095069]","[[0.04452140210692934,0.0003988324237603496],[0.0003988324237603496,0.03760578419298342]]",development_only
NFP_201704_REL_20170505,2017-05-05,dollar,dollar_dxy,1,dollar_dxy;dollar_uup,"{""dollar_dxy"":-0.3086547132634751,""dollar_uup"":-0.38441148987846774}",-0.2631149851627182,0.2945329642650714,"[1.0,1.021562219282586]","[[0.2589368952533541,-0.013517004820323596],[-0.013517004820323596,0.15618573469252106]]",development_only
NFP_201705_REL_20170602,2017-06-02,policy,policy_h15_2y,1,policy_h15_2y;policy_h15_1y;policy_zt,"{""policy_h15_1y"":0.0,""policy_h15_2y"":0.0,""policy_zt"":-0.44308767556153333}",-0.06427853290631778,0.25360281467310003,"[1.0,1.0015566389895747,1.0013887142932434]","[[0.15113762967151154,0.001442112472435725,0.011203363669752671],[0.001442112472435725,0.17153781791263525,-0.020486319129869396],[0.011203363669752671,-0.020486319129869396,0.3750939524360022]]",development_only
NFP_201705_REL_20170602,2017-06-02,inflation,inflation_be5,1,inflation_be5;inflation_be10,"{""inflation_be10"":-1.1327283775835726,""inflation_be5"":-0.27005748487860987}",-0.759547129104288,0.28719740700292873,"[1.0,1.0873936540181521]","[[0.3013612411874447,-0.005292023542136603],[-0.005292023542136603,0.14279751254232229]]",development_only
NFP_201705_REL_20170602,2017-06-02,real_rate,real_h15_5y,1,real_h15_5y;real_h15_10y;real_tip,"{""real_h15_10y"":-1.1343355321219277,""real_h15_5y"":-0.9262407040646083,""real_tip"":-1.6099430920626847}",-1.244513523137006,0.16370212832892353,"[1.0,1.0401143342141086,1.003450670631514]","[[0.15039777974575336,0.001788716327518765,-0.0014618364893762962],[0.001788716327518765,0.05481041486702631,-0.0010180020833655764],[-0.0014618364893762962,-0.0010180020833655764,0.09579282466715085]]",development_only
NFP_201705_REL_20170602,2017-06-02,gold,gold_gld,1,gold_gld;gold_gc,"{""gold_gc"":1.1650586779167071,""gold_gld"":1.1576988919153421}",1.1800393283576511,0.14407797262134509,"[1.0,0.9874633095069]","[[0.04452140210692934,0.0003988324237603496],[0.0003988324237603496,0.03760578419298342]]",development_only
NFP_201705_REL_20170602,2017-06-02,dollar,dollar_dxy,1,dollar_dxy;dollar_uup,"{""dollar_dxy"":-1.334477682511622,""dollar_uup"":-1.1763920018810186}",-1.1133441093075045,0.2945329642650714,"[1.0,1.021562219282586]","[[0.2589368952533541,-0.013517004820323596],[-0.013517004820323596,0.15618573469252106]]",development_only
NFP_201706_REL_20170707,2017-07-07,policy,policy_h15_2y,1,policy_h15_2y;policy_h15_1y;policy_zt,"{""policy_h15_1y"":-0.5861364180983114,""policy_h15_2y"":0.0,""policy_zt"":0.1226869229511148}",-0.19262866334705744,0.25360281467310003,"[1.0,1.0015566389895747,1.0013887142932434]","[[0.15113762967151154,0.001442112472435725,0.011203363669752671],[0.001442112472435725,0.17153781791263525,-0.020486319129869396],[0.011203363669752671,-0.020486319129869396,0.3750939524360022]]",development_only
NFP_201706_REL_20170707,2017-07-07,inflation,inflation_be5,1,inflation_be5;inflation_be10,"{""inflation_be10"":-1.589454582888414,""inflation_be5"":-0.881829460210627}",-1.2255381984950102,0.28719740700292873,"[1.0,1.0873936540181521]","[[0.3013612411874447,-0.005292023542136603],[-0.005292023542136603,0.14279751254232229]]",development_only
NFP_201706_REL_20170707,2017-07-07,real_rate,real_h15_5y,1,real_h15_5y;real_h15_10y;real_tip,"{""real_h15_10y"":1.5917179942794848,""real_h15_5y"":1.0432209217755164,""real_tip"":1.3682941999566036}",1.3454529155624106,0.16370212832892353,"[1.0,1.0401143342141086,1.003450670631514]","[[0.15039777974575336,0.001788716327518765,-0.0014618364893762962],[0.001788716327518765,0.05481041486702631,-0.0010180020833655764],[-0.0014618364893762962,-0.0010180020833655764,0.09579282466715085]]",development_only
NFP_201706_REL_20170707,2017-07-07,gold,gold_gld,1,gold_gld;gold_gc,"{""gold_gc"":-1.576773507913719,""gold_gld"":-1.559158662391453}",-1.5546079512287143,0.14407797262134509,"[1.0,0.9874633095069]","[[0.04452140210692934,0.0003988324237603496],[0.0003988324237603496,0.03760578419298342]]",development_only
NFP_201706_REL_20170707,2017-07-07,dollar,dollar_dxy,1,dollar_dxy;dollar_uup,"{""dollar_dxy"":0.5419260053528806,""dollar_uup"":0.40714848765665895}",0.5226718086218614,0.2945329642650714,"[1.0,1.021562219282586]","[[0.2589368952533541,-0.013517004820323596],[-0.013517004820323596,0.15618573469252106]]",development_only
NFP_201707_REL_20170804,2017-08-04,policy,policy_h15_2y,1,policy_h15_2y;policy_h15_1y;policy_zt,"{""policy_h15_1y"":0.6516625718004718,""policy_h15_2y"":0.9511753370203637,""policy_zt"":0.6445342635777073}",0.7775624943312097,0.25360281467310003,"[1.0,1.0015566389895747,1.0013887142932434]","[[0.15113762967151154,0.001442112472435725,0.011203363669752671],[0.001442112472435725,0.17153781791263525,-0.020486319129869396],[0.011203363669752671,-0.020486319129869396,0.3750939524360022]]",development_only
NFP_201707_REL_20170804,2017-08-04,inflation,inflation_be5,1,inflation_be5;inflation_be10,"{""inflation_be10"":1.1059929729053783,""inflation_be5"":1.1615013413051498}",1.078086845218926,0.28719740700292873,"[1.0,1.0873936540181521]","[[0.3013612411874447,-0.005292023542136603],[-0.005292023542136603,0.14279751254232229]]",development_only
NFP_201707_REL_20170804,2017-08-04,real_rate,real_h15_5y,1,real_h15_5y;real_h15_10y;real_tip,"{""real_h15_10y"":0.35194153086507773,""real_h15_5y"":0.0,""real_tip"":0.627029765254538}",0.3188413082707027,0.16370212832892353,"[1.0,1.0401143342141086,1.003450670631514]","[[0.15039777974575336,0.001788716327518765,-0.0014618364893762962],[0.001788716327518765,0.05481041486702631,-0.0010180020833655764],[-0.0014618364893762962,-0.0010180020833655764,0.09579282466715085]]",development_only
NFP_201707_REL_20170804,2017-08-04,gold,gold_gld,1,gold_gld;gold_gc,"{""gold_gc"":-1.1819585093852365,""gold_gld"":-1.3448980582705754}",-1.242477574782574,0.14407797262134509,"[1.0,0.9874633095069]","[[0.04452140210692934,0.0003988324237603496],[0.0003988324237603496,0.03760578419298342]]",development_only
NFP_201707_REL_20170804,2017-08-04,dollar,dollar_dxy,1,dollar_dxy;dollar_uup,"{""dollar_dxy"":2.26418975380953,""dollar_uup"":2.391114809864571}",2.342121931817716,0.2945329642650714,"[1.0,1.021562219282586]","[[0.2589368952533541,-0.013517004820323596],[-0.013517004820323596,0.15618573469252106]]",development_only
NFP_201708_REL_20170901,2017-09-01,policy,policy_h15_2y,1,policy_h15_2y;policy_h15_1y;policy_zt,"{""policy_h15_1y"":0.697134639153072,""policy_h15_2y"":1.0429003499244305,""policy_zt"":0.659935427198148}",0.8357089474307734,0.25360281467310003,"[1.0,1.0015566389895747,1.0013887142932434]","[[0.15113762967151154,0.001442112472435725,0.011203363669752671],[0.001442112472435725,0.17153781791263525,-0.020486319129869396],[0.011203363669752671,-0.020486319129869396,0.3750939524360022]]",development_only
NFP_201708_REL_20170901,2017-09-01,inflation,inflation_be5,1,inflation_be5;inflation_be10,"{""inflation_be10"":1.7997559818330695,""inflation_be5"":1.9939708755756314}",1.7583416088807236,0.28719740700292873,"[1.0,1.0873936540181521]","[[0.3013612411874447,-0.005292023542136603],[-0.005292023542136603,0.14279751254232229]]",development_only
NFP_201708_REL_20170901,2017-09-01,real_rate,real_h15_5y,1,real_h15_5y;real_h15_10y;real_tip,"{""real_h15_10y"":0.3662952710468258,""real_h15_5y"":-0.7010555962350842,""real_tip"":1.0795616006305213}",0.3341743429693225,0.16370212832892353,"[1.0,1.0401143342141086,1.003450670631514]","[[0.15039777974575336,0.001788716327518765,-0.0014618364893762962],[0.001788716327518765,0.05481041486702631,-0.0010180020833655764],[-0.0014618364893762962,-0.0010180020833655764,0.09579282466715085]]",development_only
NFP_201708_REL_20170901,2017-09-01,gold,gold_gld,1,gold_gld;gold_gc,"{""gold_gc"":1.0106398581911662,""gold_gld"":0.3193335278332177}",0.7097972783016536,0.14407797262134509,"[1.0,0.9874633095069]","[[0.04452140210692934,0.0003988324237603496],[0.0003988324237603496,0.03760578419298342]]",development_only
NFP_201708_REL_20170901,2017-09-01,dollar,dollar_dxy,1,dollar_dxy;dollar_uup,"{""dollar_dxy"":0.4189849131041628,""dollar_uup"":0.5348203231597263}",0.5541272152464771,0.2945329642650714,"[1.0,1.021562219282586]","[[0.2589368952533541,-0.013517004820323596],[-0.013517004820323596,0.15618573469252106]]",development_only
NFP_201709_REL_20171006,2017-10-06,policy,policy_h15_2y,1,policy_h15_2y;policy_h15_1y;policy_zt,"{""policy_h15_1y"":0.0,""policy_h15_2y"":2.528371230775368,""policy_zt"":0.4663317030590572}",1.132813241415622,0.25360281467310003,"[1.0,1.0015566389895747,1.0013887142932434]","[[0.15113762967151154,0.001442112472435725,0.011203363669752671],[0.001442112472435725,0.17153781791263525,-0.020486319129869396],[0.011203363669752671,-0.020486319129869396,0.3750939524360022]]",development_only
NFP_201709_REL_20171006,2017-10-06,inflation,inflation_be5,1,inflation_be5;inflation_be10,"{""inflation_be10"":0.6530742868130598,""inflation_be5"":1.486895802667742}",0.8815386415535559,0.28719740700292873,"[1.0,1.0873936540181521]","[[0.3013612411874447,-0.005292023542136603],[-0.005292023542136603,0.14279751254232229]]",development_only
NFP_201709_REL_20171006,2017-10-06,real_rate,real_h15_5y,1,real_h15_5y;real_h15_10y;real_tip,"{""real_h15_10y"":0.3691607275254932,""real_h15_5y"":-0.3334641908476325,""real_tip"":0.3693401276673841}",0.194836708657321,0.16370212832892353,"[1.0,1.0401143342141086,1.003450670631514]","[[0.15039777974575336,0.001788716327518765,-0.0014618364893762962],[0.001788716327518765,0.05481041486702631,-0.0010180020833655764],[-0.0014618364893762962,-0.0010180020833655764,0.09579282466715085]]",development_only
NFP_201709_REL_20171006,2017-10-06,gold,gold_gld,1,gold_gld;gold_gc,"{""gold_gc"":0.216464207804831,""gold_gld"":0.7227830521829769}",0.4669596124128702,0.14407797262134509,"[1.0,0.9874633095069]","[[0.04452140210692934,0.0003988324237603496],[0.0003988324237603496,0.03760578419298342]]",development_only
NFP_201709_REL_20171006,2017-10-06,dollar,dollar_dxy,1,dollar_dxy;dollar_uup,"{""dollar_dxy"":-0.43431509528577483,""dollar_uup"":-0.40133077124838906}",-0.3192801081336423,0.2945329642650714,"[1.0,1.021562219282586]","[[0.2589368952533541,-0.013517004820323596],[-0.013517004820323596,0.15618573469252106]]",development_only
NFP_201710_REL_20171103,2017-11-03,policy,policy_h15_2y,1,policy_h15_2y;policy_h15_1y;policy_zt,"{""policy_h15_1y"":1.8572951455510016,""policy_h15_2y"":0.9204038703064022,""policy_zt"":0.47288086457326184}",1.208576363591165,0.25360281467310003,"[1.0,1.0015566389895747,1.0013887142932434]","[[0.15113762967151154,0.001442112472435725,0.011203363669752671],[0.001442112472435725,0.17153781791263525,-0.020486319129869396],[0.011203363669752671,-0.020486319129869396,0.3750939524360022]]",development_only
NFP_201710_REL_20171103,2017-11-03,inflation,inflation_be5,1,inflation_be5;inflation_be10,"{""inflation_be10"":-0.6692342593794379,""inflation_be5"":-1.3891674867161092}",-0.7823850220192861,0.28719740700292873,"[1.0,1.0873936540181521]","[[0.3013612411874447,-0.005292023542136603],[-0.005292023542136603,0.14279751254232229]]",development_only
NFP_201710_REL_20171103,2017-11-03,real_rate,real_h15_5y,1,real_h15_5y;real_h15_10y;real_tip,"{""real_h15_10y"":0.0,""real_h15_5y"":1.0839770401396487,""real_tip"":-0.3353575946868354}",0.051701593195733316,0.16370212832892353,"[1.0,1.0401143342141086,1.003450670631514]","[[0.15039777974575336,0.001788716327518765,-0.0014618364893762962],[0.001788716327518765,0.05481041486702631,-0.0010180020833655764],[-0.0014618364893762962,-0.0010180020833655764,0.09579282466715085]]",development_only
NFP_201710_REL_20171103,2017-11-03,gold,gold_gld,1,gold_gld;gold_gc,"{""gold_gc"":-1.0625877823166532,""gold_gld"":-0.7302762715871566}",-0.8944048138045089,0.14407797262134509,"[1.0,0.9874633095069]","[[0.04452140210692934,0.0003988324237603496],[0.0003988324237603496,0.03760578419298342]]",development_only
NFP_201710_REL_20171103,2017-11-03,dollar,dollar_dxy,1,dollar_dxy;dollar_uup,"{""dollar_dxy"":0.6895002271503513,""dollar_uup"":0.6137813180899274}",0.7005211588704257,0.2945329642650714,"[1.0,1.021562219282586]","[[0.2589368952533541,-0.013517004820323596],[-0.013517004820323596,0.15618573469252106]]",development_only
NFP_201711_REL_20171208,2017-12-08,policy,policy_h15_2y,1,policy_h15_2y;policy_h15_1y;policy_zt,"{""policy_h15_1y"":-1.1601756783189092,""policy_h15_2y"":0.0,""policy_zt"":-0.5192477574834832}",-0.5348175776312181,0.25360281467310003,"[1.0,1.0015566389895747,1.0013887142932434]","[[0.15113762967151154,0.001442112472435725,0.011203363669752671],[0.001442112472435725,0.17153781791263525,-0.020486319129869396],[0.011203363669752671,-0.020486319129869396,0.3750939524360022]]",development_only
NFP_201711_REL_20171208,2017-12-08,inflation,inflation_be5,1,inflation_be5;inflation_be10,"{""inflation_be10"":0.7362270824615912,""inflation_be5"":-0.8176865914127789}",0.2780381543231008,0.28719740700292873,"[1.0,1.0873936540181521]","[[0.3013612411874447,-0.005292023542136603],[-0.005292023542136603,0.14279751254232229]]",development_only
NFP_201711_REL_20171208,2017-12-08,real_rate,real_h15_5y,1,real_h15_5y;real_h15_10y;real_tip,"{""real_h15_10y"":0.0,""real_h15_5y"":0.7601604284352033,""real_tip"":0.24838084967346272}",0.16362704971335468,0.16370212832892353,"[1.0,1.0401143342141086,1.003450670631514]","[[0.15039777974575336,0.001788716327518765,-0.0014618364893762962],[0.001788716327518765,0.05481041486702631,-0.0010180020833655764],[-0.0014618364893762962,-0.0010180020833655764,0.09579282466715085]]",development_only
NFP_201711_REL_20171208,2017-12-08,gold,gold_gld,1,gold_gld;gold_gc,"{""gold_gc"":-0.5471093745911925,""gold_gld"":-0.014026073454772988}",-0.28547287645680003,0.14407797262134509,"[1.0,0.9874633095069]","[[0.04452140210692934,0.0003988324237603496],[0.0003988324237603496,0.03760578419298342]]",development_only
NFP_201711_REL_20171208,2017-12-08,dollar,dollar_dxy,1,dollar_dxy;dollar_uup,"{""dollar_dxy"":0.3088630436066544,""dollar_uup"":0.45966372010004447}",0.4687638234750851,0.2945329642650714,"[1.0,1.021562219282586]","[[0.2589368952533541,-0.013517004820323596],[-0.013517004820323596,0.15618573469252106]]",development_only
NFP_201712_REL_20180105,2018-01-05,policy,policy_h15_2y,1,policy_h15_2y;policy_h15_1y;policy_zt,"{""policy_h15_1y"":-1.0038712342653375,""policy_h15_2y"":0.0,""policy_zt"":0.14938614037357867}",-0.35225547973210336,0.25360281467310003,"[1.0,1.0015566389895747,1.0013887142932434]","[[0.15113762967151154,0.001442112472435725,0.011203363669752671],[0.001442112472435725,0.17153781791263525,-0.020486319129869396],[0.011203363669752671,-0.020486319129869396,0.3750939524360022]]",development_only
NFP_201712_REL_20180105,2018-01-05,inflation,inflation_be5,1,inflation_be5;inflation_be10,"{""inflation_be10"":3.184574559305198e-14,""inflation_be5"":0.7320974143169248}",0.24939935358247162,0.28719740700292873,"[1.0,1.0873936540181521]","[[0.3013612411874447,-0.005292023542136603],[-0.005292023542136603,0.14279751254232229]]",development_only
NFP_201712_REL_20180105,2018-01-05,real_rate,real_h15_5y,1,real_h15_5y;real_h15_10y;real_tip,"{""real_h15_10y"":0.40227922072681255,""real_h15_5y"":-0.2410106052446189,""real_tip"":0.09600769949992832}",0.1489067667837372,0.16370212832892353,"[1.0,1.0401143342141086,1.003450670631514]","[[0.15039777974575336,0.001788716327518765,-0.0014618364893762962],[0.001788716327518765,0.05481041486702631,-0.0010180020833655764],[-0.0014618364893762962,-0.0010180020833655764,0.09579282466715085]]",development_only
NFP_201712_REL_20180105,2018-01-05,gold,gold_gld,1,gold_gld;gold_gc,"{""gold_gc"":0.10907356946720465,""gold_gld"":-0.18571533477106736}",-0.010239038313071975,0.14407797262134509,"[1.0,0.9874633095069]","[[0.04452140210692934,0.0003988324237603496],[0.0003988324237603496,0.03760578419298342]]",development_only
NFP_201712_REL_20180105,2018-01-05,dollar,dollar_dxy,1,dollar_dxy;dollar_uup,"{""dollar_dxy"":0.32806928222280296,""dollar_uup"":0.25104169948408156}",0.35081362592725696,0.2945329642650714,"[1.0,1.021562219282586]","[[0.2589368952533541,-0.013517004820323596],[-0.013517004820323596,0.15618573469252106]]",development_only
NFP_201801_REL_20180202,2018-02-02,policy,policy_h15_2y,1,policy_h15_2y;policy_h15_1y;policy_zt,"{""policy_h15_1y"":-0.5072153801497601,""policy_h15_2y"":-0.4798998008748485,""policy_zt"":-0.15477350258441194}",-0.4077509236648212,0.25360281467310003,"[1.0,1.0015566389895747,1.0013887142932434]","[[0.15113762967151154,0.001442112472435725,0.011203363669752671],[0.001442112472435725,0.17153781791263525,-0.020486319129869396],[0.011203363669752671,-0.020486319129869396,0.3750939524360022]]",development_only
NFP_201801_REL_20180202,2018-02-02,inflation,inflation_be5,1,inflation_be5;inflation_be10,"{""inflation_be10"":2.448337312823926,""inflation_be5"":0.0}",1.6044505283052397,0.28719740700292873,"[1.0,1.0873936540181521]","[[0.3013612411874447,-0.005292023542136603],[-0.005292023542136603,0.14279751254232229]]",development_only
NFP_201801_REL_20180202,2018-02-02,real_rate,real_h15_5y,1,real_h15_5y;real_h15_10y;real_tip,"{""real_h15_10y"":1.1257679665275595,""real_h15_5y"":0.5087148978398005,""real_tip"":0.6468314054480807}",0.8068054427561816,0.16370212832892353,"[1.0,1.0401143342141086,1.003450670631514]","[[0.15039777974575336,0.001788716327518765,-0.0014618364893762962],[0.001788716327518765,0.05481041486702631,-0.0010180020833655764],[-0.0014618364893762962,-0.0010180020833655764,0.09579282466715085]]",development_only
NFP_201801_REL_20180202,2018-02-02,gold,gold_gld,1,gold_gld;gold_gc,"{""gold_gc"":-1.2205889673191237,""gold_gld"":-2.2847236270753206}",-1.6969884198535126,0.14407797262134509,"[1.0,0.9874633095069]","[[0.04452140210692934,0.0003988324237603496],[0.0003988324237603496,0.03760578419298342]]",development_only
NFP_201801_REL_20180202,2018-02-02,dollar,dollar_dxy,1,dollar_dxy;dollar_uup,"{""dollar_dxy"":1.7135381527617102,""dollar_uup"":1.7654664727392773}",1.7655953044326205,0.2945329642650714,"[1.0,1.021562219282586]","[[0.2589368952533541,-0.013517004820323596],[-0.013517004820323596,0.15618573469252106]]",development_only
NFP_201802_REL_20180309,2018-03-09,policy,policy_h15_2y,1,policy_h15_2y;policy_h15_1y;policy_zt,"{""policy_h15_1y"":-0.9768202995301263,""policy_h15_2y"":0.744961519864469,""policy_zt"":-0.0}",-0.0644338207748153,0.25360281467310003,"[1.0,1.0015566389895747,1.0013887142932434]","[[0.15113762967151154,0.001442112472435725,0.011203363669752671],[0.001442112472435725,0.17153781791263525,-0.020486319129869396],[0.011203363669752671,-0.020486319129869396,0.3750939524360022]]",development_only
NFP_201802_REL_20180309,2018-03-09,inflation,inflation_be5,1,inflation_be5;inflation_be10,"{""inflation_be10"":0.6069002863310083,""inflation_be5"":-2.9902227935656525}",-0.42354112766721375,0.28719740700292873,"[1.0,1.0873936540181521]","[[0.3013612411874447,-0.005292023542136603],[-0.005292023542136603,0.14279751254232229]]",development_only
NFP_201802_REL_20180309,2018-03-09,real_rate,real_h15_5y,1,real_h15_5y;real_h15_10y;real_tip,"{""real_h15_10y"":1.1428059017002208,""real_h15_5y"":3.2109610775232804,""real_tip"":0.7581095841706975}",1.3203444683925418,0.16370212832892353,"[1.0,1.0401143342141086,1.003450670631514]","[[0.15039777974575336,0.001788716327518765,-0.0014618364893762962],[0.001788716327518765,0.05481041486702631,-0.0010180020833655764],[-0.0014618364893762962,-0.0010180020833655764,0.09579282466715085]]",development_only
NFP_201802_REL_20180309,2018-03-09,gold,gold_gld,1,gold_gld;gold_gc,"{""gold_gc"":0.2742461851988479,""gold_gld"":0.1554014070079659}",0.23637709182855338,0.14407797262134509,"[1.0,0.9874633095069]","[[0.04452140210692934,0.0003988324237603496],[0.0003988324237603496,0.03760578419298342]]",development_only
NFP_201802_REL_20180309,2018-03-09,dollar,dollar_dxy,1,dollar_dxy;dollar_uup,"{""dollar_dxy"":-0.081519541861233,""dollar_uup"":-0.3122654239376971}",-0.13669379846388383,0.2945329642650714,"[1.0,1.021562219282586]","[[0.2589368952533541,-0.013517004820323596],[-0.013517004820323596,0.15618573469252106]]",development_only
NFP_201803_REL_20180406,2018-04-06,policy,policy_h15_2y,1,policy_h15_2y;policy_h15_1y;policy_zt,"{""policy_h15_1y"":-0.5032805943122811,""policy_h15_2y"":-1.0402182793724823,""policy_zt"":-1.5215956843965517}",-0.8824143240664855,0.25360281467310003,"[1.0,1.0015566389895747,1.0013887142932434]","[[0.15113762967151154,0.001442112472435725,0.011203363669752671],[0.001442112472435725,0.17153781791263525,-0.020486319129869396],[0.011203363669752671,-0.020486319129869396,0.3750939524360022]]",development_only
NFP_201803_REL_20180406,2018-04-06,inflation,inflation_be5,1,inflation_be5;inflation_be10,"{""inflation_be10"":-0.6242564930286996,""inflation_be5"":1.7709845536832904}",0.14670947698552514,0.28719740700292873,"[1.0,1.0873936540181521]","[[0.3013612411874447,-0.005292023542136603],[-0.005292023542136603,0.14279751254232229]]",development_only
NFP_201803_REL_20180406,2018-04-06,real_rate,real_h15_5y,1,real_h15_5y;real_h15_10y;real_tip,"{""real_h15_10y"":-1.8126129718077684,""real_h15_5y"":-2.6028932865282806,""real_tip"":-2.0392314030779435}",-2.006500090673633,0.16370212832892353,"[1.0,1.0401143342141086,1.003450670631514]","[[0.15039777974575336,0.001788716327518765,-0.0014618364893762962],[0.001788716327518765,0.05481041486702631,-0.0010180020833655764],[-0.0014618364893762962,-0.0010180020833655764,0.09579282466715085]]",development_only
NFP_201803_REL_20180406,2018-04-06,gold,gold_gld,1,gold_gld;gold_gc,"{""gold_gc"":0.7395952115067536,""gold_gld"":0.672234422006131}",0.7262176346519336,0.14407797262134509,"[1.0,0.9874633095069]","[[0.04452140210692934,0.0003988324237603496],[0.0003988324237603496,0.03760578419298342]]",development_only
NFP_201803_REL_20180406,2018-04-06,dollar,dollar_dxy,1,dollar_dxy;dollar_uup,"{""dollar_dxy"":-0.9136319277402689,""dollar_uup"":-0.8700649771585216}",-0.7756699762544078,0.2945329642650714,"[1.0,1.021562219282586]","[[0.2589368952533541,-0.013517004820323596],[-0.013517004820323596,0.15618573469252106]]",development_only
NFP_201804_REL_20180504,2018-05-04,policy,policy_h15_2y,1,policy_h15_2y;policy_h15_1y;policy_zt,"{""policy_h15_1y"":0.0,""policy_h15_2y"":0.7499155995244265,""policy_zt"":0.7858685869484267}",0.4644031857065814,0.25360281467310003,"[1.0,1.0015566389895747,1.0013887142932434]","[[0.15113762967151154,0.001442112472435725,0.011203363669752671],[0.001442112472435725,0.17153781791263525,-0.020486319129869396],[0.011203363669752671,-0.020486319129869396,0.3750939524360022]]",development_only
NFP_201804_REL_20180504,2018-05-04,inflation,inflation_be5,1,inflation_be5;inflation_be10,"{""inflation_be10"":0.0,""inflation_be5"":0.0}",0.04081506028531157,0.28719740700292873,"[1.0,1.0873936540181521]","[[0.3013612411874447,-0.005292023542136603],[-0.005292023542136603,0.14279751254232229]]",development_only
NFP_201804_REL_20180504,2018-05-04,real_rate,real_h15_5y,1,real_h15_5y;real_h15_10y;real_tip,"{""real_h15_10y"":0.3574946821168057,""real_h15_5y"":0.0,""real_tip"":-0.14022156220502946}",0.10009174204053084,0.16370212832892353,"[1.0,1.0401143342141086,1.003450670631514]","[[0.15039777974575336,0.001788716327518765,-0.0014618364893762962],[0.001788716327518765,0.05481041486702631,-0.0010180020833655764],[-0.0014618364893762962,-0.0010180020833655764,0.09579282466715085]]",development_only
NFP_201804_REL_20180504,2018-05-04,gold,gold_gld,1,gold_gld;gold_gc,"{""gold_gc"":0.19702928035492318,""gold_gld"":0.3150225305278505}",0.2683171262997419,0.14407797262134509,"[1.0,0.9874633095069]","[[0.04452140210692934,0.0003988324237603496],[0.0003988324237603496,0.03760578419298342]]",development_only
NFP_201804_REL_20180504,2018-05-04,dollar,dollar_dxy,1,dollar_dxy;dollar_uup,"{""dollar_dxy"":0.4456175864657893,""dollar_uup"":0.302495079284486}",0.42469669542631666,0.2945329642650714,"[1.0,1.021562219282586]","[[0.2589368952533541,-0.013517004820323596],[-0.013517004820323596,0.15618573469252106]]",development_only
NFP_201805_REL_20180601,2018-06-01,policy,policy_h15_2y,1,policy_h15_2y;policy_h15_1y;policy_zt,"{""policy_h15_1y"":2.1667282145914877,""policy_h15_2y"":2.103702565779204,""policy_zt"":1.570213836404753}",2.0122311753165043,0.25360281467310003,"[1.0,1.0015566389895747,1.0013887142932434]","[[0.15113762967151154,0.001442112472435725,0.011203363669752671],[0.001442112472435725,0.17153781791263525,-0.020486319129869396],[0.011203363669752671,-0.020486319129869396,0.3750939524360022]]",development_only
NFP_201805_REL_20180601,2018-06-01,inflation,inflation_be5,1,inflation_be5;inflation_be10,"{""inflation_be10"":1.3242206657188804,""inflation_be5"":0.7158614228212439}",1.0904896512706974,0.28719740700292873,"[1.0,1.0873936540181521]","[[0.3013612411874447,-0.005292023542136603],[-0.005292023542136603,0.14279751254232229]]",development_only
NFP_201805_REL_20180601,2018-06-01,real_rate,real_h15_5y,1,real_h15_5y;real_h15_10y;real_tip,"{""real_h15_10y"":1.2983506020002027,""real_h15_5y"":0.5693064796327026,""real_tip"":0.7349316427998831}",0.9305520196925781,0.16370212832892353,"[1.0,1.0401143342141086,1.003450670631514]","[[0.15039777974575336,0.001788716327518765,-0.0014618364893762962],[0.001788716327518765,0.05481041486702631,-0.0010180020833655764],[-0.0014618364893762962,-0.0010180020833655764,0.09579282466715085]]",development_only
NFP_201805_REL_20180601,2018-06-01,gold,gold_gld,1,gold_gld;gold_gc,"{""gold_gc"":-0.6107041540738034,""gold_gld"":-0.8253501446436322}",-0.694177082770383,0.14407797262134509,"[1.0,0.9874633095069]","[[0.04452140210692934,0.0003988324237603496],[0.0003988324237603496,0.03760578419298342]]",development_only
NFP_201805_REL_20180601,2018-06-01,dollar,dollar_dxy,1,dollar_dxy;dollar_uup,"{""dollar_dxy"":0.6096661227396375,""dollar_uup"":0.43571793366380823}",0.5646006268433176,0.2945329642650714,"[1.0,1.021562219282586]","[[0.2589368952533541,-0.013517004820323596],[-0.013517004820323596,0.15618573469252106]]",development_only
NFP_201806_REL_20180706,2018-07-06,policy,policy_h15_2y,1,policy_h15_2y;policy_h15_1y;policy_zt,"{""policy_h15_1y"":0.8750873933658282,""policy_h15_2y"":-0.5830676014865618,""policy_zt"":-0.6989106981742612}",-0.00416821742858849,0.25360281467310003,"[1.0,1.0015566389895747,1.0013887142932434]","[[0.15113762967151154,0.001442112472435725,0.011203363669752671],[0.001442112472435725,0.17153781791263525,-0.020486319129869396],[0.011203363669752671,-0.020486319129869396,0.3750939524360022]]",development_only
NFP_201806_REL_20180706,2018-07-06,inflation,inflation_be5,1,inflation_be5;inflation_be10,"{""inflation_be10"":-0.625946985949837,""inflation_be5"":-0.7510948184449293}",-0.5729441269883931,0.28719740700292873,"[1.0,1.0873936540181521]","[[0.3013612411874447,-0.005292023542136603],[-0.005292023542136603,0.14279751254232229]]",development_only
NFP_201806_REL_20180706,2018-07-06,real_rate,real_h15_5y,1,real_h15_5y;real_h15_10y;real_tip,"{""real_h15_10y"":-0.33271255661568877,""real_h15_5y"":-0.29243034853586314,""real_tip"":-0.7147647574429135}",-0.4677419821392835,0.16370212832892353,"[1.0,1.0401143342141086,1.003450670631514]","[[0.15039777974575336,0.001788716327518765,-0.0014618364893762962],[0.001788716327518765,0.05481041486702631,-0.0010180020833655764],[-0.0014618364893762962,-0.0010180020833655764,0.09579282466715085]]",development_only
NFP_201806_REL_20180706,2018-07-06,gold,gold_gld,1,gold_gld;gold_gc,"{""gold_gc"":-0.3853727369007918,""gold_gld"":-0.3017284525352373}",-0.33085538062996306,0.14407797262134509,"[1.0,0.9874633095069]","[[0.04452140210692934,0.0003988324237603496],[0.0003988324237603496,0.03760578419298342]]",development_only
NFP_201806_REL_20180706,2018-07-06,dollar,dollar_dxy,1,dollar_dxy;dollar_uup,"{""dollar_dxy"":-1.2976603993126814,""dollar_uup"":-0.8613524457962359}",-0.9111180737386874,0.2945329642650714,"[1.0,1.021562219282586]","[[0.2589368952533541,-0.013517004820323596],[-0.013517004820323596,0.15618573469252106]]",development_only
NFP_201807_REL_20180803,2018-08-03,policy,policy_h15_2y,1,policy_h15_2y;policy_h15_1y;policy_zt,"{""policy_h15_1y"":-0.873953798814238,""policy_h15_2y"":-0.8533143352930405,""policy_zt"":-0.5799437732061425}",-0.781578471018816,0.25360281467310003,"[1.0,1.0015566389895747,1.0013887142932434]","[[0.15113762967151154,0.001442112472435725,0.011203363669752671],[0.001442112472435725,0.17153781791263525,-0.020486319129869396],[0.011203363669752671,-0.020486319129869396,0.3750939524360022]]",development_only
NFP_201807_REL_20180803,2018-08-03,inflation,inflation_be5,1,inflation_be5;inflation_be10,"{""inflation_be10"":0.0,""inflation_be5"":0.5263240266075799}",0.19077177777717533,0.28719740700292873,"[1.0,1.0873936540181521]","[[0.3013612411874447,-0.005292023542136603],[-0.005292023542136603,0.14279751254232229]]",development_only
NFP_201807_REL_20180803,2018-08-03,real_rate,real_h15_5y,1,real_h15_5y;real_h15_10y;real_tip,"{""real_h15_10y"":-0.9680891728377471,""real_h15_5y"":-1.2832579558480348,""real_tip"":-1.0122795148520891}",-1.0498907477418147,0.16370212832892353,"[1.0,1.0401143342141086,1.003450670631514]","[[0.15039777974575336,0.001788716327518765,-0.0014618364893762962],[0.001788716327518765,0.05481041486702631,-0.0010180020833655764],[-0.0014618364893762962,-0.0010180020833655764,0.09579282466715085]]",development_only
NFP_201807_REL_20180803,2018-08-03,gold,gold_gld,1,gold_gld;gold_gc,"{""gold_gc"":0.5270379084748568,""gold_gld"":0.6774530981717656}",0.6138077165000237,0.14407797262134509,"[1.0,0.9874633095069]","[[0.04452140210692934,0.0003988324237603496],[0.0003988324237603496,0.03760578419298342]]",development_only
NFP_201807_REL_20180803,2018-08-03,dollar,dollar_dxy,1,dollar_dxy;dollar_uup,"{""dollar_dxy"":-0.08678551695465796,""dollar_uup"":0.20624300609712762}",0.1720154454229074,0.2945329642650714,"[1.0,1.021562219282586]","[[0.2589368952533541,-0.013517004820323596],[-0.013517004820323596,0.15618573469252106]]",development_only
NFP_201808_REL_20180907,2018-09-07,policy,policy_h15_2y,1,policy_h15_2y;policy_h15_1y;policy_zt,"{""policy_h15_1y"":1.9982446238232714,""policy_h15_2y"":3.0620607793145074,""policy_zt"":2.348788355943953}",2.478180017631891,0.25360281467310003,"[1.0,1.0015566389895747,1.0013887142932434]","[[0.15113762967151154,0.001442112472435725,0.011203363669752671],[0.001442112472435725,0.17153781791263525,-0.020486319129869396],[0.011203363669752671,-0.020486319129869396,0.3750939524360022]]",development_only
NFP_201808_REL_20180907,2018-09-07,inflation,inflation_be5,1,inflation_be5;inflation_be10,"{""inflation_be10"":1.5965759942735422,""inflation_be5"":0.7593070731070459}",1.2768081643878686,0.28719740700292873,"[1.0,1.0873936540181521]","[[0.3013612411874447,-0.005292023542136603],[-0.005292023542136603,0.14279751254232229]]",development_only
NFP_201808_REL_20180907,2018-09-07,real_rate,real_h15_5y,1,real_h15_5y;real_h15_10y;real_tip,"{""real_h15_10y"":1.6174193792109648,""real_h15_5y"":2.04533815730694,""real_tip"":1.7391145157458527}",1.6409174059452916,0.16370212832892353,"[1.0,1.0401143342141086,1.003450670631514]","[[0.15039777974575336,0.001788716327518765,-0.0014618364893762962],[0.001788716327518765,0.05481041486702631,-0.0010180020833655764],[-0.0014618364893762962,-0.0010180020833655764,0.09579282466715085]]",development_only
NFP_201808_REL_20180907,2018-09-07,gold,gold_gld,1,gold_gld;gold_gc,"{""gold_gc"":-0.5898794098798765,""gold_gld"":-0.4341608436002242}",-0.502429959494209,0.14407797262134509,"[1.0,0.9874633095069]","[[0.04452140210692934,0.0003988324237603496],[0.0003988324237603496,0.03760578419298342]]",development_only
NFP_201808_REL_20180907,2018-09-07,dollar,dollar_dxy,1,dollar_dxy;dollar_uup,"{""dollar_dxy"":0.9724453057329439,""dollar_uup"":0.6898592060565042}",0.8497407971314566,0.2945329642650714,"[1.0,1.021562219282586]","[[0.2589368952533541,-0.013517004820323596],[-0.013517004820323596,0.15618573469252106]]",development_only
NFP_201809_REL_20181005,2018-10-05,policy,policy_h15_2y,1,policy_h15_2y;policy_h15_1y;policy_zt,"{""policy_h15_1y"":0.7167381247005333,""policy_h15_2y"":0.4632045531818096,""policy_zt"":0.33386927144411255}",0.5476833087803609,0.25360281467310003,"[1.0,1.0015566389895747,1.0013887142932434]","[[0.15113762967151154,0.001442112472435725,0.011203363669752671],[0.001442112472435725,0.17153781791263525,-0.020486319129869396],[0.011203363669752671,-0.020486319129869396,0.3750939524360022]]",development_only
NFP_201809_REL_20181005,2018-10-05,inflation,inflation_be5,1,inflation_be5;inflation_be10,"{""inflation_be10"":0.0,""inflation_be5"":-0.6763308655686748}",-0.15188060134506107,0.28719740700292873,"[1.0,1.0873936540181521]","[[0.3013612411874447,-0.005292023542136603],[-0.005292023542136603,0.14279751254232229]]",development_only
NFP_201809_REL_20181005,2018-10-05,real_rate,real_h15_5y,1,real_h15_5y;real_h15_10y;real_tip,"{""real_h15_10y"":1.5908941475624285,""real_h15_5y"":1.2516707952576935,""real_tip"":1.5994788563517701}",1.4482644911118365,0.16370212832892353,"[1.0,1.0401143342141086,1.003450670631514]","[[0.15039777974575336,0.001788716327518765,-0.0014618364893762962],[0.001788716327518765,0.05481041486702631,-0.0010180020833655764],[-0.0014618364893762962,-0.0010180020833655764,0.09579282466715085]]",development_only
NFP_201809_REL_20181005,2018-10-05,gold,gold_gld,1,gold_gld;gold_gc,"{""gold_gc"":0.5835964620831864,""gold_gld"":0.4625273755108317}",0.545190561537843,0.14407797262134509,"[1.0,0.9874633095069]","[[0.04452140210692934,0.0003988324237603496],[0.0003988324237603496,0.03760578419298342]]",development_only
NFP_201809_REL_20181005,2018-10-05,dollar,dollar_dxy,1,dollar_dxy;dollar_uup,"{""dollar_dxy"":-0.39209286866073256,""dollar_uup"":-0.3350024145368532}",-0.2640770250035247,0.2945329642650714,"[1.0,1.021562219282586]","[[0.2589368952533541,-0.013517004820323596],[-0.013517004820323596,0.15618573469252106]]",development_only
NFP_201810_REL_20181102,2018-11-02,policy,policy_h15_2y,1,policy_h15_2y;policy_h15_1y;policy_zt,"{""policy_h15_1y"":2.1588469713617546,""policy_h15_2y"":2.9344506801582577,""policy_zt"":2.247651616780455}",2.4709911841830823,0.25360281467310003,"[1.0,1.0015566389895747,1.0013887142932434]","[[0.15113762967151154,0.001442112472435725,0.011203363669752671],[0.001442112472435725,0.17153781791263525,-0.020486319129869396],[0.011203363669752671,-0.020486319129869396,0.3750939524360022]]",development_only
NFP_201810_REL_20181102,2018-11-02,inflation,inflation_be5,1,inflation_be5;inflation_be10,"{""inflation_be10"":2.6445143187776754,""inflation_be5"":1.824025128437921}",2.2494283874824164,0.28719740700292873,"[1.0,1.0873936540181521]","[[0.3013612411874447,-0.005292023542136603],[-0.005292023542136603,0.14279751254232229]]",development_only
NFP_201810_REL_20181102,2018-11-02,real_rate,real_h15_5y,1,real_h15_5y;real_h15_10y;real_tip,"{""real_h15_10y"":1.5307854060220314,""real_h15_5y"":1.873115926223798,""real_tip"":1.619520363729563}",1.5322245614090286,0.16370212832892353,"[1.0,1.0401143342141086,1.003450670631514]","[[0.15039777974575336,0.001788716327518765,-0.0014618364893762962],[0.001788716327518765,0.05481041486702631,-0.0010180020833655764],[-0.0014618364893762962,-0.0010180020833655764,0.09579282466715085]]",development_only
NFP_201810_REL_20181102,2018-11-02,gold,gold_gld,1,gold_gld;gold_gc,"{""gold_gc"":-0.5510350721719466,""gold_gld"":0.024576176207158316}",-0.26978202136010654,0.14407797262134509,"[1.0,0.9874633095069]","[[0.04452140210692934,0.0003988324237603496],[0.0003988324237603496,0.03760578419298342]]",development_only
NFP_201810_REL_20181102,2018-11-02,dollar,dollar_dxy,1,dollar_dxy;dollar_uup,"{""dollar_dxy"":0.7448779463756553,""dollar_uup"":0.6629627120681914}",0.7502702983484774,0.2945329642650714,"[1.0,1.021562219282586]","[[0.2589368952533541,-0.013517004820323596],[-0.013517004820323596,0.15618573469252106]]",development_only
NFP_201811_REL_20181207,2018-12-07,policy,policy_h15_2y,1,policy_h15_2y;policy_h15_1y;policy_zt,"{""policy_h15_1y"":-1.4635179320932867,""policy_h15_2y"":-1.1525561116030658,""policy_zt"":-1.7443358817143932}",-1.3466447882134327,0.25360281467310003,"[1.0,1.0015566389895747,1.0013887142932434]","[[0.15113762967151154,0.001442112472435725,0.011203363669752671],[0.001442112472435725,0.17153781791263525,-0.020486319129869396],[0.011203363669752671,-0.020486319129869396,0.3750939524360022]]",development_only
NFP_201811_REL_20181207,2018-12-07,inflation,inflation_be5,1,inflation_be5;inflation_be10,"{""inflation_be10"":-0.5210301264207633,""inflation_be5"":-0.4666107235995093}",-0.4248854636585623,0.28719740700292873,"[1.0,1.0873936540181521]","[[0.3013612411874447,-0.005292023542136603],[-0.005292023542136603,0.14279751254232229]]",development_only
NFP_201811_REL_20181207,2018-12-07,real_rate,real_h15_5y,1,real_h15_5y;real_h15_10y;real_tip,"{""real_h15_10y"":-0.3476438345545625,""real_h15_5y"":-1.3632723923330958,""real_tip"":-0.692061783157516}",-0.6561122190169334,0.16370212832892353,"[1.0,1.0401143342141086,1.003450670631514]","[[0.15039777974575336,0.001788716327518765,-0.0014618364893762962],[0.001788716327518765,0.05481041486702631,-0.0010180020833655764],[-0.0014618364893762962,-0.0010180020833655764,0.09579282466715085]]",development_only
NFP_201811_REL_20181207,2018-12-07,gold,gold_gld,1,gold_gld;gold_gc,"{""gold_gc"":0.9738873861035872,""gold_gld"":1.342519029910922}",1.1620512465677943,0.14407797262134509,"[1.0,0.9874633095069]","[[0.04452140210692934,0.0003988324237603496],[0.0003988324237603496,0.03760578419298342]]",development_only
NFP_201811_REL_20181207,2018-12-07,dollar,dollar_dxy,1,dollar_dxy;dollar_uup,"{""dollar_dxy"":-0.8640112747156857,""dollar_uup"":-0.7803874192164472}",-0.7037683903786036,0.2945329642650714,"[1.0,1.021562219282586]","[[0.2589368952533541,-0.013517004820323596],[-0.013517004820323596,0.15618573469252106]]",development_only
NFP_201812_REL_20190104,2019-01-04,policy,policy_h15_2y,1,policy_h15_2y;policy_h15_1y;policy_zt,"{""policy_h15_1y"":3.2155514459534955,""policy_h15_2y"":3.1516268915936037,""policy_zt"":3.2974065207672147}",3.165705557295486,0.25360281467310003,"[1.0,1.0015566389895747,1.0013887142932434]","[[0.15113762967151154,0.001442112472435725,0.011203363669752671],[0.001442112472435725,0.17153781791263525,-0.020486319129869396],[0.011203363669752671,-0.020486319129869396,0.3750939524360022]]",development_only
NFP_201812_REL_20190104,2019-01-04,inflation,inflation_be5,1,inflation_be5;inflation_be10,"{""inflation_be10"":4.306526321612633,""inflation_be5"":4.223331208788755}",3.9944698639064153,0.28719740700292873,"[1.0,1.0873936540181521]","[[0.3013612411874447,-0.005292023542136603],[-0.005292023542136603,0.14279751254232229]]",development_only
NFP_201812_REL_20190104,2019-01-04,real_rate,real_h15_5y,1,real_h15_5y;real_h15_10y;real_tip,"{""real_h15_10y"":0.8990215132976118,""real_h15_5y"":0.8056046165150589,""real_tip"":0.9356397245839242}",0.826919150182695,0.16370212832892353,"[1.0,1.0401143342141086,1.003450670631514]","[[0.15039777974575336,0.001788716327518765,-0.0014618364893762962],[0.001788716327518765,0.05481041486702631,-0.0010180020833655764],[-0.0014618364893762962,-0.0010180020833655764,0.09579282466715085]]",development_only
NFP_201812_REL_20190104,2019-01-04,gold,gold_gld,1,gold_gld;gold_gc,"{""gold_gc"":-1.0052168133383916,""gold_gld"":-1.3108804680223944}",-1.1313103504277644,0.14407797262134509,"[1.0,0.9874633095069]","[[0.04452140210692934,0.0003988324237603496],[0.0003988324237603496,0.03760578419298342]]",development_only
NFP_201812_REL_20190104,2019-01-04,dollar,dollar_dxy,1,dollar_dxy;dollar_uup,"{""dollar_dxy"":-0.3141179783322961,""dollar_uup"":-0.40634371173828243}",-0.2782557360344932,0.2945329642650714,"[1.0,1.021562219282586]","[[0.2589368952533541,-0.013517004820323596],[-0.013517004820323596,0.15618573469252106]]",development_only
NFP_201901_REL_20190201,2019-02-01,policy,policy_h15_2y,1,policy_h15_2y;policy_h15_1y;policy_zt,"{""policy_h15_1y"":0.4329668391899986,""policy_h15_2y"":1.7779045742862194,""policy_zt"":1.3593805335224949}",1.1584561747550834,0.25360281467310003,"[1.0,1.0015566389895747,1.0013887142932434]","[[0.15113762967151154,0.001442112472435725,0.011203363669752671],[0.001442112472435725,0.17153781791263525,-0.020486319129869396],[0.011203363669752671,-0.020486319129869396,0.3750939524360022]]",development_only
NFP_201901_REL_20190201,2019-02-01,inflation,inflation_be5,1,inflation_be5;inflation_be10,"{""inflation_be10"":1.1769525866849513,""inflation_be5"":0.709112761901016}",0.9945138179953433,0.28719740700292873,"[1.0,1.0873936540181521]","[[0.3013612411874447,-0.005292023542136603],[-0.005292023542136603,0.14279751254232229]]",development_only
NFP_201901_REL_20190201,2019-02-01,real_rate,real_h15_5y,1,real_h15_5y;real_h15_10y;real_tip,"{""real_h15_10y"":1.2193318927161312,""real_h15_5y"":1.5728453738766606,""real_tip"":1.5646308089686902}",1.3055657259262776,0.16370212832892353,"[1.0,1.0401143342141086,1.003450670631514]","[[0.15039777974575336,0.001788716327518765,-0.0014618364893762962],[0.001788716327518765,0.05481041486702631,-0.0010180020833655764],[-0.0014618364893762962,-0.0010180020833655764,0.09579282466715085]]",development_only
NFP_201901_REL_20190201,2019-02-01,gold,gold_gld,1,gold_gld;gold_gc,"{""gold_gc"":-0.3950459353065941,""gold_gld"":-0.37276483359182155}",-0.3688573916357147,0.14407797262134509,"[1.0,0.9874633095069]","[[0.04452140210692934,0.0003988324237603496],[0.0003988324237603496,0.03760578419298342]]",development_only
NFP_201901_REL_20190201,2019-02-01,dollar,dollar_dxy,1,dollar_dxy;dollar_uup,"{""dollar_dxy"":0.0,""dollar_uup"":0.0}",0.0802444769250452,0.2945329642650714,"[1.0,1.021562219282586]","[[0.2589368952533541,-0.013517004820323596],[-0.013517004820323596,0.15618573469252106]]",development_only
NFP_201902_REL_20190308,2019-03-08,policy,policy_h15_2y,1,policy_h15_2y;policy_h15_1y;policy_zt,"{""policy_h15_1y"":0.45440756403369986,""policy_h15_2y"":-0.50467728658406,""policy_zt"":-0.05334684185683959}",-0.020925537482244308,0.25360281467310003,"[1.0,1.0015566389895747,1.0013887142932434]","[[0.15113762967151154,0.001442112472435725,0.011203363669752671],[0.001442112472435725,0.17153781791263525,-0.020486319129869396],[0.011203363669752671,-0.020486319129869396,0.3750939524360022]]",development_only
NFP_201902_REL_20190308,2019-03-08,inflation,inflation_be5,1,inflation_be5;inflation_be10,"{""inflation_be10"":0.0,""inflation_be5"":0.0}",0.04081506028531157,0.28719740700292873,"[1.0,1.0873936540181521]","[[0.3013612411874447,-0.005292023542136603],[-0.005292023542136603,0.14279751254232229]]",development_only
NFP_201902_REL_20190308,2019-03-08,real_rate,real_h15_5y,1,real_h15_5y;real_h15_10y;real_tip,"{""real_h15_10y"":-0.6189978598273428,""real_h15_5y"":-0.5391328761532485,""real_tip"":-0.41837764321264104}",-0.570795335530763,0.16370212832892353,"[1.0,1.0401143342141086,1.003450670631514]","[[0.15039777974575336,0.001788716327518765,-0.0014618364893762962],[0.001788716327518765,0.05481041486702631,-0.0010180020833655764],[-0.0014618364893762962,-0.0010180020833655764,0.09579282466715085]]",development_only
NFP_201902_REL_20190308,2019-03-08,gold,gold_gld,1,gold_gld;gold_gc,"{""gold_gc"":1.8026051621947583,""gold_gld"":1.7849421139669899}",1.8138406352911987,0.14407797262134509,"[1.0,0.9874633095069]","[[0.04452140210692934,0.0003988324237603496],[0.0003988324237603496,0.03760578419298342]]",development_only
NFP_201902_REL_20190308,2019-03-08,dollar,dollar_dxy,1,dollar_dxy;dollar_uup,"{""dollar_dxy"":-0.8200676927365802,""dollar_uup"":-0.7878974067113533}",-0.692171298762706,0.2945329642650714,"[1.0,1.021562219282586]","[[0.2589368952533541,-0.013517004820323596],[-0.013517004820323596,0.15618573469252106]]",development_only
NFP_201903_REL_20190405,2019-04-05,policy,policy_h15_2y,1,policy_h15_2y;policy_h15_1y;policy_zt,"{""policy_h15_1y"":1.4083575804390636,""policy_h15_2y"":0.6060260224430114,""policy_zt"":0.19559726193439733}",0.8532639045429947,0.25360281467310003,"[1.0,1.0015566389895747,1.0013887142932434]","[[0.15113762967151154,0.001442112472435725,0.011203363669752671],[0.001442112472435725,0.17153781791263525,-0.020486319129869396],[0.011203363669752671,-0.020486319129869396,0.3750939524360022]]",development_only
NFP_201903_REL_20190405,2019-04-05,inflation,inflation_be5,1,inflation_be5;inflation_be10,"{""inflation_be10"":0.0,""inflation_be5"":-0.8679814857110126}",-0.2064844127786072,0.28719740700292873,"[1.0,1.0873936540181521]","[[0.3013612411874447,-0.005292023542136603],[-0.005292023542136603,0.14279751254232229]]",development_only
NFP_201903_REL_20190405,2019-04-05,real_rate,real_h15_5y,1,real_h15_5y;real_h15_10y;real_tip,"{""real_h15_10y"":-0.33913086941281856,""real_h15_5y"":0.290947620212406,""real_tip"":-0.5411036506430178}",-0.31879358294786303,0.16370212832892353,"[1.0,1.0401143342141086,1.003450670631514]","[[0.15039777974575336,0.001788716327518765,-0.0014618364893762962],[0.001788716327518765,0.05481041486702631,-0.0010180020833655764],[-0.0014618364893762962,-0.0010180020833655764,0.09579282466715085]]",development_only
NFP_201903_REL_20190405,2019-04-05,gold,gold_gld,1,gold_gld;gold_gc,"{""gold_gc"":0.17826281385694365,""gold_gld"":-0.17205673581449596}",0.033437366791872924,0.14407797262134509,"[1.0,0.9874633095069]","[[0.04452140210692934,0.0003988324237603496],[0.0003988324237603496,0.03760578419298342]]",development_only
NFP_201903_REL_20190405,2019-04-05,dollar,dollar_dxy,1,dollar_dxy;dollar_uup,"{""dollar_dxy"":0.28497071595309453,""dollar_uup"":0.34046856049525814}",0.38860241805787604,0.2945329642650714,"[1.0,1.021562219282586]","[[0.2589368952533541,-0.013517004820323596],[-0.013517004820323596,0.15618573469252106]]",development_only
NFP_201904_REL_20190503,2019-05-03,policy,policy_h15_2y,1,policy_h15_2y;policy_h15_1y;policy_zt,"{""policy_h15_1y"":0.0,""policy_h15_2y"":-0.6321341895459835,""policy_zt"":-0.13576170885746952}",-0.2667885018906029,0.25360281467310003,"[1.0,1.0015566389895747,1.0013887142932434]","[[0.15113762967151154,0.001442112472435725,0.011203363669752671],[0.001442112472435725,0.17153781791263525,-0.020486319129869396],[0.011203363669752671,-0.020486319129869396,0.3750939524360022]]",development_only
NFP_201904_REL_20190503,2019-05-03,inflation,inflation_be5,1,inflation_be5;inflation_be10,"{""inflation_be10"":1.1088704202439652,""inflation_be5"":0.8999351764956889}",1.005400852375308,0.28719740700292873,"[1.0,1.0873936540181521]","[[0.3013612411874447,-0.005292023542136603],[-0.005292023542136603,0.14279751254232229]]",development_only
NFP_201904_REL_20190503,2019-05-03,real_rate,real_h15_5y,1,real_h15_5y;real_h15_10y;real_tip,"{""real_h15_10y"":-1.0489471365693481,""real_h15_5y"":-0.9253099134594646,""real_tip"":-1.3390925036919918}",-1.1227395047272282,0.16370212832892353,"[1.0,1.0401143342141086,1.003450670631514]","[[0.15039777974575336,0.001788716327518765,-0.0014618364893762962],[0.001788716327518765,0.05481041486702631,-0.0010180020833655764],[-0.0014618364893762962,-0.0010180020833655764,0.09579282466715085]]",development_only
NFP_201904_REL_20190503,2019-05-03,gold,gold_gld,1,gold_gld;gold_gc,"{""gold_gc"":1.1697599536367285,""gold_gld"":0.9699709781813081}",1.0959595422358024,0.14407797262134509,"[1.0,0.9874633095069]","[[0.04452140210692934,0.0003988324237603496],[0.0003988324237603496,0.03760578419298342]]",development_only
NFP_201904_REL_20190503,2019-05-03,dollar,dollar_dxy,1,dollar_dxy;dollar_uup,"{""dollar_dxy"":-1.0868568054055172,""dollar_uup"":-1.30889968803247}",-1.1020270698356207,0.2945329642650714,"[1.0,1.021562219282586]","[[0.2589368952533541,-0.013517004820323596],[-0.013517004820323596,0.15618573469252106]]",development_only
NFP_201905_REL_20190607,2019-06-07,policy,policy_h15_2y,1,policy_h15_2y;policy_h15_1y;policy_zt,"{""policy_h15_1y"":-2.0011309019846344,""policy_h15_2y"":-0.7009136973282567,""policy_zt"":-0.7852033239847823}",-1.2002597070592926,0.25360281467310003,"[1.0,1.0015566389895747,1.0013887142932434]","[[0.15113762967151154,0.001442112472435725,0.011203363669752671],[0.001442112472435725,0.17153781791263525,-0.020486319129869396],[0.011203363669752671,-0.020486319129869396,0.3750939524360022]]",development_only
NFP_201905_REL_20190607,2019-06-07,inflation,inflation_be5,1,inflation_be5;inflation_be10,"{""inflation_be10"":0.45405016402708376,""inflation_be5"":1.2108296017662423}",0.6757765583640002,0.28719740700292873,"[1.0,1.0873936540181521]","[[0.3013612411874447,-0.005292023542136603],[-0.005292023542136603,0.14279751254232229]]",development_only
NFP_201905_REL_20190607,2019-06-07,real_rate,real_h15_5y,1,real_h15_5y;real_h15_10y;real_tip,"{""real_h15_10y"":-1.2858588473254815,""real_h15_5y"":-1.6576296610351773,""real_tip"":-1.6603740105655767}",-1.4640324220696208,0.16370212832892353,"[1.0,1.0401143342141086,1.003450670631514]","[[0.15039777974575336,0.001788716327518765,-0.0014618364893762962],[0.001788716327518765,0.05481041486702631,-0.0010180020833655764],[-0.0014618364893762962,-0.0010180020833655764,0.09579282466715085]]",development_only
NFP_201905_REL_20190607,2019-06-07,gold,gold_gld,1,gold_gld;gold_gc,"{""gold_gc"":0.4335209476215031,""gold_gld"":0.9969816939087265}",0.710725587663322,0.14407797262134509,"[1.0,0.9874633095069]","[[0.04452140210692934,0.0003988324237603496],[0.0003988324237603496,0.03760578419298342]]",development_only
NFP_201905_REL_20190607,2019-06-07,dollar,dollar_dxy,1,dollar_dxy;dollar_uup,"{""dollar_dxy"":-1.6024049112011403,""dollar_uup"":-1.5721798682723194}",-1.4486008724519541,0.2945329642650714,"[1.0,1.021562219282586]","[[0.2589368952533541,-0.013517004820323596],[-0.013517004820323596,0.15618573469252106]]",development_only
NFP_201906_REL_20190705,2019-07-05,policy,policy_h15_2y,1,policy_h15_2y;policy_h15_1y;policy_zt,"{""policy_h15_1y"":2.33788732975408,""policy_h15_2y"":2.246579782120488,""policy_zt"":2.902197719204111}",2.3790562450728254,0.25360281467310003,"[1.0,1.0015566389895747,1.0013887142932434]","[[0.15113762967151154,0.001442112472435725,0.011203363669752671],[0.001442112472435725,0.17153781791263525,-0.020486319129869396],[0.011203363669752671,-0.020486319129869396,0.3750939524360022]]",development_only
NFP_201906_REL_20190705,2019-07-05,inflation,inflation_be5,1,inflation_be5;inflation_be10,"{""inflation_be10"":1.6547956012506178,""inflation_be5"":1.553808949208168}",1.5403543862509075,0.28719740700292873,"[1.0,1.0873936540181521]","[[0.3013612411874447,-0.005292023542136603],[-0.005292023542136603,0.14279751254232229]]",development_only
NFP_201906_REL_20190705,2019-07-05,real_rate,real_h15_5y,1,real_h15_5y;real_h15_10y;real_tip,"{""real_h15_10y"":1.1317545605589563,""real_h15_5y"":1.516981647710128,""real_tip"":1.2324830659511041}",1.1553672926904588,0.16370212832892353,"[1.0,1.0401143342141086,1.003450670631514]","[[0.15039777974575336,0.001788716327518765,-0.0014618364893762962],[0.001788716327518765,0.05481041486702631,-0.0010180020833655764],[-0.0014618364893762962,-0.0010180020833655764,0.09579282466715085]]",development_only
NFP_201906_REL_20190705,2019-07-05,gold,gold_gld,1,gold_gld;gold_gc,"{""gold_gc"":-1.8824569409578324,""gold_gld"":-1.5271396340540442}",-1.7049562382865273,0.14407797262134509,"[1.0,0.9874633095069]","[[0.04452140210692934,0.0003988324237603496],[0.0003988324237603496,0.03760578419298342]]",development_only
NFP_201906_REL_20190705,2019-07-05,dollar,dollar_dxy,1,dollar_dxy;dollar_uup,"{""dollar_dxy"":1.788249799137896,""dollar_uup"":1.8870542121504728}",1.865804973754996,0.2945329642650714,"[1.0,1.021562219282586]","[[0.2589368952533541,-0.013517004820323596],[-0.013517004820323596,0.15618573469252106]]",development_only
NFP_201907_REL_20190802,2019-08-02,policy,policy_h15_2y,1,policy_h15_2y;policy_h15_1y;policy_zt,"{""policy_h15_1y"":-0.7880766067483843,""policy_h15_2y"":-0.19199364804404137,""policy_zt"":0.08167816208966444}",-0.35795627855493034,0.25360281467310003,"[1.0,1.0015566389895747,1.0013887142932434]","[[0.15113762967151154,0.001442112472435725,0.011203363669752671],[0.001442112472435725,0.17153781791263525,-0.020486319129869396],[0.011203363669752671,-0.020486319129869396,0.3750939524360022]]",development_only
NFP_201907_REL_20190802,2019-08-02,inflation,inflation_be5,1,inflation_be5;inflation_be10,"{""inflation_be10"":-1.48829069408437,""inflation_be5"":-0.7202085244517683}",-1.1148817259604282,0.28719740700292873,"[1.0,1.0873936540181521]","[[0.3013612411874447,-0.005292023542136603],[-0.005292023542136603,0.14279751254232229]]",development_only
NFP_201907_REL_20190802,2019-08-02,real_rate,real_h15_5y,1,real_h15_5y;real_h15_10y;real_tip,"{""real_h15_10y"":0.0,""real_h15_5y"":0.0,""real_tip"":-0.2940618199356687}",-0.12600932356051983,0.16370212832892353,"[1.0,1.0401143342141086,1.003450670631514]","[[0.15039777974575336,0.001788716327518765,-0.0014618364893762962],[0.001788716327518765,0.05481041486702631,-0.0010180020833655764],[-0.0014618364893762962,-0.0010180020833655764,0.09579282466715085]]",development_only
NFP_201907_REL_20190802,2019-08-02,gold,gold_gld,1,gold_gld;gold_gc,"{""gold_gc"":2.22641520390644,""gold_gld"":-0.42412730686403644}",1.0234878286329328,0.14407797262134509,"[1.0,0.9874633095069]","[[0.04452140210692934,0.0003988324237603496],[0.0003988324237603496,0.03760578419298342]]",development_only
NFP_201907_REL_20190802,2019-08-02,dollar,dollar_dxy,1,dollar_dxy;dollar_uup,"{""dollar_dxy"":-1.0162230142431141,""dollar_uup"":-0.7434500508895221}",-0.7373936548051786,0.2945329642650714,"[1.0,1.021562219282586]","[[0.2589368952533541,-0.013517004820323596],[-0.013517004820323596,0.15618573469252106]]",development_only
NFP_201908_REL_20190906,2019-09-06,policy,policy_h15_2y,1,policy_h15_2y;policy_h15_1y;policy_zt,"{""policy_h15_1y"":0.0,""policy_h15_2y"":-0.37064047882894335,""policy_zt"":-0.18818503446434848}",-0.16949415393107026,0.25360281467310003,"[1.0,1.0015566389895747,1.0013887142932434]","[[0.15113762967151154,0.001442112472435725,0.011203363669752671],[0.001442112472435725,0.17153781791263525,-0.020486319129869396],[0.011203363669752671,-0.020486319129869396,0.3750939524360022]]",development_only
NFP_201908_REL_20190906,2019-09-06,inflation,inflation_be5,1,inflation_be5;inflation_be10,"{""inflation_be10"":-0.6637150521743711,""inflation_be5"":0.0}",-0.38306787071553555,0.28719740700292873,"[1.0,1.0873936540181521]","[[0.3013612411874447,-0.005292023542136603],[-0.005292023542136603,0.14279751254232229]]",development_only
NFP_201908_REL_20190906,2019-09-06,real_rate,real_h15_5y,1,real_h15_5y;real_h15_10y;real_tip,"{""real_h15_10y"":0.0,""real_h15_5y"":-0.25478854577631727,""real_tip"":-0.3332282754757883}",-0.18189408597865542,0.16370212832892353,"[1.0,1.0401143342141086,1.003450670631514]","[[0.15039777974575336,0.001788716327518765,-0.0014618364893762962],[0.001788716327518765,0.05481041486702631,-0.0010180020833655764],[-0.0014618364893762962,-0.0010180020833655764,0.09579282466715085]]",development_only
NFP_201908_REL_20190906,2019-09-06,gold,gold_gld,1,gold_gld;gold_gc,"{""gold_gc"":-0.6574520704008147,""gold_gld"":-0.835279511553603}",-0.7240105730104486,0.14407797262134509,"[1.0,0.9874633095069]","[[0.04452140210692934,0.0003988324237603496],[0.0003988324237603496,0.03760578419298342]]",development_only
NFP_201908_REL_20190906,2019-09-06,dollar,dollar_dxy,1,dollar_dxy;dollar_uup,"{""dollar_dxy"":-0.06743708543482234,""dollar_uup"":0.1185312186439172}",0.12655459358985158,0.2945329642650714,"[1.0,1.021562219282586]","[[0.2589368952533541,-0.013517004820323596],[-0.013517004820323596,0.15618573469252106]]",development_only
NFP_201909_REL_20191004,2019-10-04,policy,policy_h15_2y,1,policy_h15_2y;policy_h15_1y;policy_zt,"{""policy_h15_1y"":0.0,""policy_h15_2y"":0.1818470527648088,""policy_zt"":0.27261394777510806}",0.13952582764451016,0.25360281467310003,"[1.0,1.0015566389895747,1.0013887142932434]","[[0.15113762967151154,0.001442112472435725,0.011203363669752671],[0.001442112472435725,0.17153781791263525,-0.020486319129869396],[0.011203363669752671,-0.020486319129869396,0.3750939524360022]]",development_only
NFP_201909_REL_20191004,2019-10-04,inflation,inflation_be5,1,inflation_be5;inflation_be10,"{""inflation_be10"":0.6920700097460764,""inflation_be5"":0.6582093174427684}",0.6703395325066651,0.28719740700292873,"[1.0,1.0873936540181521]","[[0.3013612411874447,-0.005292023542136603],[-0.005292023542136603,0.14279751254232229]]",development_only
NFP_201909_REL_20191004,2019-10-04,real_rate,real_h15_5y,1,real_h15_5y;real_h15_10y;real_tip,"{""real_h15_10y"":-1.1242665890224048,""real_h15_5y"":-0.5084919076634636,""real_tip"":-1.0763159544472367}",-1.0122093161755066,0.16370212832892353,"[1.0,1.0401143342141086,1.003450670631514]","[[0.15039777974575336,0.001788716327518765,-0.0014618364893762962],[0.001788716327518765,0.05481041486702631,-0.0010180020833655764],[-0.0014618364893762962,-0.0010180020833655764,0.09579282466715085]]",development_only
NFP_201909_REL_20191004,2019-10-04,gold,gold_gld,1,gold_gld;gold_gc,"{""gold_gc"":-0.06833128142160201,""gold_gld"":0.0}",-0.020377799465576912,0.14407797262134509,"[1.0,0.9874633095069]","[[0.04452140210692934,0.0003988324237603496],[0.0003988324237603496,0.03760578419298342]]",development_only
NFP_201909_REL_20191004,2019-10-04,dollar,dollar_dxy,1,dollar_dxy;dollar_uup,"{""dollar_dxy"":-0.17834213841857274,""dollar_uup"":-0.24300789269384304}",-0.13066729417504633,0.2945329642650714,"[1.0,1.021562219282586]","[[0.2589368952533541,-0.013517004820323596],[-0.013517004820323596,0.15618573469252106]]",development_only
NFP_201910_REL_20191101,2019-11-01,policy,policy_h15_2y,1,policy_h15_2y;policy_h15_1y;policy_zt,"{""policy_h15_1y"":0.0,""policy_h15_2y"":0.7589363478478344,""policy_zt"":0.7234655845752404}",0.45679163439152015,0.25360281467310003,"[1.0,1.0015566389895747,1.0013887142932434]","[[0.15113762967151154,0.001442112472435725,0.011203363669752671],[0.001442112472435725,0.17153781791263525,-0.020486319129869396],[0.011203363669752671,-0.020486319129869396,0.3750939524360022]]",development_only
NFP_201910_REL_20191101,2019-11-01,inflation,inflation_be5,1,inflation_be5;inflation_be10,"{""inflation_be10"":1.8674976007419044,""inflation_be5"":1.646239799681008}",1.702531717999737,0.28719740700292873,"[1.0,1.0873936540181521]","[[0.3013612411874447,-0.005292023542136603],[-0.005292023542136603,0.14279751254232229]]",development_only
NFP_201910_REL_20191101,2019-11-01,real_rate,real_h15_5y,1,real_h15_5y;real_h15_10y;real_tip,"{""real_h15_10y"":-0.2709380593125928,""real_h15_5y"":-0.43050041923647053,""real_tip"":-0.48209469823892076}",-0.3933117801094347,0.16370212832892353,"[1.0,1.0401143342141086,1.003450670631514]","[[0.15039777974575336,0.001788716327518765,-0.0014618364893762962],[0.001788716327518765,0.05481041486702631,-0.0010180020833655764],[-0.0014618364893762962,-0.0010180020833655764,0.09579282466715085]]",development_only
NFP_201910_REL_20191101,2019-11-01,gold,gold_gld,1,gold_gld;gold_gc,"{""gold_gc"":-0.2751512591300647,""gold_gld"":0.11178567386963258}",-0.08051762623132504,0.14407797262134509,"[1.0,0.9874633095069]","[[0.04452140210692934,0.0003988324237603496],[0.0003988324237603496,0.03760578419298342]]",development_only
NFP_201910_REL_20191101,2019-11-01,dollar,dollar_dxy,1,dollar_dxy;dollar_uup,"{""dollar_dxy"":-0.42623660363448895,""dollar_uup"":-0.13092568559782497}",-0.1543214420906218,0.2945329642650714,"[1.0,1.021562219282586]","[[0.2589368952533541,-0.013517004820323596],[-0.013517004820323596,0.15618573469252106]]",development_only
NFP_201911_REL_20191206,2019-12-06,policy,policy_h15_2y,1,policy_h15_2y;policy_h15_1y;policy_zt,"{""policy_h15_1y"":0.32675373875566815,""policy_h15_2y"":0.6522888694671789,""policy_zt"":0.6965867386493192}",0.5370168482268411,0.25360281467310003,"[1.0,1.0015566389895747,1.0013887142932434]","[[0.15113762967151154,0.001442112472435725,0.011203363669752671],[0.001442112472435725,0.17153781791263525,-0.020486319129869396],[0.011203363669752671,-0.020486319129869396,0.3750939524360022]]",development_only
NFP_201911_REL_20191206,2019-12-06,inflation,inflation_be5,1,inflation_be5;inflation_be10,"{""inflation_be10"":0.7716594899155983,""inflation_be5"":1.1401522760559322}",0.8584814722234586,0.28719740700292873,"[1.0,1.0873936540181521]","[[0.3013612411874447,-0.005292023542136603],[-0.005292023542136603,0.14279751254232229]]",development_only
NFP_201911_REL_20191206,2019-12-06,real_rate,real_h15_5y,1,real_h15_5y;real_h15_10y;real_tip,"{""real_h15_10y"":0.563897803261735,""real_h15_5y"":0.2289329174800124,""real_tip"":0.24999934343421995}",0.357724237511891,0.16370212832892353,"[1.0,1.0401143342141086,1.003450670631514]","[[0.15039777974575336,0.001788716327518765,-0.0014618364893762962],[0.001788716327518765,0.05481041486702631,-0.0010180020833655764],[-0.0014618364893762962,-0.0010180020833655764,0.09579282466715085]]",development_only
NFP_201911_REL_20191206,2019-12-06,gold,gold_gld,1,gold_gld;gold_gc,"{""gold_gc"":-1.6251962650574698,""gold_gld"":-1.4624824206856861}",-1.5361573917370435,0.14407797262134509,"[1.0,0.9874633095069]","[[0.04452140210692934,0.0003988324237603496],[0.0003988324237603496,0.03760578419298342]]",development_only
NFP_201911_REL_20191206,2019-12-06,dollar,dollar_dxy,1,dollar_dxy;dollar_uup,"{""dollar_dxy"":1.2183328236514206,""dollar_uup"":1.4468533113318311}",1.3933230007053652,0.2945329642650714,"[1.0,1.021562219282586]","[[0.2589368952533541,-0.013517004820323596],[-0.013517004820323596,0.15618573469252106]]",development_only
NFP_201912_REL_20200110,2020-01-10,policy,policy_h15_2y,1,policy_h15_2y;policy_h15_1y;policy_zt,"{""policy_h15_1y"":-0.48229035016758787,""policy_h15_2y"":-0.5629882697089558,""policy_zt"":-0.12139543990678002}",-0.4258264036856019,0.25360281467310003,"[1.0,1.0015566389895747,1.0013887142932434]","[[0.15113762967151154,0.001442112472435725,0.011203363669752671],[0.001442112472435725,0.17153781791263525,-0.020486319129869396],[0.011203363669752671,-0.020486319129869396,0.3750939524360022]]",development_only
NFP_201912_REL_20200110,2020-01-10,inflation,inflation_be5,1,inflation_be5;inflation_be10,"{""inflation_be10"":0.8726133600543885,""inflation_be5"":0.0}",0.5981113088464719,0.28719740700292873,"[1.0,1.0873936540181521]","[[0.3013612411874447,-0.005292023542136603],[-0.005292023542136603,0.14279751254232229]]",development_only
NFP_201912_REL_20200110,2020-01-10,real_rate,real_h15_5y,1,real_h15_5y;real_h15_10y;real_tip,"{""real_h15_10y"":-1.2322077078557672,""real_h15_5y"":-0.5000927164606177,""real_tip"":-1.2050703294123788}",-1.1027766707608546,0.16370212832892353,"[1.0,1.0401143342141086,1.003450670631514]","[[0.15039777974575336,0.001788716327518765,-0.0014618364893762962],[0.001788716327518765,0.05481041486702631,-0.0010180020833655764],[-0.0014618364893762962,-0.0010180020833655764,0.09579282466715085]]",development_only
NFP_201912_REL_20200110,2020-01-10,gold,gold_gld,1,gold_gld;gold_gc,"{""gold_gc"":0.5743857216789137,""gold_gld"":1.019740746727193}",0.7973182559668279,0.14407797262134509,"[1.0,0.9874633095069]","[[0.04452140210692934,0.0003988324237603496],[0.0003988324237603496,0.03760578419298342]]",development_only
NFP_201912_REL_20200110,2020-01-10,dollar,dollar_dxy,1,dollar_dxy;dollar_uup,"{""dollar_dxy"":-0.39672841988831886,""dollar_uup"":-0.3400061047331811}",-0.26877271331808084,0.2945329642650714,"[1.0,1.021562219282586]","[[0.2589368952533541,-0.013517004820323596],[-0.013517004820323596,0.15618573469252106]]",development_only
NFP_202001_REL_20200207,2020-02-07,policy,policy_h15_2y,1,policy_h15_2y;policy_h15_1y;policy_zt,"{""policy_h15_1y"":-1.2883434555481534,""policy_h15_2y"":-0.9631578042952498,""policy_zt"":-1.5653624962363892}",-1.1679422115281137,0.25360281467310003,"[1.0,1.0015566389895747,1.0013887142932434]","[[0.15113762967151154,0.001442112472435725,0.011203363669752671],[0.001442112472435725,0.17153781791263525,-0.020486319129869396],[0.011203363669752671,-0.020486319129869396,0.3750939524360022]]",development_only
NFP_202001_REL_20200207,2020-02-07,inflation,inflation_be5,1,inflation_be5;inflation_be10,"{""inflation_be10"":-0.5000706364346156,""inflation_be5"":0.0}",-0.27855604088970715,0.28719740700292873,"[1.0,1.0873936540181521]","[[0.3013612411874447,-0.005292023542136603],[-0.005292023542136603,0.14279751254232229]]",development_only
NFP_202001_REL_20200207,2020-02-07,real_rate,real_h15_5y,1,real_h15_5y;real_h15_10y;real_tip,"{""real_h15_10y"":-1.5245851291916537,""real_h15_5y"":-1.2270379615217255,""real_tip"":-1.7174096712886897}",-1.5264911617635677,0.16370212832892353,"[1.0,1.0401143342141086,1.003450670631514]","[[0.15039777974575336,0.001788716327518765,-0.0014618364893762962],[0.001788716327518765,0.05481041486702631,-0.0010180020833655764],[-0.0014618364893762962,-0.0010180020833655764,0.09579282466715085]]",development_only
NFP_202001_REL_20200207,2020-02-07,gold,gold_gld,1,gold_gld;gold_gc,"{""gold_gc"":0.3869797020842799,""gold_gld"":0.5030422275955582}",0.45767726762522376,0.14407797262134509,"[1.0,0.9874633095069]","[[0.04452140210692934,0.0003988324237603496],[0.0003988324237603496,0.03760578419298342]]",development_only
NFP_202001_REL_20200207,2020-02-07,dollar,dollar_dxy,1,dollar_dxy;dollar_uup,"{""dollar_dxy"":0.8073565630752961,""dollar_uup"":1.0130785043222266}",0.9829101120121092,0.2945329642650714,"[1.0,1.021562219282586]","[[0.2589368952533541,-0.013517004820323596],[-0.013517004820323596,0.15618573469252106]]",development_only
NFP_202002_REL_20200306,2020-03-06,policy,policy_h15_2y,1,policy_h15_2y;policy_h15_1y;policy_zt,"{""policy_h15_1y"":-1.984911273960511,""policy_h15_2y"":-2.1298750738557892,""policy_zt"":-2.337307349734391}",-2.058341451618075,0.25360281467310003,"[1.0,1.0015566389895747,1.0013887142932434]","[[0.15113762967151154,0.001442112472435725,0.011203363669752671],[0.001442112472435725,0.17153781791263525,-0.020486319129869396],[0.011203363669752671,-0.020486319129869396,0.3750939524360022]]",development_only
NFP_202002_REL_20200306,2020-03-06,inflation,inflation_be5,1,inflation_be5;inflation_be10,"{""inflation_be10"":-3.551063673400171,""inflation_be5"":-4.804435889021412}",-3.595926483155978,0.28719740700292873,"[1.0,1.0873936540181521]","[[0.3013612411874447,-0.005292023542136603],[-0.005292023542136603,0.14279751254232229]]",development_only
NFP_202002_REL_20200306,2020-03-06,real_rate,real_h15_5y,1,real_h15_5y;real_h15_10y;real_tip,"{""real_h15_10y"":-2.5029313613219113,""real_h15_5y"":1.404581168133287,""real_tip"":-2.5139405315988994}",-1.7933119437381029,0.16370212832892353,"[1.0,1.0401143342141086,1.003450670631514]","[[0.15039777974575336,0.001788716327518765,-0.0014618364893762962],[0.001788716327518765,0.05481041486702631,-0.0010180020833655764],[-0.0014618364893762962,-0.0010180020833655764,0.09579282466715085]]",development_only
NFP_202002_REL_20200306,2020-03-06,gold,gold_gld,1,gold_gld;gold_gc,"{""gold_gc"":0.26087774466585995,""gold_gld"":0.04235654922981745}",0.1769959318952649,0.14407797262134509,"[1.0,0.9874633095069]","[[0.04452140210692934,0.0003988324237603496],[0.0003988324237603496,0.03760578419298342]]",development_only
NFP_202002_REL_20200306,2020-03-06,dollar,dollar_dxy,1,dollar_dxy;dollar_uup,"{""dollar_dxy"":-3.2195990703202537,""dollar_uup"":-2.0284469072145925}",-2.314320625282787,0.2945329642650714,"[1.0,1.021562219282586]","[[0.2589368952533541,-0.013517004820323596],[-0.013517004820323596,0.15618573469252106]]",development_only
NFP_202003_REL_20200403,2020-04-03,policy,policy_h15_2y,1,policy_h15_2y;policy_h15_1y;policy_zt,"{""policy_h15_1y"":0.1874574967460415,""policy_h15_2y"":0.0,""policy_zt"":-0.07529957793940435}",0.07609374234453073,0.25360281467310003,"[1.0,1.0015566389895747,1.0013887142932434]","[[0.15113762967151154,0.001442112472435725,0.011203363669752671],[0.001442112472435725,0.17153781791263525,-0.020486319129869396],[0.011203363669752671,-0.020486319129869396,0.3750939524360022]]",development_only
NFP_202003_REL_20200403,2020-04-03,inflation,inflation_be5,1,inflation_be5;inflation_be10,"{""inflation_be10"":0.6616778229582609,""inflation_be5"":0.5935514360796189}",0.6325076116735707,0.28719740700292873,"[1.0,1.0873936540181521]","[[0.3013612411874447,-0.005292023542136603],[-0.005292023542136603,0.14279751254232229]]",development_only
NFP_202003_REL_20200403,2020-04-03,real_rate,real_h15_5y,1,real_h15_5y;real_h15_10y;real_tip,"{""real_h15_10y"":-0.582632567948459,""real_h15_5y"":-0.5416793597688379,""real_tip"":-0.8391053816596102}",-0.6742608351959314,0.16370212832892353,"[1.0,1.0401143342141086,1.003450670631514]","[[0.15039777974575336,0.001788716327518765,-0.0014618364893762962],[0.001788716327518765,0.05481041486702631,-0.0010180020833655764],[-0.0014618364893762962,-0.0010180020833655764,0.09579282466715085]]",development_only
NFP_202003_REL_20200403,2020-04-03,gold,gold_gld,1,gold_gld;gold_gc,"{""gold_gc"":0.2692277945509332,""gold_gld"":0.31129403606999206}",0.3055965036843597,0.14407797262134509,"[1.0,0.9874633095069]","[[0.04452140210692934,0.0003988324237603496],[0.0003988324237603496,0.03760578419298342]]",development_only
NFP_202003_REL_20200403,2020-04-03,dollar,dollar_dxy,1,dollar_dxy;dollar_uup,"{""dollar_dxy"":0.6227429715091836,""dollar_uup"":0.5991899006205007}",0.6673265881631666,0.2945329642650714,"[1.0,1.021562219282586]","[[0.2589368952533541,-0.013517004820323596],[-0.013517004820323596,0.15618573469252106]]",development_only
NFP_202004_REL_20200508,2020-05-08,policy,policy_h15_2y,1,policy_h15_2y;policy_h15_1y;policy_zt,"{""policy_h15_1y"":0.0,""policy_h15_2y"":0.5169584192634349,""policy_zt"":0.42925221901693533}",0.30472376890969954,0.25360281467310003,"[1.0,1.0015566389895747,1.0013887142932434]","[[0.15113762967151154,0.001442112472435725,0.011203363669752671],[0.001442112472435725,0.17153781791263525,-0.020486319129869396],[0.011203363669752671,-0.020486319129869396,0.3750939524360022]]",development_only
NFP_202004_REL_20200508,2020-05-08,inflation,inflation_be5,1,inflation_be5;inflation_be10,"{""inflation_be10"":0.4800218048755277,""inflation_be5"":0.4385200763987518}",0.47232213944298373,0.28719740700292873,"[1.0,1.0873936540181521]","[[0.3013612411874447,-0.005292023542136603],[-0.005292023542136603,0.14279751254232229]]",development_only
NFP_202004_REL_20200508,2020-05-08,real_rate,real_h15_5y,1,real_h15_5y;real_h15_10y;real_tip,"{""real_h15_10y"":0.1883045281685517,""real_h15_5y"":0.0,""real_tip"":0.030475805580767592}",0.06340656574391884,0.16370212832892353,"[1.0,1.0401143342141086,1.003450670631514]","[[0.15039777974575336,0.001788716327518765,-0.0014618364893762962],[0.001788716327518765,0.05481041486702631,-0.0010180020833655764],[-0.0014618364893762962,-0.0010180020833655764,0.09579282466715085]]",development_only
NFP_202004_REL_20200508,2020-05-08,gold,gold_gld,1,gold_gld;gold_gc,"{""gold_gc"":-0.3442529003286771,""gold_gld"":-0.34779371189440067}",-0.32989843833158,0.14407797262134509,"[1.0,0.9874633095069]","[[0.04452140210692934,0.0003988324237603496],[0.0003988324237603496,0.03760578419298342]]",development_only
NFP_202004_REL_20200508,2020-05-08,dollar,dollar_dxy,1,dollar_dxy;dollar_uup,"{""dollar_dxy"":-0.23806873014203528,""dollar_uup"":-0.03884295905409741}",-0.03022974449532715,0.2945329642650714,"[1.0,1.021562219282586]","[[0.2589368952533541,-0.013517004820323596],[-0.013517004820323596,0.15618573469252106]]",development_only
NFP_202005_REL_20200605,2020-06-05,policy,policy_h15_2y,1,policy_h15_2y;policy_h15_1y;policy_zt,"{""policy_h15_1y"":0.3525341085781561,""policy_h15_2y"":0.7889999720283912,""policy_zt"":0.7182290124462942}",0.6069109393333724,0.25360281467310003,"[1.0,1.0015566389895747,1.0013887142932434]","[[0.15113762967151154,0.001442112472435725,0.011203363669752671],[0.001442112472435725,0.17153781791263525,-0.020486319129869396],[0.011203363669752671,-0.020486319129869396,0.3750939524360022]]",development_only
NFP_202005_REL_20200605,2020-06-05,inflation,inflation_be5,1,inflation_be5;inflation_be10,"{""inflation_be10"":0.7063967503359435,""inflation_be5"":0.9061332381174787}",0.7501261571503921,0.28719740700292873,"[1.0,1.0873936540181521]","[[0.3013612411874447,-0.005292023542136603],[-0.005292023542136603,0.14279751254232229]]",development_only
NFP_202005_REL_20200605,2020-06-05,real_rate,real_h15_5y,1,real_h15_5y;real_h15_10y;real_tip,"{""real_h15_10y"":0.4016462659245043,""real_h15_5y"":0.0,""real_tip"":0.008629048050205519}",0.1655150032723614,0.16370212832892353,"[1.0,1.0401143342141086,1.003450670631514]","[[0.15039777974575336,0.001788716327518765,-0.0014618364893762962],[0.001788716327518765,0.05481041486702631,-0.0010180020833655764],[-0.0014618364893762962,-0.0010180020833655764,0.09579282466715085]]",development_only
NFP_202005_REL_20200605,2020-06-05,gold,gold_gld,1,gold_gld;gold_gc,"{""gold_gc"":-1.3275416416299177,""gold_gld"":-1.279558660566555}",-1.290969584982368,0.14407797262134509,"[1.0,0.9874633095069]","[[0.04452140210692934,0.0003988324237603496],[0.0003988324237603496,0.03760578419298342]]",development_only
NFP_202005_REL_20200605,2020-06-05,dollar,dollar_dxy,1,dollar_dxy;dollar_uup,"{""dollar_dxy"":0.4227293712553737,""dollar_uup"":0.20688252248142186}",0.35903141726250926,0.2945329642650714,"[1.0,1.021562219282586]","[[0.2589368952533541,-0.013517004820323596],[-0.013517004820323596,0.15618573469252106]]",development_only
NFP_202006_REL_20200702,2020-07-02,policy,policy_h15_2y,1,policy_h15_2y;policy_h15_1y;policy_zt,"{""policy_h15_1y"":0.0,""policy_h15_2y"":-0.6028678893354557,""policy_zt"":-0.5613169128118015}",-0.3318649520345073,0.25360281467310003,"[1.0,1.0015566389895747,1.0013887142932434]","[[0.15113762967151154,0.001442112472435725,0.011203363669752671],[0.001442112472435725,0.17153781791263525,-0.020486319129869396],[0.011203363669752671,-0.020486319129869396,0.3750939524360022]]",development_only
NFP_202006_REL_20200702,2020-07-02,inflation,inflation_be5,1,inflation_be5;inflation_be10,"{""inflation_be10"":0.9554043842841994,""inflation_be5"":0.869393459673385}",0.8986877234750832,0.28719740700292873,"[1.0,1.0873936540181521]","[[0.3013612411874447,-0.005292023542136603],[-0.005292023542136603,0.14279751254232229]]",development_only
NFP_202006_REL_20200702,2020-07-02,real_rate,real_h15_5y,1,real_h15_5y;real_h15_10y;real_tip,"{""real_h15_10y"":-1.2122853744986495,""real_h15_5y"":-1.3264126319048017,""real_tip"":-0.8049098348352282}",-1.1216522609116715,0.16370212832892353,"[1.0,1.0401143342141086,1.003450670631514]","[[0.15039777974575336,0.001788716327518765,-0.0014618364893762962],[0.001788716327518765,0.05481041486702631,-0.0010180020833655764],[-0.0014618364893762962,-0.0010180020833655764,0.09579282466715085]]",development_only
NFP_202006_REL_20200702,2020-07-02,gold,gold_gld,1,gold_gld;gold_gc,"{""gold_gc"":0.5167499652077768,""gold_gld"":0.2204487903125488}",0.3973846794116272,0.14407797262134509,"[1.0,0.9874633095069]","[[0.04452140210692934,0.0003988324237603496],[0.0003988324237603496,0.03760578419298342]]",development_only
NFP_202006_REL_20200702,2020-07-02,dollar,dollar_dxy,1,dollar_dxy;dollar_uup,"{""dollar_dxy"":0.3023509310145149,""dollar_uup"":0.18955643903539518}",0.30455732908211197,0.2945329642650714,"[1.0,1.021562219282586]","[[0.2589368952533541,-0.013517004820323596],[-0.013517004820323596,0.15618573469252106]]",development_only
NFP_202007_REL_20200807,2020-08-07,policy,policy_h15_2y,1,policy_h15_2y;policy_h15_1y;policy_zt,"{""policy_h15_1y"":0.0,""policy_h15_2y"":1.4687481767074146,""policy_zt"":0.9044209881882889}",0.7794032872250337,0.25360281467310003,"[1.0,1.0015566389895747,1.0013887142932434]","[[0.15113762967151154,0.001442112472435725,0.011203363669752671],[0.001442112472435725,0.17153781791263525,-0.020486319129869396],[0.011203363669752671,-0.020486319129869396,0.3750939524360022]]",development_only
NFP_202007_REL_20200807,2020-08-07,inflation,inflation_be5,1,inflation_be5;inflation_be10,"{""inflation_be10"":-0.7805059053267228,""inflation_be5"":-0.9096999298892924}",-0.716842192951562,0.28719740700292873,"[1.0,1.0873936540181521]","[[0.3013612411874447,-0.005292023542136603],[-0.005292023542136603,0.14279751254232229]]",development_only
NFP_202007_REL_20200807,2020-08-07,real_rate,real_h15_5y,1,real_h15_5y;real_h15_10y;real_tip,"{""real_h15_10y"":1.5083316171691783,""real_h15_5y"":1.6515983448880338,""real_tip"":1.383668343990628}",1.4139495932218948,0.16370212832892353,"[1.0,1.0401143342141086,1.003450670631514]","[[0.15039777974575336,0.001788716327518765,-0.0014618364893762962],[0.001788716327518765,0.05481041486702631,-0.0010180020833655764],[-0.0014618364893762962,-0.0010180020833655764,0.09579282466715085]]",development_only
NFP_202007_REL_20200807,2020-08-07,gold,gold_gld,1,gold_gld;gold_gc,"{""gold_gc"":-2.2159289093004357,""gold_gld"":-1.8994981089123073}",-2.0568984564252655,0.14407797262134509,"[1.0,0.9874633095069]","[[0.04452140210692934,0.0003988324237603496],[0.0003988324237603496,0.03760578419298342]]",development_only
NFP_202007_REL_20200807,2020-08-07,dollar,dollar_dxy,1,dollar_dxy;dollar_uup,"{""dollar_dxy"":1.8028887446078627,""dollar_uup"":1.6273867513324893}",1.715600500743621,0.2945329642650714,"[1.0,1.021562219282586]","[[0.2589368952533541,-0.013517004820323596],[-0.013517004820323596,0.15618573469252106]]",development_only
NFP_202008_REL_20200904,2020-09-04,policy,policy_h15_2y,1,policy_h15_2y;policy_h15_1y;policy_zt,"{""policy_h15_1y"":0.949810861583966,""policy_h15_2y"":0.8019779327706992,""policy_zt"":1.9653603357783702}",1.0730915556926814,0.25360281467310003,"[1.0,1.0015566389895747,1.0013887142932434]","[[0.15113762967151154,0.001442112472435725,0.011203363669752671],[0.001442112472435725,0.17153781791263525,-0.020486319129869396],[0.011203363669752671,-0.020486319129869396,0.3750939524360022]]",development_only
NFP_202008_REL_20200904,2020-09-04,inflation,inflation_be5,1,inflation_be5;inflation_be10,"{""inflation_be10"":1.8227920771717492,""inflation_be5"":1.1114430547709608}",1.5216097392784729,0.28719740700292873,"[1.0,1.0873936540181521]","[[0.3013612411874447,-0.005292023542136603],[-0.005292023542136603,0.14279751254232229]]",development_only
NFP_202008_REL_20200904,2020-09-04,real_rate,real_h15_5y,1,real_h15_5y;real_h15_10y;real_tip,"{""real_h15_10y"":1.5713210031232159,""real_h15_5y"":0.6035188510735968,""real_tip"":1.5564686586902126}",1.3125058593299537,0.16370212832892353,"[1.0,1.0401143342141086,1.003450670631514]","[[0.15039777974575336,0.001788716327518765,-0.0014618364893762962],[0.001788716327518765,0.05481041486702631,-0.0010180020833655764],[-0.0014618364893762962,-0.0010180020833655764,0.09579282466715085]]",development_only
NFP_202008_REL_20200904,2020-09-04,gold,gold_gld,1,gold_gld;gold_gc,"{""gold_gc"":-0.16623862656131033,""gold_gld"":0.22523651602292805}",0.030661316289545357,0.14407797262134509,"[1.0,0.9874633095069]","[[0.04452140210692934,0.0003988324237603496],[0.0003988324237603496,0.03760578419298342]]",development_only
NFP_202008_REL_20200904,2020-09-04,dollar,dollar_dxy,1,dollar_dxy;dollar_uup,"{""dollar_dxy"":-0.05665397166566073,""dollar_uup"":0.4185824063485394}",0.3102649147668993,0.2945329642650714,"[1.0,1.021562219282586]","[[0.2589368952533541,-0.013517004820323596],[-0.013517004820323596,0.15618573469252106]]",development_only
NFP_202009_REL_20201002,2020-10-02,policy,policy_h15_2y,1,policy_h15_2y;policy_h15_1y;policy_zt,"{""policy_h15_1y"":0.0,""policy_h15_2y"":-0.7683707410687162,""policy_zt"":0.6822924255437691}",-0.1743500344602186,0.25360281467310003,"[1.0,1.0015566389895747,1.0013887142932434]","[[0.15113762967151154,0.001442112472435725,0.011203363669752671],[0.001442112472435725,0.17153781791263525,-0.020486319129869396],[0.011203363669752671,-0.020486319129869396,0.3750939524360022]]",development_only
NFP_202009_REL_20201002,2020-10-02,inflation,inflation_be5,1,inflation_be5;inflation_be10,"{""inflation_be10"":0.3804365919448565,""inflation_be5"":0.0}",0.28378164229254427,0.28719740700292873,"[1.0,1.0873936540181521]","[[0.3013612411874447,-0.005292023542136603],[-0.005292023542136603,0.14279751254232229]]",development_only
NFP_202009_REL_20201002,2020-10-02,real_rate,real_h15_5y,1,real_h15_5y;real_h15_10y;real_tip,"{""real_h15_10y"":0.41214759855450084,""real_h15_5y"":0.351058240633076,""real_tip"":-0.08269874845306818}",0.20589338458581125,0.16370212832892353,"[1.0,1.0401143342141086,1.003450670631514]","[[0.15039777974575336,0.001788716327518765,-0.0014618364893762962],[0.001788716327518765,0.05481041486702631,-0.0010180020833655764],[-0.0014618364893762962,-0.0010180020833655764,0.09579282466715085]]",development_only
NFP_202009_REL_20201002,2020-10-02,gold,gold_gld,1,gold_gld;gold_gc,"{""gold_gc"":-0.3474008272923041,""gold_gld"":-0.0690681876247063}",-0.20299248544712503,0.14407797262134509,"[1.0,0.9874633095069]","[[0.04452140210692934,0.0003988324237603496],[0.0003988324237603496,0.03760578419298342]]",development_only
NFP_202009_REL_20201002,2020-10-02,dollar,dollar_dxy,1,dollar_dxy;dollar_uup,"{""dollar_dxy"":0.38540701108165515,""dollar_uup"":0.6525418263628517}",0.6123546868208347,0.2945329642650714,"[1.0,1.021562219282586]","[[0.2589368952533541,-0.013517004820323596],[-0.013517004820323596,0.15618573469252106]]",development_only
NFP_202010_REL_20201106,2020-11-06,policy,policy_h15_2y,1,policy_h15_2y;policy_h15_1y;policy_zt,"{""policy_h15_1y"":0.0,""policy_h15_2y"":1.391216687280504,""policy_zt"":0.7043548440023507}",0.7115296673905139,0.25360281467310003,"[1.0,1.0015566389895747,1.0013887142932434]","[[0.15113762967151154,0.001442112472435725,0.011203363669752671],[0.001442112472435725,0.17153781791263525,-0.020486319129869396],[0.011203363669752671,-0.020486319129869396,0.3750939524360022]]",development_only
NFP_202010_REL_20201106,2020-11-06,inflation,inflation_be5,1,inflation_be5;inflation_be10,"{""inflation_be10"":-0.35549813299951466,""inflation_be5"":-0.2922926935521896}",-0.26950260269301285,0.28719740700292873,"[1.0,1.0873936540181521]","[[0.3013612411874447,-0.005292023542136603],[-0.005292023542136603,0.14279751254232229]]",development_only
NFP_202010_REL_20201106,2020-11-06,real_rate,real_h15_5y,1,real_h15_5y;real_h15_10y;real_tip,"{""real_h15_10y"":2.0540466283625154,""real_h15_5y"":1.4248439539824966,""real_tip"":2.2625774408575907}",1.905422061935995,0.16370212832892353,"[1.0,1.0401143342141086,1.003450670631514]","[[0.15039777974575336,0.001788716327518765,-0.0014618364893762962],[0.001788716327518765,0.05481041486702631,-0.0010180020833655764],[-0.0014618364893762962,-0.0010180020833655764,0.09579282466715085]]",development_only
NFP_202010_REL_20201106,2020-11-06,gold,gold_gld,1,gold_gld;gold_gc,"{""gold_gc"":0.2380415735772684,""gold_gld"":0.13575921711245315}",0.20775723632615584,0.14407797262134509,"[1.0,0.9874633095069]","[[0.04452140210692934,0.0003988324237603496],[0.0003988324237603496,0.03760578419298342]]",development_only
NFP_202010_REL_20201106,2020-11-06,dollar,dollar_dxy,1,dollar_dxy;dollar_uup,"{""dollar_dxy"":-0.8756912670631588,""dollar_uup"":-0.9502300765051025}",-0.8097993673912234,0.2945329642650714,"[1.0,1.021562219282586]","[[0.2589368952533541,-0.013517004820323596],[-0.013517004820323596,0.15618573469252106]]",development_only
NFP_202011_REL_20201204,2020-12-04,policy,policy_h15_2y,1,policy_h15_2y;policy_h15_1y;policy_zt,"{""policy_h15_1y"":1.122202438852875,""policy_h15_2y"":0.0,""policy_zt"":-0.22350292587579457}",0.4172712667303057,0.25360281467310003,"[1.0,1.0015566389895747,1.0013887142932434]","[[0.15113762967151154,0.001442112472435725,0.011203363669752671],[0.001442112472435725,0.17153781791263525,-0.020486319129869396],[0.011203363669752671,-0.020486319129869396,0.3750939524360022]]",development_only
NFP_202011_REL_20201204,2020-12-04,inflation,inflation_be5,1,inflation_be5;inflation_be10,"{""inflation_be10"":1.1496835738353919,""inflation_be5"":1.5529036835569183}",1.21750566852562,0.28719740700292873,"[1.0,1.0873936540181521]","[[0.3013612411874447,-0.005292023542136603],[-0.005292023542136603,0.14279751254232229]]",development_only
NFP_202011_REL_20201204,2020-12-04,real_rate,real_h15_5y,1,real_h15_5y;real_h15_10y;real_tip,"{""real_h15_10y"":0.8310216343100647,""real_h15_5y"":-1.2094945570067654,""real_tip"":1.2195866868850167}",0.5218305653147175,0.16370212832892353,"[1.0,1.0401143342141086,1.003450670631514]","[[0.15039777974575336,0.001788716327518765,-0.0014618364893762962],[0.001788716327518765,0.05481041486702631,-0.0010180020833655764],[-0.0014618364893762962,-0.0010180020833655764,0.09579282466715085]]",development_only
NFP_202011_REL_20201204,2020-12-04,gold,gold_gld,1,gold_gld;gold_gc,"{""gold_gc"":-0.04083224111234547,""gold_gld"":-0.2651181446251272}",-0.12785135855606453,0.14407797262134509,"[1.0,0.9874633095069]","[[0.04452140210692934,0.0003988324237603496],[0.0003988324237603496,0.03760578419298342]]",development_only
NFP_202011_REL_20201204,2020-12-04,dollar,dollar_dxy,1,dollar_dxy;dollar_uup,"{""dollar_dxy"":-0.03314657292976566,""dollar_uup"":0.3379299517350382}",0.27055671532657216,0.2945329642650714,"[1.0,1.021562219282586]","[[0.2589368952533541,-0.013517004820323596],[-0.013517004820323596,0.15618573469252106]]",development_only
NFP_202012_REL_20210108,2021-01-08,policy,policy_h15_2y,1,policy_h15_2y;policy_h15_1y;policy_zt,"{""policy_h15_1y"":-1.2813779688571028,""policy_h15_2y"":0.0,""policy_zt"":-0.0}",-0.48854772476690206,0.25360281467310003,"[1.0,1.0015566389895747,1.0013887142932434]","[[0.15113762967151154,0.001442112472435725,0.011203363669752671],[0.001442112472435725,0.17153781791263525,-0.020486319129869396],[0.011203363669752671,-0.020486319129869396,0.3750939524360022]]",development_only
NFP_202012_REL_20210108,2021-01-08,inflation,inflation_be5,1,inflation_be5;inflation_be10,"{""inflation_be10"":-1.2720055307208087,""inflation_be5"":-0.6634364772472535}",-0.9605756669789293,0.28719740700292873,"[1.0,1.0873936540181521]","[[0.3013612411874447,-0.005292023542136603],[-0.005292023542136603,0.14279751254232229]]",development_only
NFP_202012_REL_20210108,2021-01-08,real_rate,real_h15_5y,1,real_h15_5y;real_h15_10y;real_tip,"{""real_h15_10y"":3.5232891422539216,""real_h15_5y"":2.1227599910572477,""real_tip"":2.310746231775052}",2.78807941988908,0.16370212832892353,"[1.0,1.0401143342141086,1.003450670631514]","[[0.15039777974575336,0.001788716327518765,-0.0014618364893762962],[0.001788716327518765,0.05481041486702631,-0.0010180020833655764],[-0.0014618364893762962,-0.0010180020833655764,0.09579282466715085]]",development_only
NFP_202012_REL_20210108,2021-01-08,gold,gold_gld,1,gold_gld;gold_gc,"{""gold_gc"":-3.4158220861436965,""gold_gld"":-3.2228065102060577}",-3.3156351714220254,0.14407797262134509,"[1.0,0.9874633095069]","[[0.04452140210692934,0.0003988324237603496],[0.0003988324237603496,0.03760578419298342]]",development_only
NFP_202012_REL_20210108,2021-01-08,dollar,dollar_dxy,1,dollar_dxy;dollar_uup,"{""dollar_dxy"":0.8935460303828753,""dollar_uup"":0.45905068468488275}",0.6825631028971383,0.2945329642650714,"[1.0,1.021562219282586]","[[0.2589368952533541,-0.013517004820323596],[-0.013517004820323596,0.15618573469252106]]",development_only
NFP_202101_REL_20210205,2021-02-05,policy,policy_h15_2y,1,policy_h15_2y;policy_h15_1y;policy_zt,"{""policy_h15_1y"":-1.2699434098560871,""policy_h15_2y"":-1.5451393921008394,""policy_zt"":-1.1847933431683302}",-1.3294705709881203,0.25360281467310003,"[1.0,1.0015566389895747,1.0013887142932434]","[[0.15113762967151154,0.001442112472435725,0.011203363669752671],[0.001442112472435725,0.17153781791263525,-0.020486319129869396],[0.011203363669752671,-0.020486319129869396,0.3750939524360022]]",development_only
NFP_202101_REL_20210205,2021-02-05,inflation,inflation_be5,1,inflation_be5;inflation_be10,"{""inflation_be10"":1.769026474082187,""inflation_be5"":1.1348096966875378}",1.493929697664876,0.28719740700292873,"[1.0,1.0873936540181521]","[[0.3013612411874447,-0.005292023542136603],[-0.005292023542136603,0.14279751254232229]]",development_only
NFP_202101_REL_20210205,2021-02-05,real_rate,real_h15_5y,1,real_h15_5y;real_h15_10y;real_tip,"{""real_h15_10y"":0.0,""real_h15_5y"":-0.9232806580664904,""real_tip"":0.14486355332399362}",-0.16077723572467253,0.16370212832892353,"[1.0,1.0401143342141086,1.003450670631514]","[[0.15039777974575336,0.001788716327518765,-0.0014618364893762962],[0.001788716327518765,0.05481041486702631,-0.0010180020833655764],[-0.0014618364893762962,-0.0010180020833655764,0.09579282466715085]]",development_only
NFP_202101_REL_20210205,2021-02-05,gold,gold_gld,1,gold_gld;gold_gc,"{""gold_gc"":0.9371443911660985,""gold_gld"":0.8472879955034122}",0.9136997428713017,0.14407797262134509,"[1.0,0.9874633095069]","[[0.04452140210692934,0.0003988324237603496],[0.0003988324237603496,0.03760578419298342]]",development_only
NFP_202101_REL_20210205,2021-02-05,dollar,dollar_dxy,1,dollar_dxy;dollar_uup,"{""dollar_dxy"":-1.7015489890877902,""dollar_uup"":-1.6572240754049916}",-1.5358668110111169,0.2945329642650714,"[1.0,1.021562219282586]","[[0.2589368952533541,-0.013517004820323596],[-0.013517004820323596,0.15618573469252106]]",development_only
NFP_202102_REL_20210305,2021-03-05,policy,policy_h15_2y,1,policy_h15_2y;policy_h15_1y;policy_zt,"{""policy_h15_1y"":0.0,""policy_h15_2y"":0.0,""policy_zt"":-0.5677283983170718}",-0.08683912062884246,0.25360281467310003,"[1.0,1.0015566389895747,1.0013887142932434]","[[0.15113762967151154,0.001442112472435725,0.011203363669752671],[0.001442112472435725,0.17153781791263525,-0.020486319129869396],[0.011203363669752671,-0.020486319129869396,0.3750939524360022]]",development_only
NFP_202102_REL_20210305,2021-03-05,inflation,inflation_be5,1,inflation_be5;inflation_be10,"{""inflation_be10"":0.9437277423607774,""inflation_be5"":0.0}",0.6435286497815504,0.28719740700292873,"[1.0,1.0873936540181521]","[[0.3013612411874447,-0.005292023542136603],[-0.005292023542136603,0.14279751254232229]]",development_only
NFP_202102_REL_20210305,2021-03-05,real_rate,real_h15_5y,1,real_h15_5y;real_h15_10y;real_tip,"{""real_h15_10y"":0.0,""real_h15_5y"":0.46475997087097326,""real_tip"":-0.3493704138308455}",-0.060674162411212935,0.16370212832892353,"[1.0,1.0401143342141086,1.003450670631514]","[[0.15039777974575336,0.001788716327518765,-0.0014618364893762962],[0.001788716327518765,0.05481041486702631,-0.0010180020833655764],[-0.0014618364893762962,-0.0010180020833655764,0.09579282466715085]]",development_only
NFP_202102_REL_20210305,2021-03-05,gold,gold_gld,1,gold_gld;gold_gc,"{""gold_gc"":-0.11252520255644814,""gold_gld"":0.05996537160510999}",-0.016581648696646505,0.14407797262134509,"[1.0,0.9874633095069]","[[0.04452140210692934,0.0003988324237603496],[0.0003988324237603496,0.03760578419298342]]",development_only
NFP_202102_REL_20210305,2021-03-05,dollar,dollar_dxy,1,dollar_dxy;dollar_uup,"{""dollar_dxy"":1.0926219320575048,""dollar_uup"":1.0384741404081166}",1.102615949276228,0.2945329642650714,"[1.0,1.021562219282586]","[[0.2589368952533541,-0.013517004820323596],[-0.013517004820323596,0.15618573469252106]]",development_only
NFP_202103_REL_20210402,2021-04-02,policy,policy_h15_2y,1,policy_h15_2y;policy_h15_1y,"{""policy_h15_1y"":1.0288889348182286,""policy_h15_2y"":1.466515696048211,""policy_zt"":null}",1.2728672690025284,0.2816760630923185,"[1.0,1.0015566389895747,1.0013887142932434]","[[0.15113762967151154,0.001442112472435725,0.011203363669752671],[0.001442112472435725,0.17153781791263525,-0.020486319129869396],[0.011203363669752671,-0.020486319129869396,0.3750939524360022]]",development_only
NFP_202103_REL_20210402,2021-04-02,inflation,inflation_be5,1,inflation_be5;inflation_be10,"{""inflation_be10"":0.430106543540062,""inflation_be5"":0.9996235648276272}",0.600309507928171,0.28719740700292873,"[1.0,1.0873936540181521]","[[0.3013612411874447,-0.005292023542136603],[-0.005292023542136603,0.14279751254232229]]",development_only
NFP_202103_REL_20210402,2021-04-02,real_rate,real_h15_5y,1,real_h15_5y;real_h15_10y,"{""real_h15_10y"":0.4119030789726241,""real_h15_5y"":0.7666943112356736,""real_tip"":null}",0.39295401253524886,0.19538428806492855,"[1.0,1.0401143342141086,1.003450670631514]","[[0.15039777974575336,0.001788716327518765,-0.0014618364893762962],[0.001788716327518765,0.05481041486702631,-0.0010180020833655764],[-0.0014618364893762962,-0.0010180020833655764,0.09579282466715085]]",development_only
NFP_202103_REL_20210402,2021-04-02,gold,gold_gld,0,,"{""gold_gc"":null,""gold_gld"":null}",0.0,2.0,"[1.0,0.9874633095069]","[[0.04452140210692934,0.0003988324237603496],[0.0003988324237603496,0.03760578419298342]]",development_only
NFP_202103_REL_20210402,2021-04-02,dollar,dollar_dxy,0,,"{""dollar_dxy"":null,""dollar_uup"":null}",0.0,2.0,"[1.0,1.021562219282586]","[[0.2589368952533541,-0.013517004820323596],[-0.013517004820323596,0.15618573469252106]]",development_only
NFP_202104_REL_20210507,2021-05-07,policy,policy_h15_2y,1,policy_h15_2y;policy_h15_1y;policy_zt,"{""policy_h15_1y"":0.0,""policy_h15_2y"":-1.4478345963903507,""policy_zt"":-0.8676442701541248}",-0.7323612181313055,0.25360281467310003,"[1.0,1.0015566389895747,1.0013887142932434]","[[0.15113762967151154,0.001442112472435725,0.011203363669752671],[0.001442112472435725,0.17153781791263525,-0.020486319129869396],[0.011203363669752671,-0.020486319129869396,0.3750939524360022]]",development_only
NFP_202104_REL_20210507,2021-05-07,inflation,inflation_be5,1,inflation_be5;inflation_be10,"{""inflation_be10"":1.8348349014418752,""inflation_be5"":-0.30022270537030366}",1.1270985566967513,0.28719740700292873,"[1.0,1.0873936540181521]","[[0.3013612411874447,-0.005292023542136603],[-0.005292023542136603,0.14279751254232229]]",development_only
NFP_202104_REL_20210507,2021-05-07,real_rate,real_h15_5y,1,real_h15_5y;real_h15_10y;real_tip,"{""real_h15_10y"":-0.4041332491734178,""real_h15_5y"":-0.5323073553856348,""real_tip"":-0.5731683837453918}",-0.5051112912573568,0.16370212832892353,"[1.0,1.0401143342141086,1.003450670631514]","[[0.15039777974575336,0.001788716327518765,-0.0014618364893762962],[0.001788716327518765,0.05481041486702631,-0.0010180020833655764],[-0.0014618364893762962,-0.0010180020833655764,0.09579282466715085]]",development_only
NFP_202104_REL_20210507,2021-05-07,gold,gold_gld,1,gold_gld;gold_gc,"{""gold_gc"":0.9240921208280036,""gold_gld"":0.9841912518041405}",0.9698176026773158,0.14407797262134509,"[1.0,0.9874633095069]","[[0.04452140210692934,0.0003988324237603496],[0.0003988324237603496,0.03760578419298342]]",development_only
NFP_202104_REL_20210507,2021-05-07,dollar,dollar_dxy,1,dollar_dxy;dollar_uup,"{""dollar_dxy"":-2.3966376186622846,""dollar_uup"":-2.1035800188340277}",-2.057886038214726,0.2945329642650714,"[1.0,1.021562219282586]","[[0.2589368952533541,-0.013517004820323596],[-0.013517004820323596,0.15618573469252106]]",development_only
NFP_202105_REL_20210604,2021-06-04,policy,policy_h15_2y,1,policy_h15_2y;policy_h15_1y;policy_zt,"{""policy_h15_1y"":1.2849589110104163,""policy_h15_2y"":-1.5518257844571732,""policy_zt"":-0.7237277139319873}",-0.24289726651590238,0.25360281467310003,"[1.0,1.0015566389895747,1.0013887142932434]","[[0.15113762967151154,0.001442112472435725,0.011203363669752671],[0.001442112472435725,0.17153781791263525,-0.020486319129869396],[0.011203363669752671,-0.020486319129869396,0.3750939524360022]]",development_only
NFP_202105_REL_20210604,2021-06-04,inflation,inflation_be5,1,inflation_be5;inflation_be10,"{""inflation_be10"":-0.8286004726113738,""inflation_be5"":-0.5625854428203886}",-0.6486603480455814,0.28719740700292873,"[1.0,1.0873936540181521]","[[0.3013612411874447,-0.005292023542136603],[-0.005292023542136603,0.14279751254232229]]",development_only
NFP_202105_REL_20210604,2021-06-04,real_rate,real_h15_5y,1,real_h15_5y;real_h15_10y;real_tip,"{""real_h15_10y"":-1.3449639896411503,""real_h15_5y"":-0.9081598303126616,""real_tip"":-1.7730025652817345}",-1.3954783153709867,0.16370212832892353,"[1.0,1.0401143342141086,1.003450670631514]","[[0.15039777974575336,0.001788716327518765,-0.0014618364893762962],[0.001788716327518765,0.05481041486702631,-0.0010180020833655764],[-0.0014618364893762962,-0.0010180020833655764,0.09579282466715085]]",development_only
NFP_202105_REL_20210604,2021-06-04,gold,gold_gld,1,gold_gld;gold_gc,"{""gold_gc"":1.3110434168412817,""gold_gld"":1.436332949133373}",1.387460618572406,0.14407797262134509,"[1.0,0.9874633095069]","[[0.04452140210692934,0.0003988324237603496],[0.0003988324237603496,0.03760578419298342]]",development_only
NFP_202105_REL_20210604,2021-06-04,dollar,dollar_dxy,1,dollar_dxy;dollar_uup,"{""dollar_dxy"":-1.179662498112338,""dollar_uup"":-1.0451415449546648}",-0.9780039723425035,0.2945329642650714,"[1.0,1.021562219282586]","[[0.2589368952533541,-0.013517004820323596],[-0.013517004820323596,0.15618573469252106]]",development_only
NFP_202106_REL_20210702,2021-07-02,policy,policy_h15_2y,1,policy_h15_2y;policy_h15_1y;policy_zt,"{""policy_h15_1y"":-1.2323398551785611,""policy_h15_2y"":-0.6237417271350938,""policy_zt"":-1.2696597806724657}",-0.9537667947386362,0.25360281467310003,"[1.0,1.0015566389895747,1.0013887142932434]","[[0.15113762967151154,0.001442112472435725,0.011203363669752671],[0.001442112472435725,0.17153781791263525,-0.020486319129869396],[0.011203363669752671,-0.020486319129869396,0.3750939524360022]]",development_only
NFP_202106_REL_20210702,2021-07-02,inflation,inflation_be5,1,inflation_be5;inflation_be10,"{""inflation_be10"":-0.7048826419562273,""inflation_be5"":-1.1410173519038098e-14}",-0.40935963336549785,0.28719740700292873,"[1.0,1.0873936540181521]","[[0.3013612411874447,-0.005292023542136603],[-0.005292023542136603,0.14279751254232229]]",development_only
NFP_202106_REL_20210702,2021-07-02,real_rate,real_h15_5y,1,real_h15_5y;real_h15_10y;real_tip,"{""real_h15_10y"":-0.5365890178245357,""real_h15_5y"":-0.6263746520012728,""real_tip"":-1.592523029409674}",-0.8832557683277571,0.16370212832892353,"[1.0,1.0401143342141086,1.003450670631514]","[[0.15039777974575336,0.001788716327518765,-0.0014618364893762962],[0.001788716327518765,0.05481041486702631,-0.0010180020833655764],[-0.0014618364893762962,-0.0010180020833655764,0.09579282466715085]]",development_only
NFP_202106_REL_20210702,2021-07-02,gold,gold_gld,1,gold_gld;gold_gc,"{""gold_gc"":0.4027210701432416,""gold_gld"":0.7719128440593456}",0.5902395803833833,0.14407797262134509,"[1.0,0.9874633095069]","[[0.04452140210692934,0.0003988324237603496],[0.0003988324237603496,0.03760578419298342]]",development_only
NFP_202106_REL_20210702,2021-07-02,dollar,dollar_dxy,1,dollar_dxy;dollar_uup,"{""dollar_dxy"":-1.1554136999468552,""dollar_uup"":-1.1181800495490992}",-1.0128790870528541,0.2945329642650714,"[1.0,1.021562219282586]","[[0.2589368952533541,-0.013517004820323596],[-0.013517004820323596,0.15618573469252106]]",development_only
NFP_202107_REL_20210806,2021-08-06,policy,policy_h15_2y,1,policy_h15_2y;policy_h15_1y;policy_zt,"{""policy_h15_1y"":1.2017938448554457,""policy_h15_2y"":0.0,""policy_zt"":0.5965708969269216}",0.5970433115461875,0.25360281467310003,"[1.0,1.0015566389895747,1.0013887142932434]","[[0.15113762967151154,0.001442112472435725,0.011203363669752671],[0.001442112472435725,0.17153781791263525,-0.020486319129869396],[0.011203363669752671,-0.020486319129869396,0.3750939524360022]]",development_only
NFP_202107_REL_20210806,2021-08-06,inflation,inflation_be5,1,inflation_be5;inflation_be10,"{""inflation_be10"":1.166849802476079,""inflation_be5"":0.9491157268173588}",1.0564416926236193,0.28719740700292873,"[1.0,1.0873936540181521]","[[0.3013612411874447,-0.005292023542136603],[-0.005292023542136603,0.14279751254232229]]",development_only
NFP_202107_REL_20210806,2021-08-06,real_rate,real_h15_5y,1,real_h15_5y;real_h15_10y;real_tip,"{""real_h15_10y"":1.067978813954152,""real_h15_5y"":0.22278389128814152,""real_tip"":0.8221213959922111}",0.7780368302735172,0.16370212832892353,"[1.0,1.0401143342141086,1.003450670631514]","[[0.15039777974575336,0.001788716327518765,-0.0014618364893762962],[0.001788716327518765,0.05481041486702631,-0.0010180020833655764],[-0.0014618364893762962,-0.0010180020833655764,0.09579282466715085]]",development_only
NFP_202107_REL_20210806,2021-08-06,gold,gold_gld,1,gold_gld;gold_gc,"{""gold_gc"":-2.943040995991928,""gold_gld"":-3.329764702406639}",-3.10960270965149,0.14407797262134509,"[1.0,0.9874633095069]","[[0.04452140210692934,0.0003988324237603496],[0.0003988324237603496,0.03760578419298342]]",development_only
NFP_202107_REL_20210806,2021-08-06,dollar,dollar_dxy,1,dollar_dxy;dollar_uup,"{""dollar_dxy"":1.9060201672496981,""dollar_uup"":1.731783969588197}",1.8159213638237988,0.2945329642650714,"[1.0,1.021562219282586]","[[0.2589368952533541,-0.013517004820323596],[-0.013517004820323596,0.15618573469252106]]",development_only
NFP_202108_REL_20210903,2021-09-03,policy,policy_h15_2y,1,policy_h15_2y;policy_h15_1y;policy_zt,"{""policy_h15_1y"":1.158854544075629,""policy_h15_2y"":0.5253997675893148,""policy_zt"":-0.3471179777995337}",0.6238775895294196,0.25360281467310003,"[1.0,1.0015566389895747,1.0013887142932434]","[[0.15113762967151154,0.001442112472435725,0.011203363669752671],[0.001442112472435725,0.17153781791263525,-0.020486319129869396],[0.011203363669752671,-0.020486319129869396,0.3750939524360022]]",development_only
NFP_202108_REL_20210903,2021-09-03,inflation,inflation_be5,1,inflation_be5;inflation_be10,"{""inflation_be10"":0.5749193098906491,""inflation_be5"":0.25332249460649914}",0.48016336378744007,0.28719740700292873,"[1.0,1.0873936540181521]","[[0.3013612411874447,-0.005292023542136603],[-0.005292023542136603,0.14279751254232229]]",development_only
NFP_202108_REL_20210903,2021-09-03,real_rate,real_h15_5y,1,real_h15_5y;real_h15_10y;real_tip,"{""real_h15_10y"":0.5466869181372069,""real_h15_5y"":-0.23363789910942048,""real_tip"":0.5329493334769017}",0.3497654083724821,0.16370212832892353,"[1.0,1.0401143342141086,1.003450670631514]","[[0.15039777974575336,0.001788716327518765,-0.0014618364893762962],[0.001788716327518765,0.05481041486702631,-0.0010180020833655764],[-0.0014618364893762962,-0.0010180020833655764,0.09579282466715085]]",development_only
NFP_202108_REL_20210903,2021-09-03,gold,gold_gld,1,gold_gld;gold_gc,"{""gold_gc"":1.286324488488666,""gold_gld"":1.2612423617102304}",1.2933197847646971,0.14407797262134509,"[1.0,0.9874633095069]","[[0.04452140210692934,0.0003988324237603496],[0.0003988324237603496,0.03760578419298342]]",development_only
NFP_202108_REL_20210903,2021-09-03,dollar,dollar_dxy,1,dollar_dxy;dollar_uup,"{""dollar_dxy"":-0.6757471624627861,""dollar_uup"":-0.6390496140307198}",-0.550132747633667,0.2945329642650714,"[1.0,1.021562219282586]","[[0.2589368952533541,-0.013517004820323596],[-0.013517004820323596,0.15618573469252106]]",development_only
NFP_202109_REL_20211008,2021-10-08,policy,policy_h15_2y,1,policy_h15_2y;policy_h15_1y;policy_zt,"{""policy_h15_1y"":-1.4533312897301962,""policy_h15_2y"":0.0,""policy_zt"":1.082427067824049}",-0.3603199831025891,0.25360281467310003,"[1.0,1.0015566389895747,1.0013887142932434]","[[0.15113762967151154,0.001442112472435725,0.011203363669752671],[0.001442112472435725,0.17153781791263525,-0.020486319129869396],[0.011203363669752671,-0.020486319129869396,0.3750939524360022]]",development_only
NFP_202109_REL_20211008,2021-10-08,inflation,inflation_be5,1,inflation_be5;inflation_be10,"{""inflation_be10"":1.3153726766937115,""inflation_be5"":0.8679070917321399}",1.128158699493275,0.28719740700292873,"[1.0,1.0873936540181521]","[[0.3013612411874447,-0.005292023542136603],[-0.005292023542136603,0.14279751254232229]]",development_only
NFP_202109_REL_20211008,2021-10-08,real_rate,real_h15_5y,1,real_h15_5y;real_h15_10y;real_tip,"{""real_h15_10y"":-0.3212631415563067,""real_h15_5y"":0.0,""real_tip"":-0.10049203844542394}",-0.23337076480111002,0.16370212832892353,"[1.0,1.0401143342141086,1.003450670631514]","[[0.15039777974575336,0.001788716327518765,-0.0014618364893762962],[0.001788716327518765,0.05481041486702631,-0.0010180020833655764],[-0.0014618364893762962,-0.0010180020833655764,0.09579282466715085]]",development_only
NFP_202109_REL_20211008,2021-10-08,gold,gold_gld,1,gold_gld;gold_gc,"{""gold_gc"":-0.1033127382642603,""gold_gld"":0.05106095034482838}",-0.015713895338828054,0.14407797262134509,"[1.0,0.9874633095069]","[[0.04452140210692934,0.0003988324237603496],[0.0003988324237603496,0.03760578419298342]]",development_only
NFP_202109_REL_20211008,2021-10-08,dollar,dollar_dxy,1,dollar_dxy;dollar_uup,"{""dollar_dxy"":-0.5813427788626871,""dollar_uup"":-0.2825207409494797}",-0.3019566064854255,0.2945329642650714,"[1.0,1.021562219282586]","[[0.2589368952533541,-0.013517004820323596],[-0.013517004820323596,0.15618573469252106]]",development_only
NFP_202110_REL_20211105,2021-11-05,policy,policy_h15_2y,1,policy_h15_2y;policy_h15_1y;policy_zt,"{""policy_h15_1y"":0.0,""policy_h15_2y"":-0.9996118080774077,""policy_zt"":-0.9491311582622587}",-0.5640750771716291,0.25360281467310003,"[1.0,1.0015566389895747,1.0013887142932434]","[[0.15113762967151154,0.001442112472435725,0.011203363669752671],[0.001442112472435725,0.17153781791263525,-0.020486319129869396],[0.011203363669752671,-0.020486319129869396,0.3750939524360022]]",development_only
NFP_202110_REL_20211105,2021-11-05,inflation,inflation_be5,1,inflation_be5;inflation_be10,"{""inflation_be10"":-0.6552091681950358,""inflation_be5"":-0.2678157123841221}",-0.4539398306137807,0.28719740700292873,"[1.0,1.0873936540181521]","[[0.3013612411874447,-0.005292023542136603],[-0.005292023542136603,0.14279751254232229]]",development_only
NFP_202110_REL_20211105,2021-11-05,real_rate,real_h15_5y,1,real_h15_5y;real_h15_10y;real_tip,"{""real_h15_10y"":-1.5968315333175374,""real_h15_5y"":-1.2800605880755944,""real_tip"":-1.2377016445588906}",-1.4339488282483202,0.16370212832892353,"[1.0,1.0401143342141086,1.003450670631514]","[[0.15039777974575336,0.001788716327518765,-0.0014618364893762962],[0.001788716327518765,0.05481041486702631,-0.0010180020833655764],[-0.0014618364893762962,-0.0010180020833655764,0.09579282466715085]]",development_only
NFP_202110_REL_20211105,2021-11-05,gold,gold_gld,1,gold_gld;gold_gc,"{""gold_gc"":1.507595476987138,""gold_gld"":1.6254518825877506}",1.580893988444725,0.14407797262134509,"[1.0,0.9874633095069]","[[0.04452140210692934,0.0003988324237603496],[0.0003988324237603496,0.03760578419298342]]",development_only
NFP_202110_REL_20211105,2021-11-05,dollar,dollar_dxy,1,dollar_dxy;dollar_uup,"{""dollar_dxy"":-0.10604735962258423,""dollar_uup"":-0.2542280597530643}",-0.11090806311304886,0.2945329642650714,"[1.0,1.021562219282586]","[[0.2589368952533541,-0.013517004820323596],[-0.013517004820323596,0.15618573469252106]]",development_only
NFP_202111_REL_20211203,2021-12-03,policy,policy_h15_2y,1,policy_h15_2y;policy_h15_1y;policy_zt,"{""policy_h15_1y"":-0.7426222260886032,""policy_h15_2y"":-0.8388587908766355,""policy_zt"":-0.9136515108520978}",-0.7843737816137173,0.25360281467310003,"[1.0,1.0015566389895747,1.0013887142932434]","[[0.15113762967151154,0.001442112472435725,0.011203363669752671],[0.001442112472435725,0.17153781791263525,-0.020486319129869396],[0.011203363669752671,-0.020486319129869396,0.3750939524360022]]",development_only
NFP_202111_REL_20211203,2021-12-03,inflation,inflation_be5,1,inflation_be5;inflation_be10,"{""inflation_be10"":-1.127795606523459,""inflation_be5"":-0.20322316756758643}",-0.7373548189310485,0.28719740700292873,"[1.0,1.0873936540181521]","[[0.3013612411874447,-0.005292023542136603],[-0.005292023542136603,0.14279751254232229]]",development_only
NFP_202111_REL_20211203,2021-12-03,real_rate,real_h15_5y,1,real_h15_5y;real_h15_10y;real_tip,"{""real_h15_10y"":-1.1247581553379888,""real_h15_5y"":-1.4576686466020972,""real_tip"":-0.6755462261969022}",-1.0627762548634283,0.16370212832892353,"[1.0,1.0401143342141086,1.003450670631514]","[[0.15039777974575336,0.001788716327518765,-0.0014618364893762962],[0.001788716327518765,0.05481041486702631,-0.0010180020833655764],[-0.0014618364893762962,-0.0010180020833655764,0.09579282466715085]]",development_only
NFP_202111_REL_20211203,2021-12-03,gold,gold_gld,1,gold_gld;gold_gc,"{""gold_gc"":1.3624900970843405,""gold_gld"":1.0418637349440765}",1.233239236191442,0.14407797262134509,"[1.0,0.9874633095069]","[[0.04452140210692934,0.0003988324237603496],[0.0003988324237603496,0.03760578419298342]]",development_only
NFP_202111_REL_20211203,2021-12-03,dollar,dollar_dxy,1,dollar_dxy;dollar_uup,"{""dollar_dxy"":-0.03183003375704293,""dollar_uup"":-0.11224682333912012}",0.0013382730094233298,0.2945329642650714,"[1.0,1.021562219282586]","[[0.2589368952533541,-0.013517004820323596],[-0.013517004820323596,0.15618573469252106]]",development_only
NFP_202112_REL_20220107,2022-01-07,policy,policy_h15_2y,1,policy_h15_2y;policy_h15_1y;policy_zt,"{""policy_h15_1y"":-1.0590906494735395,""policy_h15_2y"":-0.24846066266686415,""policy_zt"":-0.32611226398903487}",-0.5615236434533403,0.25360281467310003,"[1.0,1.0015566389895747,1.0013887142932434]","[[0.15113762967151154,0.001442112472435725,0.011203363669752671],[0.001442112472435725,0.17153781791263525,-0.020486319129869396],[0.011203363669752671,-0.020486319129869396,0.3750939524360022]]",development_only
NFP_202112_REL_20220107,2022-01-07,inflation,inflation_be5,1,inflation_be5;inflation_be10,"{""inflation_be10"":0.5161839622501263,""inflation_be5"":0.18541470128798265}",0.42330408405515674,0.28719740700292873,"[1.0,1.0873936540181521]","[[0.3013612411874447,-0.005292023542136603],[-0.005292023542136603,0.14279751254232229]]",development_only
NFP_202112_REL_20220107,2022-01-07,real_rate,real_h15_5y,1,real_h15_5y;real_h15_10y;real_tip,"{""real_h15_10y"":0.1988750989179147,""real_h15_5y"":0.35215877066036505,""real_tip"":0.3393349339372333}",0.21958113179667232,0.16370212832892353,"[1.0,1.0401143342141086,1.003450670631514]","[[0.15039777974575336,0.001788716327518765,-0.0014618364893762962],[0.001788716327518765,0.05481041486702631,-0.0010180020833655764],[-0.0014618364893762962,-0.0010180020833655764,0.09579282466715085]]",development_only
NFP_202112_REL_20220107,2022-01-07,gold,gold_gld,1,gold_gld;gold_gc,"{""gold_gc"":0.518740290086142,""gold_gld"":0.5931671212636472}",0.5704352788951728,0.14407797262134509,"[1.0,0.9874633095069]","[[0.04452140210692934,0.0003988324237603496],[0.0003988324237603496,0.03760578419298342]]",development_only
NFP_202112_REL_20220107,2022-01-07,dollar,dollar_dxy,1,dollar_dxy;dollar_uup,"{""dollar_dxy"":-1.5631702448215323,""dollar_uup"":-1.524821877060304}",-1.4058572548105186,0.2945329642650714,"[1.0,1.021562219282586]","[[0.2589368952533541,-0.013517004820323596],[-0.013517004820323596,0.15618573469252106]]",development_only
NFP_202201_REL_20220204,2022-02-04,policy,policy_h15_2y,1,policy_h15_2y;policy_h15_1y;policy_zt,"{""policy_h15_1y"":4.611279640248667,""policy_h15_2y"":2.7283557747560847,""policy_zt"":2.564631245662193}",3.4097123680486328,0.25360281467310003,"[1.0,1.0015566389895747,1.0013887142932434]","[[0.15113762967151154,0.001442112472435725,0.011203363669752671],[0.001442112472435725,0.17153781791263525,-0.020486319129869396],[0.011203363669752671,-0.020486319129869396,0.3750939524360022]]",development_only
NFP_202201_REL_20220204,2022-02-04,inflation,inflation_be5,1,inflation_be5;inflation_be10,"{""inflation_be10"":0.7656796151623957,""inflation_be5"":0.38882740636503127}",0.6405999622444432,0.28719740700292873,"[1.0,1.0873936540181521]","[[0.3013612411874447,-0.005292023542136603],[-0.005292023542136603,0.14279751254232229]]",development_only
NFP_202201_REL_20220204,2022-02-04,real_rate,real_h15_5y,1,real_h15_5y;real_h15_10y;real_tip,"{""real_h15_10y"":1.5537178878487072,""real_h15_5y"":1.724388457441746,""real_tip"":1.5907710066781828}",1.5095569757018346,0.16370212832892353,"[1.0,1.0401143342141086,1.003450670631514]","[[0.15039777974575336,0.001788716327518765,-0.0014618364893762962],[0.001788716327518765,0.05481041486702631,-0.0010180020833655764],[-0.0014618364893762962,-0.0010180020833655764,0.09579282466715085]]",development_only
NFP_202201_REL_20220204,2022-02-04,gold,gold_gld,1,gold_gld;gold_gc,"{""gold_gc"":0.23712886448577813,""gold_gld"":0.21040098918618572}",0.2417045774782347,0.14407797262134509,"[1.0,0.9874633095069]","[[0.04452140210692934,0.0003988324237603496],[0.0003988324237603496,0.03760578419298342]]",development_only
NFP_202201_REL_20220204,2022-02-04,dollar,dollar_dxy,1,dollar_dxy;dollar_uup,"{""dollar_dxy"":0.2738457680086074,""dollar_uup"":-0.1981763911188439}",0.061825478220472144,0.2945329642650714,"[1.0,1.021562219282586]","[[0.2589368952533541,-0.013517004820323596],[-0.013517004820323596,0.15618573469252106]]",development_only
NFP_202202_REL_20220304,2022-03-04,policy,policy_h15_2y,1,policy_h15_2y;policy_h15_1y;policy_zt,"{""policy_h15_1y"":-0.5493804426664539,""policy_h15_2y"":-0.47976629959904055,""policy_zt"":-0.7204632334509314}",-0.5266891619689116,0.25360281467310003,"[1.0,1.0015566389895747,1.0013887142932434]","[[0.15113762967151154,0.001442112472435725,0.011203363669752671],[0.001442112472435725,0.17153781791263525,-0.020486319129869396],[0.011203363669752671,-0.020486319129869396,0.3750939524360022]]",development_only
NFP_202202_REL_20220304,2022-03-04,inflation,inflation_be5,1,inflation_be5;inflation_be10,"{""inflation_be10"":-0.5279844649568317,""inflation_be5"":0.43108760925339024}",-0.17356066754833943,0.28719740700292873,"[1.0,1.0873936540181521]","[[0.3013612411874447,-0.005292023542136603],[-0.005292023542136603,0.14279751254232229]]",development_only
NFP_202202_REL_20220304,2022-03-04,real_rate,real_h15_5y,1,real_h15_5y;real_h15_10y;real_tip,"{""real_h15_10y"":-1.7155846145526363,""real_h15_5y"":-1.5301083132761053,""real_tip"":-1.6703715781731963}",-1.6629913482259242,0.16370212832892353,"[1.0,1.0401143342141086,1.003450670631514]","[[0.15039777974575336,0.001788716327518765,-0.0014618364893762962],[0.001788716327518765,0.05481041486702631,-0.0010180020833655764],[-0.0014618364893762962,-0.0010180020833655764,0.09579282466715085]]",development_only
NFP_202202_REL_20220304,2022-03-04,gold,gold_gld,1,gold_gld;gold_gc,"{""gold_gc"":1.7969026945931605,""gold_gld"":2.0780107150594156}",1.9459847129039405,0.14407797262134509,"[1.0,0.9874633095069]","[[0.04452140210692934,0.0003988324237603496],[0.0003988324237603496,0.03760578419298342]]",development_only
NFP_202202_REL_20220304,2022-03-04,dollar,dollar_dxy,1,dollar_dxy;dollar_uup,"{""dollar_dxy"":2.3117420777563997,""dollar_uup"":2.0568047191033196}",2.1592551072276267,0.2945329642650714,"[1.0,1.021562219282586]","[[0.2589368952533541,-0.013517004820323596],[-0.013517004820323596,0.15618573469252106]]",development_only
NFP_202203_REL_20220401,2022-04-01,policy,policy_h15_2y,1,policy_h15_2y;policy_h15_1y;policy_zt,"{""policy_h15_1y"":1.4127116855872432,""policy_h15_2y"":2.260832931982588,""policy_zt"":6.622201965594711}",2.6939801303681787,0.25360281467310003,"[1.0,1.0015566389895747,1.0013887142932434]","[[0.15113762967151154,0.001442112472435725,0.011203363669752671],[0.001442112472435725,0.17153781791263525,-0.020486319129869396],[0.011203363669752671,-0.020486319129869396,0.3750939524360022]]",development_only
NFP_202203_REL_20220401,2022-04-01,inflation,inflation_be5,1,inflation_be5;inflation_be10,"{""inflation_be10"":-0.8328769984215829,""inflation_be5"":-0.9649753069923348}",-0.7660377854850206,0.28719740700292873,"[1.0,1.0873936540181521]","[[0.3013612411874447,-0.005292023542136603],[-0.005292023542136603,0.14279751254232229]]",development_only
NFP_202203_REL_20220401,2022-04-01,real_rate,real_h15_5y,1,real_h15_5y;real_h15_10y;real_tip,"{""real_h15_10y"":1.5280051050309909,""real_h15_5y"":2.093932952827082,""real_tip"":0.9192287763989667}",1.3672079697811264,0.16370212832892353,"[1.0,1.0401143342141086,1.003450670631514]","[[0.15039777974575336,0.001788716327518765,-0.0014618364893762962],[0.001788716327518765,0.05481041486702631,-0.0010180020833655764],[-0.0014618364893762962,-0.0010180020833655764,0.09579282466715085]]",development_only
NFP_202203_REL_20220401,2022-04-01,gold,gold_gld,1,gold_gld;gold_gc,"{""gold_gc"":-1.4402597434856137,""gold_gld"":-0.6197024337358988}",-1.047393536980257,0.14407797262134509,"[1.0,0.9874633095069]","[[0.04452140210692934,0.0003988324237603496],[0.0003988324237603496,0.03760578419298342]]",development_only
NFP_202203_REL_20220401,2022-04-01,dollar,dollar_dxy,1,dollar_dxy;dollar_uup,"{""dollar_dxy"":0.7290266598657406,""dollar_uup"":0.36345936559197195}",0.5650317414327106,0.2945329642650714,"[1.0,1.021562219282586]","[[0.2589368952533541,-0.013517004820323596],[-0.013517004820323596,0.15618573469252106]]",development_only
NFP_202204_REL_20220506,2022-05-06,policy,policy_h15_2y,1,policy_h15_2y;policy_h15_1y;policy_zt,"{""policy_h15_1y"":0.0,""policy_h15_2y"":0.12540360599640551,""policy_zt"":-0.41919035249694475}",-0.008743346786358802,0.25360281467310003,"[1.0,1.0015566389895747,1.0013887142932434]","[[0.15113762967151154,0.001442112472435725,0.011203363669752671],[0.001442112472435725,0.17153781791263525,-0.020486319129869396],[0.011203363669752671,-0.020486319129869396,0.3750939524360022]]",development_only
NFP_202204_REL_20220506,2022-05-06,inflation,inflation_be5,1,inflation_be5;inflation_be10,"{""inflation_be10"":-0.188342026839729,""inflation_be5"":-0.15372338039533157}",-0.1232677839638313,0.28719740700292873,"[1.0,1.0873936540181521]","[[0.3013612411874447,-0.005292023542136603],[-0.005292023542136603,0.14279751254232229]]",development_only
NFP_202204_REL_20220506,2022-05-06,real_rate,real_h15_5y,1,real_h15_5y;real_h15_10y;real_tip,"{""real_h15_10y"":1.0614053285064908,""real_h15_5y"":0.6326501624614203,""real_tip"":0.41158265511643366}",0.727842474722865,0.16370212832892353,"[1.0,1.0401143342141086,1.003450670631514]","[[0.15039777974575336,0.001788716327518765,-0.0014618364893762962],[0.001788716327518765,0.05481041486702631,-0.0010180020833655764],[-0.0014618364893762962,-0.0010180020833655764,0.09579282466715085]]",development_only
NFP_202204_REL_20220506,2022-05-06,gold,gold_gld,1,gold_gld;gold_gc,"{""gold_gc"":0.3424346072854451,""gold_gld"":0.1560819876582548}",0.2735247085871253,0.14407797262134509,"[1.0,0.9874633095069]","[[0.04452140210692934,0.0003988324237603496],[0.0003988324237603496,0.03760578419298342]]",development_only
NFP_202204_REL_20220506,2022-05-06,dollar,dollar_dxy,1,dollar_dxy;dollar_uup,"{""dollar_dxy"":-0.18306982778218434,""dollar_uup"":0.4183485192945744}",0.2638192768086893,0.2945329642650714,"[1.0,1.021562219282586]","[[0.2589368952533541,-0.013517004820323596],[-0.013517004820323596,0.15618573469252106]]",development_only
NFP_202205_REL_20220603,2022-06-03,policy,policy_h15_2y,1,policy_h15_2y;policy_h15_1y;policy_zt,"{""policy_h15_1y"":0.5434133162458548,""policy_h15_2y"":0.13758955709706336,""policy_zt"":0.20132016359726032}",0.3224866898421202,0.25360281467310003,"[1.0,1.0015566389895747,1.0013887142932434]","[[0.15113762967151154,0.001442112472435725,0.011203363669752671],[0.001442112472435725,0.17153781791263525,-0.020486319129869396],[0.011203363669752671,-0.020486319129869396,0.3750939524360022]]",development_only
NFP_202205_REL_20220603,2022-06-03,inflation,inflation_be5,1,inflation_be5;inflation_be10,"{""inflation_be10"":1.4170685892057184,""inflation_be5"":1.011661722909005}",1.2340646021493695,0.28719740700292873,"[1.0,1.0873936540181521]","[[0.3013612411874447,-0.005292023542136603],[-0.005292023542136603,0.14279751254232229]]",development_only
NFP_202205_REL_20220603,2022-06-03,real_rate,real_h15_5y,1,real_h15_5y;real_h15_10y;real_tip,"{""real_h15_10y"":-0.5726845325547448,""real_h15_5y"":-0.474320295043501,""real_tip"":-0.9700449247400698}",-0.6952347642546974,0.16370212832892353,"[1.0,1.0401143342141086,1.003450670631514]","[[0.15039777974575336,0.001788716327518765,-0.0014618364893762962],[0.001788716327518765,0.05481041486702631,-0.0010180020833655764],[-0.0014618364893762962,-0.0010180020833655764,0.09579282466715085]]",development_only
NFP_202205_REL_20220603,2022-06-03,gold,gold_gld,1,gold_gld;gold_gc,"{""gold_gc"":-1.1579164565403863,""gold_gld"":-1.0803891126799205}",-1.1074439634343978,0.14407797262134509,"[1.0,0.9874633095069]","[[0.04452140210692934,0.0003988324237603496],[0.0003988324237603496,0.03760578419298342]]",development_only
NFP_202205_REL_20220603,2022-06-03,dollar,dollar_dxy,1,dollar_dxy;dollar_uup,"{""dollar_dxy"":0.6959224072401927,""dollar_uup"":0.8958458995756154}",0.8718583242165564,0.2945329642650714,"[1.0,1.021562219282586]","[[0.2589368952533541,-0.013517004820323596],[-0.013517004820323596,0.15618573469252106]]",development_only
NFP_202206_REL_20220708,2022-07-08,policy,policy_h15_2y,1,policy_h15_2y;policy_h15_1y;policy_zt,"{""policy_h15_1y"":1.0965148477754212,""policy_h15_2y"":0.9578976980868082,""policy_zt"":1.054999570789069}",1.0297393572538895,0.25360281467310003,"[1.0,1.0015566389895747,1.0013887142932434]","[[0.15113762967151154,0.001442112472435725,0.011203363669752671],[0.001442112472435725,0.17153781791263525,-0.020486319129869396],[0.011203363669752671,-0.020486319129869396,0.3750939524360022]]",development_only
NFP_202206_REL_20220708,2022-07-08,inflation,inflation_be5,1,inflation_be5;inflation_be10,"{""inflation_be10"":0.6673897497272228,""inflation_be5"":1.2157471929284522}",0.8134273939363076,0.28719740700292873,"[1.0,1.0873936540181521]","[[0.3013612411874447,-0.005292023542136603],[-0.005292023542136603,0.14279751254232229]]",development_only
NFP_202206_REL_20220708,2022-07-08,real_rate,real_h15_5y,1,real_h15_5y;real_h15_10y;real_tip,"{""real_h15_10y"":0.47106180974733414,""real_h15_5y"":-0.09650576717227227,""real_tip"":0.16829365690744627}",0.2300167925586635,0.16370212832892353,"[1.0,1.0401143342141086,1.003450670631514]","[[0.15039777974575336,0.001788716327518765,-0.0014618364893762962],[0.001788716327518765,0.05481041486702631,-0.0010180020833655764],[-0.0014618364893762962,-0.0010180020833655764,0.09579282466715085]]",development_only
NFP_202206_REL_20220708,2022-07-08,gold,gold_gld,1,gold_gld;gold_gc,"{""gold_gc"":0.17068194768647096,""gold_gld"":0.047354390621369244}",0.1305805837407317,0.14407797262134509,"[1.0,0.9874633095069]","[[0.04452140210692934,0.0003988324237603496],[0.0003988324237603496,0.03760578419298342]]",development_only
NFP_202206_REL_20220708,2022-07-08,dollar,dollar_dxy,1,dollar_dxy;dollar_uup,"{""dollar_dxy"":-0.1930689955865361,""dollar_uup"":-0.12600286734703814}",-0.06596401762599015,0.2945329642650714,"[1.0,1.021562219282586]","[[0.2589368952533541,-0.013517004820323596],[-0.013517004820323596,0.15618573469252106]]",development_only
NFP_202207_REL_20220805,2022-08-05,policy,policy_h15_2y,1,policy_h15_2y;policy_h15_1y;policy_zt,"{""policy_h15_1y"":2.126097082475626,""policy_h15_2y"":2.220589152604413,""policy_zt"":2.5451001795096433}",2.220425867096942,0.25360281467310003,"[1.0,1.0015566389895747,1.0013887142932434]","[[0.15113762967151154,0.001442112472435725,0.011203363669752671],[0.001442112472435725,0.17153781791263525,-0.020486319129869396],[0.011203363669752671,-0.020486319129869396,0.3750939524360022]]",development_only
NFP_202207_REL_20220805,2022-08-05,inflation,inflation_be5,1,inflation_be5;inflation_be10,"{""inflation_be10"":0.0,""inflation_be5"":6.188130447996398e-15}",0.040815060285313336,0.28719740700292873,"[1.0,1.0873936540181521]","[[0.3013612411874447,-0.005292023542136603],[-0.005292023542136603,0.14279751254232229]]",development_only
NFP_202207_REL_20220805,2022-08-05,real_rate,real_h15_5y,1,real_h15_5y;real_h15_10y;real_tip,"{""real_h15_10y"":1.7049236254132767,""real_h15_5y"":1.9747463284979831,""real_tip"":1.6435720363240787}",1.6454448674628692,0.16370212832892353,"[1.0,1.0401143342141086,1.003450670631514]","[[0.15039777974575336,0.001788716327518765,-0.0014618364893762962],[0.001788716327518765,0.05481041486702631,-0.0010180020833655764],[-0.0014618364893762962,-0.0010180020833655764,0.09579282466715085]]",development_only
NFP_202207_REL_20220805,2022-08-05,gold,gold_gld,1,gold_gld;gold_gc,"{""gold_gc"":-1.012707431562162,""gold_gld"":-1.2706552980353933}",-1.1167963420877864,0.14407797262134509,"[1.0,0.9874633095069]","[[0.04452140210692934,0.0003988324237603496],[0.0003988324237603496,0.03760578419298342]]",development_only
NFP_202207_REL_20220805,2022-08-05,dollar,dollar_dxy,1,dollar_dxy;dollar_uup,"{""dollar_dxy"":1.5165001100575302,""dollar_uup"":1.4662376174515526}",1.5141533630641522,0.2945329642650714,"[1.0,1.021562219282586]","[[0.2589368952533541,-0.013517004820323596],[-0.013517004820323596,0.15618573469252106]]",development_only
NFP_202208_REL_20220902,2022-09-02,policy,policy_h15_2y,1,policy_h15_2y;policy_h15_1y;policy_zt,"{""policy_h15_1y"":-0.46656499191151424,""policy_h15_2y"":-1.1774062060308432,""policy_zt"":-1.408607092376357}",-0.9035300155885168,0.25360281467310003,"[1.0,1.0015566389895747,1.0013887142932434]","[[0.15113762967151154,0.001442112472435725,0.011203363669752671],[0.001442112472435725,0.17153781791263525,-0.020486319129869396],[0.011203363669752671,-0.020486319129869396,0.3750939524360022]]",development_only
NFP_202208_REL_20220902,2022-09-02,inflation,inflation_be5,1,inflation_be5;inflation_be10,"{""inflation_be10"":0.4556050211141921,""inflation_be5"":0.468264865196892}",0.4652029982523961,0.28719740700292873,"[1.0,1.0873936540181521]","[[0.3013612411874447,-0.005292023542136603],[-0.005292023542136603,0.14279751254232229]]",development_only
NFP_202208_REL_20220902,2022-09-02,real_rate,real_h15_5y,1,real_h15_5y;real_h15_10y;real_tip,"{""real_h15_10y"":-0.8978833380383795,""real_h15_5y"":-1.113929271884166,""real_tip"":-0.9914364564436144}",-0.9785706346669139,0.16370212832892353,"[1.0,1.0401143342141086,1.003450670631514]","[[0.15039777974575336,0.001788716327518765,-0.0014618364893762962],[0.001788716327518765,0.05481041486702631,-0.0010180020833655764],[-0.0014618364893762962,-0.0010180020833655764,0.09579282466715085]]",development_only
NFP_202208_REL_20220902,2022-09-02,gold,gold_gld,1,gold_gld;gold_gc,"{""gold_gc"":0.9445261411508317,""gold_gld"":1.0336502369911797}",1.0036763284124948,0.14407797262134509,"[1.0,0.9874633095069]","[[0.04452140210692934,0.0003988324237603496],[0.0003988324237603496,0.03760578419298342]]",development_only
NFP_202208_REL_20220902,2022-09-02,dollar,dollar_dxy,1,dollar_dxy;dollar_uup,"{""dollar_dxy"":-0.25777118887959877,""dollar_uup"":0.0607192167136147}",0.02220099068426648,0.2945329642650714,"[1.0,1.021562219282586]","[[0.2589368952533541,-0.013517004820323596],[-0.013517004820323596,0.15618573469252106]]",development_only
NFP_202209_REL_20221007,2022-10-07,policy,policy_h15_2y,1,policy_h15_2y;policy_h15_1y;policy_zt,"{""policy_h15_1y"":0.769048253443474,""policy_h15_2y"":0.9121962957248677,""policy_zt"":0.7503048215505985}",0.8270040454501826,0.25360281467310003,"[1.0,1.0015566389895747,1.0013887142932434]","[[0.15113762967151154,0.001442112472435725,0.011203363669752671],[0.001442112472435725,0.17153781791263525,-0.020486319129869396],[0.011203363669752671,-0.020486319129869396,0.3750939524360022]]",development_only
NFP_202209_REL_20221007,2022-10-07,inflation,inflation_be5,1,inflation_be5;inflation_be10,"{""inflation_be10"":1.3160289251168755,""inflation_be5"":1.34760187817515}",1.2652492404519045,0.28719740700292873,"[1.0,1.0873936540181521]","[[0.3013612411874447,-0.005292023542136603],[-0.005292023542136603,0.14279751254232229]]",development_only
NFP_202209_REL_20221007,2022-10-07,real_rate,real_h15_5y,1,real_h15_5y;real_h15_10y;real_tip,"{""real_h15_10y"":0.10632442698486382,""real_h15_5y"":0.1846116816802683,""real_tip"":-0.045009123537629}",0.03224326947480678,0.16370212832892353,"[1.0,1.0401143342141086,1.003450670631514]","[[0.15039777974575336,0.001788716327518765,-0.0014618364893762962],[0.001788716327518765,0.05481041486702631,-0.0010180020833655764],[-0.0014618364893762962,-0.0010180020833655764,0.09579282466715085]]",development_only
NFP_202209_REL_20221007,2022-10-07,gold,gold_gld,1,gold_gld;gold_gc,"{""gold_gc"":-0.7544424008715898,""gold_gld"":-1.2263230720548892}",-0.9568330954038642,0.14407797262134509,"[1.0,0.9874633095069]","[[0.04452140210692934,0.0003988324237603496],[0.0003988324237603496,0.03760578419298342]]",development_only
NFP_202209_REL_20221007,2022-10-07,dollar,dollar_dxy,1,dollar_dxy;dollar_uup,"{""dollar_dxy"":0.7632836329345459,""dollar_uup"":0.6231545734655395}",0.7331631760333012,0.2945329642650714,"[1.0,1.021562219282586]","[[0.2589368952533541,-0.013517004820323596],[-0.013517004820323596,0.15618573469252106]]",development_only
NFP_202210_REL_20221104,2022-11-04,policy,policy_h15_2y,1,policy_h15_2y;policy_h15_1y;policy_zt,"{""policy_h15_1y"":-0.3184906558467234,""policy_h15_2y"":-0.6780573390909069,""policy_zt"":-0.6795531749908988}",-0.5093582860643125,0.25360281467310003,"[1.0,1.0015566389895747,1.0013887142932434]","[[0.15113762967151154,0.001442112472435725,0.011203363669752671],[0.001442112472435725,0.17153781791263525,-0.020486319129869396],[0.011203363669752671,-0.020486319129869396,0.3750939524360022]]",development_only
NFP_202210_REL_20221104,2022-11-04,inflation,inflation_be5,1,inflation_be5;inflation_be10,"{""inflation_be10"":1.7201228243131823,""inflation_be5"":1.1506347953688956}",1.4672060661553505,0.28719740700292873,"[1.0,1.0873936540181521]","[[0.3013612411874447,-0.005292023542136603],[-0.005292023542136603,0.14279751254232229]]",development_only
NFP_202210_REL_20221104,2022-11-04,real_rate,real_h15_5y,1,real_h15_5y;real_h15_10y;real_tip,"{""real_h15_10y"":-0.5831345276829345,""real_h15_5y"":-0.9923775938921097,""real_tip"":-0.641186573877664}",-0.6962071889751105,0.16370212832892353,"[1.0,1.0401143342141086,1.003450670631514]","[[0.15039777974575336,0.001788716327518765,-0.0014618364893762962],[0.001788716327518765,0.05481041486702631,-0.0010180020833655764],[-0.0014618364893762962,-0.0010180020833655764,0.09579282466715085]]",development_only
NFP_202210_REL_20221104,2022-11-04,gold,gold_gld,1,gold_gld;gold_gc,"{""gold_gc"":3.1288065307494293,""gold_gld"":3.352799016841171}",3.2536425158580564,0.14407797262134509,"[1.0,0.9874633095069]","[[0.04452140210692934,0.0003988324237603496],[0.0003988324237603496,0.03760578419298342]]",development_only
NFP_202210_REL_20221104,2022-11-04,dollar,dollar_dxy,1,dollar_dxy;dollar_uup,"{""dollar_dxy"":-2.7450782294844576,""dollar_uup"":-2.896743360560482}",-2.660701915186016,0.2945329642650714,"[1.0,1.021562219282586]","[[0.2589368952533541,-0.013517004820323596],[-0.013517004820323596,0.15618573469252106]]",development_only
NFP_202211_REL_20221202,2022-12-02,policy,policy_h15_2y,1,policy_h15_2y;policy_h15_1y;policy_zt,"{""policy_h15_1y"":0.4453735555906446,""policy_h15_2y"":0.3502469556504938,""policy_zt"":0.19157993566653356}",0.36896653485301584,0.25360281467310003,"[1.0,1.0015566389895747,1.0013887142932434]","[[0.15113762967151154,0.001442112472435725,0.011203363669752671],[0.001442112472435725,0.17153781791263525,-0.020486319129869396],[0.011203363669752671,-0.020486319129869396,0.3750939524360022]]",development_only
NFP_202211_REL_20221202,2022-12-02,inflation,inflation_be5,1,inflation_be5;inflation_be10,"{""inflation_be10"":1.405737908350987,""inflation_be5"":0.9458154661300405}",1.2080677658206773,0.28719740700292873,"[1.0,1.0873936540181521]","[[0.3013612411874447,-0.005292023542136603],[-0.005292023542136603,0.14279751254232229]]",development_only
NFP_202211_REL_20221202,2022-12-02,real_rate,real_h15_5y,1,real_h15_5y;real_h15_10y;real_tip,"{""real_h15_10y"":-0.9017031273200444,""real_h15_5y"":-0.6156446231033411,""real_tip"":-1.1126067358894587}",-0.928331606104855,0.16370212832892353,"[1.0,1.0401143342141086,1.003450670631514]","[[0.15039777974575336,0.001788716327518765,-0.0014618364893762962],[0.001788716327518765,0.05481041486702631,-0.0010180020833655764],[-0.0014618364893762962,-0.0010180020833655764,0.09579282466715085]]",development_only
NFP_202211_REL_20221202,2022-12-02,gold,gold_gld,1,gold_gld;gold_gc,"{""gold_gc"":-0.26879110602091943,""gold_gld"":-0.31656755355782445}",-0.27472794221811675,0.14407797262134509,"[1.0,0.9874633095069]","[[0.04452140210692934,0.0003988324237603496],[0.0003988324237603496,0.03760578419298342]]",development_only
NFP_202211_REL_20221202,2022-12-02,dollar,dollar_dxy,1,dollar_dxy;dollar_uup,"{""dollar_dxy"":-0.20919487893881022,""dollar_uup"":-0.13060537344116024}",-0.07462820979533706,0.2945329642650714,"[1.0,1.021562219282586]","[[0.2589368952533541,-0.013517004820323596],[-0.013517004820323596,0.15618573469252106]]",development_only
NFP_202212_REL_20230106,2023-01-06,policy,policy_h15_2y,1,policy_h15_2y;policy_h15_1y;policy_zt,"{""policy_h15_1y"":-1.2634754829690384,""policy_h15_2y"":-2.6743480814165745,""policy_zt"":-2.4249674804737427}",-2.012524028877176,0.25360281467310003,"[1.0,1.0015566389895747,1.0013887142932434]","[[0.15113762967151154,0.001442112472435725,0.011203363669752671],[0.001442112472435725,0.17153781791263525,-0.020486319129869396],[0.011203363669752671,-0.020486319129869396,0.3750939524360022]]",development_only
NFP_202212_REL_20230106,2023-01-06,inflation,inflation_be5,1,inflation_be5;inflation_be10,"{""inflation_be10"":-0.20116260168888858,""inflation_be5"":-0.6704361034487076}",-0.27867399869102716,0.28719740700292873,"[1.0,1.0873936540181521]","[[0.3013612411874447,-0.005292023542136603],[-0.005292023542136603,0.14279751254232229]]",development_only
NFP_202212_REL_20230106,2023-01-06,real_rate,real_h15_5y,1,real_h15_5y;real_h15_10y;real_tip,"{""real_h15_10y"":-1.9866213248283051,""real_h15_5y"":-2.0390767491712096,""real_tip"":-1.7281084270742233}",-1.906443842974863,0.16370212832892353,"[1.0,1.0401143342141086,1.003450670631514]","[[0.15039777974575336,0.001788716327518765,-0.0014618364893762962],[0.001788716327518765,0.05481041486702631,-0.0010180020833655764],[-0.0014618364893762962,-0.0010180020833655764,0.09579282466715085]]",development_only
NFP_202212_REL_20230106,2023-01-06,gold,gold_gld,1,gold_gld;gold_gc,"{""gold_gc"":1.547398405302974,""gold_gld"":1.8055885437087917}",1.685511104305506,0.14407797262134509,"[1.0,0.9874633095069]","[[0.04452140210692934,0.0003988324237603496],[0.0003988324237603496,0.03760578419298342]]",development_only
NFP_202212_REL_20230106,2023-01-06,dollar,dollar_dxy,1,dollar_dxy;dollar_uup,"{""dollar_dxy"":-1.5177666029126462,""dollar_uup"":-1.8233992201279143}",-1.5681036596874507,0.2945329642650714,"[1.0,1.021562219282586]","[[0.2589368952533541,-0.013517004820323596],[-0.013517004820323596,0.15618573469252106]]",development_only
NFP_202301_REL_20230203,2023-02-03,policy,policy_h15_2y,1,policy_h15_2y;policy_h15_1y;policy_zt,"{""policy_h15_1y"":3.3250178514071047,""policy_h15_2y"":2.730465761540174,""policy_zt"":2.731259228170316}",2.9343415063852984,0.25360281467310003,"[1.0,1.0015566389895747,1.0013887142932434]","[[0.15113762967151154,0.001442112472435725,0.011203363669752671],[0.001442112472435725,0.17153781791263525,-0.020486319129869396],[0.011203363669752671,-0.020486319129869396,0.3750939524360022]]",development_only
NFP_202301_REL_20230203,2023-02-03,inflation,inflation_be5,1,inflation_be5;inflation_be10,"{""inflation_be10"":0.0,""inflation_be5"":0.20305622384206087}",0.09866847995515197,0.28719740700292873,"[1.0,1.0873936540181521]","[[0.3013612411874447,-0.005292023542136603],[-0.005292023542136603,0.14279751254232229]]",development_only
NFP_202301_REL_20230203,2023-02-03,real_rate,real_h15_5y,1,real_h15_5y;real_h15_10y;real_tip,"{""real_h15_10y"":1.657417798329424,""real_h15_5y"":2.0218815066663094,""real_tip"":1.7023306969534218}",1.646517791351292,0.16370212832892353,"[1.0,1.0401143342141086,1.003450670631514]","[[0.15039777974575336,0.001788716327518765,-0.0014618364893762962],[0.001788716327518765,0.05481041486702631,-0.0010180020833655764],[-0.0014618364893762962,-0.0010180020833655764,0.09579282466715085]]",development_only
NFP_202301_REL_20230203,2023-02-03,gold,gold_gld,1,gold_gld;gold_gc,"{""gold_gc"":-3.0921225227581455,""gold_gld"":-2.5688250671240405}",-2.8390284632270637,0.14407797262134509,"[1.0,0.9874633095069]","[[0.04452140210692934,0.0003988324237603496],[0.0003988324237603496,0.03760578419298342]]",development_only
NFP_202301_REL_20230203,2023-02-03,dollar,dollar_dxy,1,dollar_dxy;dollar_uup,"{""dollar_dxy"":1.8336446261655164,""dollar_uup"":2.035597512965458}",1.9714250975829979,0.2945329642650714,"[1.0,1.021562219282586]","[[0.2589368952533541,-0.013517004820323596],[-0.013517004820323596,0.15618573469252106]]",development_only
NFP_202302_REL_20230310,2023-03-10,policy,policy_h15_2y,1,policy_h15_2y;policy_h15_1y;policy_zt,"{""policy_h15_1y"":-5.909079119751248,""policy_h15_2y"":-4.054047780074785,""policy_zt"":-3.9575947585339355}",-4.682293748327552,0.25360281467310003,"[1.0,1.0015566389895747,1.0013887142932434]","[[0.15113762967151154,0.001442112472435725,0.011203363669752671],[0.001442112472435725,0.17153781791263525,-0.020486319129869396],[0.011203363669752671,-0.020486319129869396,0.3750939524360022]]",development_only
NFP_202302_REL_20230310,2023-03-10,inflation,inflation_be5,1,inflation_be5;inflation_be10,"{""inflation_be10"":-1.0254448814110486,""inflation_be5"":-1.777732006969152}",-1.12058684177248,0.28719740700292873,"[1.0,1.0873936540181521]","[[0.3013612411874447,-0.005292023542136603],[-0.005292023542136603,0.14279751254232229]]",development_only
NFP_202302_REL_20230310,2023-03-10,real_rate,real_h15_5y,1,real_h15_5y;real_h15_10y;real_tip,"{""real_h15_10y"":-2.9921852031754304,""real_h15_5y"":-2.3427337741296417,""real_tip"":-3.2685277920128404}",-2.915433459472684,0.16370212832892353,"[1.0,1.0401143342141086,1.003450670631514]","[[0.15039777974575336,0.001788716327518765,-0.0014618364893762962],[0.001788716327518765,0.05481041486702631,-0.0010180020833655764],[-0.0014618364893762962,-0.0010180020833655764,0.09579282466715085]]",development_only
NFP_202302_REL_20230310,2023-03-10,gold,gold_gld,1,gold_gld;gold_gc,"{""gold_gc"":2.0879647788018243,""gold_gld"":2.35222865818631}",2.2297353332493324,0.14407797262134509,"[1.0,0.9874633095069]","[[0.04452140210692934,0.0003988324237603496],[0.0003988324237603496,0.03760578419298342]]",development_only
NFP_202302_REL_20230310,2023-03-10,dollar,dollar_dxy,1,dollar_dxy;dollar_uup,"{""dollar_dxy"":-1.395414019530502,""dollar_uup"":-1.2032812841786709}",-1.151774150454387,0.2945329642650714,"[1.0,1.021562219282586]","[[0.2589368952533541,-0.013517004820323596],[-0.013517004820323596,0.15618573469252106]]",development_only
NFP_202303_REL_20230407,2023-04-07,policy,policy_h15_2y,1,policy_h15_2y;policy_h15_1y,"{""policy_h15_1y"":0.7678772094366707,""policy_h15_2y"":1.0926780316638076,""policy_zt"":null}",0.9584843800445478,0.2816760630923185,"[1.0,1.0015566389895747,1.0013887142932434]","[[0.15113762967151154,0.001442112472435725,0.011203363669752671],[0.001442112472435725,0.17153781791263525,-0.020486319129869396],[0.011203363669752671,-0.020486319129869396,0.3750939524360022]]",development_only
NFP_202303_REL_20230407,2023-04-07,inflation,inflation_be5,1,inflation_be5;inflation_be10,"{""inflation_be10"":0.22572087551712283,""inflation_be5"":0.3430841210315984}",0.28272137448063006,0.28719740700292873,"[1.0,1.0873936540181521]","[[0.3013612411874447,-0.005292023542136603],[-0.005292023542136603,0.14279751254232229]]",development_only
NFP_202303_REL_20230407,2023-04-07,real_rate,real_h15_5y,1,real_h15_5y;real_h15_10y,"{""real_h15_10y"":1.1017096426651283,""real_h15_5y"":1.0740252902802474,""real_tip"":null}",0.9625301336381051,0.19538428806492855,"[1.0,1.0401143342141086,1.003450670631514]","[[0.15039777974575336,0.001788716327518765,-0.0014618364893762962],[0.001788716327518765,0.05481041486702631,-0.0010180020833655764],[-0.0014618364893762962,-0.0010180020833655764,0.09579282466715085]]",development_only
NFP_202303_REL_20230407,2023-04-07,gold,gold_gld,0,,"{""gold_gc"":null,""gold_gld"":null}",0.0,2.0,"[1.0,0.9874633095069]","[[0.04452140210692934,0.0003988324237603496],[0.0003988324237603496,0.03760578419298342]]",development_only
NFP_202303_REL_20230407,2023-04-07,dollar,dollar_dxy,0,,"{""dollar_dxy"":null,""dollar_uup"":null}",0.0,2.0,"[1.0,1.021562219282586]","[[0.2589368952533541,-0.013517004820323596],[-0.013517004820323596,0.15618573469252106]]",development_only
NFP_202304_REL_20230505,2023-05-05,policy,policy_h15_2y,1,policy_h15_2y;policy_h15_1y;policy_zt,"{""policy_h15_1y"":1.038865454482853,""policy_h15_2y"":1.1907163270677756,""policy_zt"":1.3992076224274195}",1.1644200338945994,0.25360281467310003,"[1.0,1.0015566389895747,1.0013887142932434]","[[0.15113762967151154,0.001442112472435725,0.011203363669752671],[0.001442112472435725,0.17153781791263525,-0.020486319129869396],[0.011203363669752671,-0.020486319129869396,0.3750939524360022]]",development_only
NFP_202304_REL_20230505,2023-05-05,inflation,inflation_be5,1,inflation_be5;inflation_be10,"{""inflation_be10"":0.47068486107125945,""inflation_be5"":1.055958535649093}",0.6422755133673941,0.28719740700292873,"[1.0,1.0873936540181521]","[[0.3013612411874447,-0.005292023542136603],[-0.005292023542136603,0.14279751254232229]]",development_only
NFP_202304_REL_20230505,2023-05-05,real_rate,real_h15_5y,1,real_h15_5y;real_h15_10y;real_tip,"{""real_h15_10y"":0.7314403925049119,""real_h15_5y"":0.6720078970883564,""real_tip"":0.37945561817721196}",0.5577662122687355,0.16370212832892353,"[1.0,1.0401143342141086,1.003450670631514]","[[0.15039777974575336,0.001788716327518765,-0.0014618364893762962],[0.001788716327518765,0.05481041486702631,-0.0010180020833655764],[-0.0014618364893762962,-0.0010180020833655764,0.09579282466715085]]",development_only
NFP_202304_REL_20230505,2023-05-05,gold,gold_gld,1,gold_gld;gold_gc,"{""gold_gc"":-1.477353862429889,""gold_gld"":-1.6042750975609679}",-1.5217211908447679,0.14407797262134509,"[1.0,0.9874633095069]","[[0.04452140210692934,0.0003988324237603496],[0.0003988324237603496,0.03760578419298342]]",development_only
NFP_202304_REL_20230505,2023-05-05,dollar,dollar_dxy,1,dollar_dxy;dollar_uup,"{""dollar_dxy"":-0.40628102068040645,""dollar_uup"":-0.319636714531259}",-0.2600684931224274,0.2945329642650714,"[1.0,1.021562219282586]","[[0.2589368952533541,-0.013517004820323596],[-0.013517004820323596,0.15618573469252106]]",development_only
NFP_202305_REL_20230602,2023-06-02,policy,policy_h15_2y,1,policy_h15_2y;policy_h15_1y;policy_zt,"{""policy_h15_1y"":0.7967195829663463,""policy_h15_2y"":1.1512241852635519,""policy_zt"":0.9956548307240508}",0.9799167517247528,0.25360281467310003,"[1.0,1.0015566389895747,1.0013887142932434]","[[0.15113762967151154,0.001442112472435725,0.011203363669752671],[0.001442112472435725,0.17153781791263525,-0.020486319129869396],[0.011203363669752671,-0.020486319129869396,0.3750939524360022]]",development_only
NFP_202305_REL_20230602,2023-06-02,inflation,inflation_be5,1,inflation_be5;inflation_be10,"{""inflation_be10"":0.5314007209521364,""inflation_be5"":1.1800349645169406}",0.7164028427055668,0.28719740700292873,"[1.0,1.0873936540181521]","[[0.3013612411874447,-0.005292023542136603],[-0.005292023542136603,0.14279751254232229]]",development_only
NFP_202305_REL_20230602,2023-06-02,real_rate,real_h15_5y,1,real_h15_5y;real_h15_10y;real_tip,"{""real_h15_10y"":0.9330684255829428,""real_h15_5y"":0.9254980242378491,""real_tip"":1.007520107166588}",0.8859541837723279,0.16370212832892353,"[1.0,1.0401143342141086,1.003450670631514]","[[0.15039777974575336,0.001788716327518765,-0.0014618364893762962],[0.001788716327518765,0.05481041486702631,-0.0010180020833655764],[-0.0014618364893762962,-0.0010180020833655764,0.09579282466715085]]",development_only
NFP_202305_REL_20230602,2023-06-02,gold,gold_gld,1,gold_gld;gold_gc,"{""gold_gc"":-1.249109438746544,""gold_gld"":-1.4740303832740849}",-1.3383335169000063,0.14407797262134509,"[1.0,0.9874633095069]","[[0.04452140210692934,0.0003988324237603496],[0.0003988324237603496,0.03760578419298342]]",development_only
NFP_202305_REL_20230602,2023-06-02,dollar,dollar_dxy,1,dollar_dxy;dollar_uup,"{""dollar_dxy"":1.0121270850958695,""dollar_uup"":2.3719589335716114}",1.8720211592409393,0.2945329642650714,"[1.0,1.021562219282586]","[[0.2589368952533541,-0.013517004820323596],[-0.013517004820323596,0.15618573469252106]]",development_only
NFP_202306_REL_20230707,2023-07-07,policy,policy_h15_2y,1,policy_h15_2y;policy_h15_1y;policy_zt,"{""policy_h15_1y"":-0.4687167057663422,""policy_h15_2y"":-0.5583283802938576,""policy_zt"":-0.8217513264332709}",-0.5453475228011029,0.25360281467310003,"[1.0,1.0015566389895747,1.0013887142932434]","[[0.15113762967151154,0.001442112472435725,0.011203363669752671],[0.001442112472435725,0.17153781791263525,-0.020486319129869396],[0.011203363669752671,-0.020486319129869396,0.3750939524360022]]",development_only
NFP_202306_REL_20230707,2023-07-07,inflation,inflation_be5,1,inflation_be5;inflation_be10,"{""inflation_be10"":0.0,""inflation_be5"":-1.2475603990075996e-14}",0.04081506028530802,0.28719740700292873,"[1.0,1.0873936540181521]","[[0.3013612411874447,-0.005292023542136603],[-0.005292023542136603,0.14279751254232229]]",development_only
NFP_202306_REL_20230707,2023-07-07,real_rate,real_h15_5y,1,real_h15_5y;real_h15_10y;real_tip,"{""real_h15_10y"":0.18808869846581977,""real_h15_5y"":-0.3080983880435685,""real_tip"":0.18937001495190056}",0.055283010416980416,0.16370212832892353,"[1.0,1.0401143342141086,1.003450670631514]","[[0.15039777974575336,0.001788716327518765,-0.0014618364893762962],[0.001788716327518765,0.05481041486702631,-0.0010180020833655764],[-0.0014618364893762962,-0.0010180020833655764,0.09579282466715085]]",development_only
NFP_202306_REL_20230707,2023-07-07,gold,gold_gld,1,gold_gld;gold_gc,"{""gold_gc"":1.2015194997342689,""gold_gld"":0.9864209946948137}",1.1207053937821105,0.14407797262134509,"[1.0,0.9874633095069]","[[0.04452140210692934,0.0003988324237603496],[0.0003988324237603496,0.03760578419298342]]",development_only
NFP_202306_REL_20230707,2023-07-07,dollar,dollar_dxy,1,dollar_dxy;dollar_uup,"{""dollar_dxy"":-2.306564391562089,""dollar_uup"":-2.0114531170199097}",-1.9696994695070686,0.2945329642650714,"[1.0,1.021562219282586]","[[0.2589368952533541,-0.013517004820323596],[-0.013517004820323596,0.15618573469252106]]",development_only
NFP_202307_REL_20230804,2023-08-04,policy,policy_h15_2y,1,policy_h15_2y;policy_h15_1y;policy_zt,"{""policy_h15_1y"":-0.7865352971119879,""policy_h15_2y"":-1.6155922285180526,""policy_zt"":-1.303649989470012}",-1.1894395794799393,0.25360281467310003,"[1.0,1.0015566389895747,1.0013887142932434]","[[0.15113762967151154,0.001442112472435725,0.011203363669752671],[0.001442112472435725,0.17153781791263525,-0.020486319129869396],[0.011203363669752671,-0.020486319129869396,0.3750939524360022]]",development_only
NFP_202307_REL_20230804,2023-08-04,inflation,inflation_be5,1,inflation_be5;inflation_be10,"{""inflation_be10"":0.3967937681360294,""inflation_be5"":0.677645577233067}",0.48729842569875115,0.28719740700292873,"[1.0,1.0873936540181521]","[[0.3013612411874447,-0.005292023542136603],[-0.005292023542136603,0.14279751254232229]]",development_only
NFP_202307_REL_20230804,2023-08-04,real_rate,real_h15_5y,1,real_h15_5y;real_h15_10y;real_tip,"{""real_h15_10y"":-2.81253236891165,""real_h15_5y"":-2.480607031333782,""real_tip"":-2.6694357425573942}",-2.6752469784601045,0.16370212832892353,"[1.0,1.0401143342141086,1.003450670631514]","[[0.15039777974575336,0.001788716327518765,-0.0014618364893762962],[0.001788716327518765,0.05481041486702631,-0.0010180020833655764],[-0.0014618364893762962,-0.0010180020833655764,0.09579282466715085]]",development_only
NFP_202307_REL_20230804,2023-08-04,gold,gold_gld,1,gold_gld;gold_gc,"{""gold_gc"":0.5854052057029697,""gold_gld"":0.5263345471359063}",0.5756087809728038,0.14407797262134509,"[1.0,0.9874633095069]","[[0.04452140210692934,0.0003988324237603496],[0.0003988324237603496,0.03760578419298342]]",development_only
NFP_202307_REL_20230804,2023-08-04,dollar,dollar_dxy,1,dollar_dxy;dollar_uup,"{""dollar_dxy"":-1.2116554530040304,""dollar_uup"":-1.0653317927916932}",-1.0018188044338066,0.2945329642650714,"[1.0,1.021562219282586]","[[0.2589368952533541,-0.013517004820323596],[-0.013517004820323596,0.15618573469252106]]",development_only
NFP_202308_REL_20230901,2023-09-01,policy,policy_h15_2y,1,policy_h15_2y;policy_h15_1y;policy_zt,"{""policy_h15_1y"":-0.2656288562687611,""policy_h15_2y"":0.2967079576720756,""policy_zt"":0.06464044651193442}",0.04420967326681901,0.25360281467310003,"[1.0,1.0015566389895747,1.0013887142932434]","[[0.15113762967151154,0.001442112472435725,0.011203363669752671],[0.001442112472435725,0.17153781791263525,-0.020486319129869396],[0.011203363669752671,-0.020486319129869396,0.3750939524360022]]",development_only
NFP_202308_REL_20230901,2023-09-01,inflation,inflation_be5,1,inflation_be5;inflation_be10,"{""inflation_be10"":0.7742031066777197,""inflation_be5"":0.7633741091063416}",0.7527568456104868,0.28719740700292873,"[1.0,1.0873936540181521]","[[0.3013612411874447,-0.005292023542136603],[-0.005292023542136603,0.14279751254232229]]",development_only
NFP_202308_REL_20230901,2023-09-01,real_rate,real_h15_5y,1,real_h15_5y;real_h15_10y;real_tip,"{""real_h15_10y"":1.1029289141953889,""real_h15_5y"":0.5793809107815938,""real_tip"":1.312193391074412}",0.9997089819973803,0.16370212832892353,"[1.0,1.0401143342141086,1.003450670631514]","[[0.15039777974575336,0.001788716327518765,-0.0014618364893762962],[0.001788716327518765,0.05481041486702631,-0.0010180020833655764],[-0.0014618364893762962,-0.0010180020833655764,0.09579282466715085]]",development_only
NFP_202308_REL_20230901,2023-09-01,gold,gold_gld,1,gold_gld;gold_gc,"{""gold_gc"":0.1387882230541813,""gold_gld"":0.0846095753091718}",0.13054229923661315,0.14407797262134509,"[1.0,0.9874633095069]","[[0.04452140210692934,0.0003988324237603496],[0.0003988324237603496,0.03760578419298342]]",development_only
NFP_202308_REL_20230901,2023-09-01,dollar,dollar_dxy,1,dollar_dxy;dollar_uup,"{""dollar_dxy"":1.4837102730484388,""dollar_uup"":1.5003848951205367}",1.5226002216801988,0.2945329642650714,"[1.0,1.021562219282586]","[[0.2589368952533541,-0.013517004820323596],[-0.013517004820323596,0.15618573469252106]]",development_only
NFP_202309_REL_20231006,2023-10-06,policy,policy_h15_2y,1,policy_h15_2y;policy_h15_1y;policy_zt,"{""policy_h15_1y"":1.3503082888327942,""policy_h15_2y"":0.9172909666308754,""policy_zt"":1.0526652246932344}",1.1126515606594558,0.25360281467310003,"[1.0,1.0015566389895747,1.0013887142932434]","[[0.15113762967151154,0.001442112472435725,0.011203363669752671],[0.001442112472435725,0.17153781791263525,-0.020486319129869396],[0.011203363669752671,-0.020486319129869396,0.3750939524360022]]",development_only
NFP_202309_REL_20231006,2023-10-06,inflation,inflation_be5,1,inflation_be5;inflation_be10,"{""inflation_be10"":1.659357813691065e-14,""inflation_be5"":1.08660005240237}",0.3504018715411089,0.28719740700292873,"[1.0,1.0873936540181521]","[[0.3013612411874447,-0.005292023542136603],[-0.005292023542136603,0.14279751254232229]]",development_only
NFP_202309_REL_20231006,2023-10-06,real_rate,real_h15_5y,1,real_h15_5y;real_h15_10y;real_tip,"{""real_h15_10y"":0.9944787396360515,""real_h15_5y"":0.6778351980151389,""real_tip"":0.9737419444175762}",0.8640800145166154,0.16370212832892353,"[1.0,1.0401143342141086,1.003450670631514]","[[0.15039777974575336,0.001788716327518765,-0.0014618364893762962],[0.001788716327518765,0.05481041486702631,-0.0010180020833655764],[-0.0014618364893762962,-0.0010180020833655764,0.09579282466715085]]",development_only
NFP_202309_REL_20231006,2023-10-06,gold,gold_gld,1,gold_gld;gold_gc,"{""gold_gc"":1.2827866494868303,""gold_gld"":0.9468698622067849}",1.1463545327785094,0.14407797262134509,"[1.0,0.9874633095069]","[[0.04452140210692934,0.0003988324237603496],[0.0003988324237603496,0.03760578419298342]]",development_only
NFP_202309_REL_20231006,2023-10-06,dollar,dollar_dxy,1,dollar_dxy;dollar_uup,"{""dollar_dxy"":-0.8270563016642499,""dollar_uup"":-0.5844379636098043}",-0.5728387402304103,0.2945329642650714,"[1.0,1.021562219282586]","[[0.2589368952533541,-0.013517004820323596],[-0.013517004820323596,0.15618573469252106]]",development_only
NFP_202310_REL_20231103,2023-11-03,policy,policy_h15_2y,1,policy_h15_2y;policy_h15_1y;policy_zt,"{""policy_h15_1y"":-2.9947876272525398,""policy_h15_2y"":-2.776196845880805,""policy_zt"":-2.4923197166782685}",-2.747912386543219,0.25360281467310003,"[1.0,1.0015566389895747,1.0013887142932434]","[[0.15113762967151154,0.001442112472435725,0.011203363669752671],[0.001442112472435725,0.17153781791263525,-0.020486319129869396],[0.011203363669752671,-0.020486319129869396,0.3750939524360022]]",development_only
NFP_202310_REL_20231103,2023-11-03,inflation,inflation_be5,1,inflation_be5;inflation_be10,"{""inflation_be10"":-0.4364475225595105,""inflation_be5"":-0.8499796244771761}",-0.4800935166554763,0.28719740700292873,"[1.0,1.0873936540181521]","[[0.3013612411874447,-0.005292023542136603],[-0.005292023542136603,0.14279751254232229]]",development_only
NFP_202310_REL_20231103,2023-11-03,real_rate,real_h15_5y,1,real_h15_5y;real_h15_10y;real_tip,"{""real_h15_10y"":-1.4662242968971613,""real_h15_5y"":-2.1657831312336175,""real_tip"":-1.2831697803807305}",-1.5356594071140894,0.16370212832892353,"[1.0,1.0401143342141086,1.003450670631514]","[[0.15039777974575336,0.001788716327518765,-0.0014618364893762962],[0.001788716327518765,0.05481041486702631,-0.0010180020833655764],[-0.0014618364893762962,-0.0010180020833655764,0.09579282466715085]]",development_only
NFP_202310_REL_20231103,2023-11-03,gold,gold_gld,1,gold_gld;gold_gc,"{""gold_gc"":0.4176454821170568,""gold_gld"":0.5019215777759652}",0.47372503732263305,0.14407797262134509,"[1.0,0.9874633095069]","[[0.04452140210692934,0.0003988324237603496],[0.0003988324237603496,0.03760578419298342]]",development_only
NFP_202310_REL_20231103,2023-11-03,dollar,dollar_dxy,1,dollar_dxy;dollar_uup,"{""dollar_dxy"":-3.1087388748691454,""dollar_uup"":-2.703603110044146}",-2.678198820783721,0.2945329642650714,"[1.0,1.021562219282586]","[[0.2589368952533541,-0.013517004820323596],[-0.013517004820323596,0.15618573469252106]]",development_only
NFP_202311_REL_20231208,2023-12-08,policy,policy_h15_2y,1,policy_h15_2y;policy_h15_1y;policy_zt,"{""policy_h15_1y"":2.0368148536242967,""policy_h15_2y"":1.8468438978766655,""policy_zt"":1.6969375234155983}",1.879132266970853,0.25360281467310003,"[1.0,1.0015566389895747,1.0013887142932434]","[[0.15113762967151154,0.001442112472435725,0.011203363669752671],[0.001442112472435725,0.17153781791263525,-0.020486319129869396],[0.011203363669752671,-0.020486319129869396,0.3750939524360022]]",development_only
NFP_202311_REL_20231208,2023-12-08,inflation,inflation_be5,1,inflation_be5;inflation_be10,"{""inflation_be10"":1.5554341860844663,""inflation_be5"":1.287616160084027}",1.401055154803852,0.28719740700292873,"[1.0,1.0873936540181521]","[[0.3013612411874447,-0.005292023542136603],[-0.005292023542136603,0.14279751254232229]]",development_only
NFP_202311_REL_20231208,2023-12-08,real_rate,real_h15_5y,1,real_h15_5y;real_h15_10y;real_tip,"{""real_h15_10y"":0.7308111070814222,""real_h15_5y"":1.1238434498679153,""real_tip"":0.29182748193812785}",0.6111870758158231,0.16370212832892353,"[1.0,1.0401143342141086,1.003450670631514]","[[0.15039777974575336,0.001788716327518765,-0.0014618364893762962],[0.001788716327518765,0.05481041486702631,-0.0010180020833655764],[-0.0014618364893762962,-0.0010180020833655764,0.09579282466715085]]",development_only
NFP_202311_REL_20231208,2023-12-08,gold,gold_gld,1,gold_gld;gold_gc,"{""gold_gc"":-1.8158863377218908,""gold_gld"":-1.551623284943855}",-1.6802935199050892,0.14407797262134509,"[1.0,0.9874633095069]","[[0.04452140210692934,0.0003988324237603496],[0.0003988324237603496,0.03760578419298342]]",development_only
NFP_202311_REL_20231208,2023-12-08,dollar,dollar_dxy,1,dollar_dxy;dollar_uup,"{""dollar_dxy"":1.082421242561438,""dollar_uup"":0.871951493836814}",0.9991158505251195,0.2945329642650714,"[1.0,1.021562219282586]","[[0.2589368952533541,-0.013517004820323596],[-0.013517004820323596,0.15618573469252106]]",development_only
NFP_202312_REL_20240105,2024-01-05,policy,policy_h15_2y,1,policy_h15_2y;policy_h15_1y;policy_zt,"{""policy_h15_1y"":-0.20767945699922846,""policy_h15_2y"":0.2488711281403251,""policy_zt"":0.18465745668342795}",0.06921306634152508,0.25360281467310003,"[1.0,1.0015566389895747,1.0013887142932434]","[[0.15113762967151154,0.001442112472435725,0.011203363669752671],[0.001442112472435725,0.17153781791263525,-0.020486319129869396],[0.011203363669752671,-0.020486319129869396,0.3750939524360022]]",development_only
NFP_202312_REL_20240105,2024-01-05,inflation,inflation_be5,1,inflation_be5;inflation_be10,"{""inflation_be10"":-1.677180145705374e-14,""inflation_be5"":0.2496058950331724}",0.11193110058285047,0.28719740700292873,"[1.0,1.0873936540181521]","[[0.3013612411874447,-0.005292023542136603],[-0.005292023542136603,0.14279751254232229]]",development_only
NFP_202312_REL_20240105,2024-01-05,real_rate,real_h15_5y,1,real_h15_5y;real_h15_10y;real_tip,"{""real_h15_10y"":0.8718427300346958,""real_h15_5y"":0.520457947177185,""real_tip"":0.5346020157594894}",0.647408049345845,0.16370212832892353,"[1.0,1.0401143342141086,1.003450670631514]","[[0.15039777974575336,0.001788716327518765,-0.0014618364893762962],[0.001788716327518765,0.05481041486702631,-0.0010180020833655764],[-0.0014618364893762962,-0.0010180020833655764,0.09579282466715085]]",development_only
NFP_202312_REL_20240105,2024-01-05,gold,gold_gld,1,gold_gld;gold_gc,"{""gold_gc"":0.0054358821991789714,""gold_gld"":0.01790724814412392}",0.027731840793177722,0.14407797262134509,"[1.0,0.9874633095069]","[[0.04452140210692934,0.0003988324237603496],[0.0003988324237603496,0.03760578419298342]]",development_only
NFP_202312_REL_20240105,2024-01-05,dollar,dollar_dxy,1,dollar_dxy;dollar_uup,"{""dollar_dxy"":-0.021381027897654028,""dollar_uup"":0.0}",0.07241270987396717,0.2945329642650714,"[1.0,1.021562219282586]","[[0.2589368952533541,-0.013517004820323596],[-0.013517004820323596,0.15618573469252106]]",development_only
NFP_202401_REL_20240202,2024-02-02,policy,policy_h15_2y,1,policy_h15_2y;policy_h15_1y;policy_zt,"{""policy_h15_1y"":2.5570358061654486,""policy_h15_2y"":2.0040242959167225,""policy_zt"":2.3490805566785378}",2.2661670040661464,0.25360281467310003,"[1.0,1.0015566389895747,1.0013887142932434]","[[0.15113762967151154,0.001442112472435725,0.011203363669752671],[0.001442112472435725,0.17153781791263525,-0.020486319129869396],[0.011203363669752671,-0.020486319129869396,0.3750939524360022]]",development_only
NFP_202401_REL_20240202,2024-02-02,inflation,inflation_be5,1,inflation_be5;inflation_be10,"{""inflation_be10"":0.7556240744811269,""inflation_be5"":0.6223837321567472}",0.7007212757912029,0.28719740700292873,"[1.0,1.0873936540181521]","[[0.3013612411874447,-0.005292023542136603],[-0.005292023542136603,0.14279751254232229]]",development_only
NFP_202401_REL_20240202,2024-02-02,real_rate,real_h15_5y,1,real_h15_5y;real_h15_10y;real_tip,"{""real_h15_10y"":2.2519299329120392,""real_h15_5y"":2.38269437189655,""real_tip"":2.458715548330385}",2.230197071048235,0.16370212832892353,"[1.0,1.0401143342141086,1.003450670631514]","[[0.15039777974575336,0.001788716327518765,-0.0014618364893762962],[0.001788716327518765,0.05481041486702631,-0.0010180020833655764],[-0.0014618364893762962,-0.0010180020833655764,0.09579282466715085]]",development_only
NFP_202401_REL_20240202,2024-02-02,gold,gold_gld,1,gold_gld;gold_gc,"{""gold_gc"":-0.9790041037178948,""gold_gld"":-1.1908039714434044}",-1.0617465951106886,0.14407797262134509,"[1.0,0.9874633095069]","[[0.04452140210692934,0.0003988324237603496],[0.0003988324237603496,0.03760578419298342]]",development_only
NFP_202401_REL_20240202,2024-02-02,dollar,dollar_dxy,1,dollar_dxy;dollar_uup,"{""dollar_dxy"":2.021773962510631,""dollar_uup"":2.0721474874146364}",2.0622330347764892,0.2945329642650714,"[1.0,1.021562219282586]","[[0.2589368952533541,-0.013517004820323596],[-0.013517004820323596,0.15618573469252106]]",development_only
NFP_202402_REL_20240308,2024-03-08,policy,policy_h15_2y,1,policy_h15_2y;policy_h15_1y;policy_zt,"{""policy_h15_1y"":-0.19501743666049828,""policy_h15_2y"":-0.27040379609262305,""policy_zt"":-0.2954848838287748}",-0.2247605460974405,0.25360281467310003,"[1.0,1.0015566389895747,1.0013887142932434]","[[0.15113762967151154,0.001442112472435725,0.011203363669752671],[0.001442112472435725,0.17153781791263525,-0.020486319129869396],[0.011203363669752671,-0.020486319129869396,0.3750939524360022]]",development_only
NFP_202402_REL_20240308,2024-03-08,inflation,inflation_be5,1,inflation_be5;inflation_be10,"{""inflation_be10"":0.0,""inflation_be5"":-1.5901232371921818e-14}",0.04081506028530704,0.28719740700292873,"[1.0,1.0873936540181521]","[[0.3013612411874447,-0.005292023542136603],[-0.005292023542136603,0.14279751254232229]]",development_only
NFP_202402_REL_20240308,2024-03-08,real_rate,real_h15_5y,1,real_h15_5y;real_h15_10y;real_tip,"{""real_h15_10y"":0.0,""real_h15_5y"":-0.15285042484705105,""real_tip"":-0.21924537587543333}",-0.13114381235395983,0.16370212832892353,"[1.0,1.0401143342141086,1.003450670631514]","[[0.15039777974575336,0.001788716327518765,-0.0014618364893762962],[0.001788716327518765,0.05481041486702631,-0.0010180020833655764],[-0.0014618364893762962,-0.0010180020833655764,0.09579282466715085]]",development_only
NFP_202402_REL_20240308,2024-03-08,gold,gold_gld,1,gold_gld;gold_gc,"{""gold_gc"":1.2778094509598468,""gold_gld"":1.1795418477930582}",1.2510228581651295,0.14407797262134509,"[1.0,0.9874633095069]","[[0.04452140210692934,0.0003988324237603496],[0.0003988324237603496,0.03760578419298342]]",development_only
NFP_202402_REL_20240308,2024-03-08,dollar,dollar_dxy,1,dollar_dxy;dollar_uup,"{""dollar_dxy"":-0.21343006936302386,""dollar_uup"":0.09584230405985955}",0.05948515251787226,0.2945329642650714,"[1.0,1.021562219282586]","[[0.2589368952533541,-0.013517004820323596],[-0.013517004820323596,0.15618573469252106]]",development_only
NFP_202403_REL_20240405,2024-04-05,policy,policy_h15_2y,1,policy_h15_2y;policy_h15_1y;policy_zt,"{""policy_h15_1y"":1.1432099275758054,""policy_h15_2y"":1.2161636063097874,""policy_zt"":1.4506668426587044}",1.2252057721587315,0.25360281467310003,"[1.0,1.0015566389895747,1.0013887142932434]","[[0.15113762967151154,0.001442112472435725,0.011203363669752671],[0.001442112472435725,0.17153781791263525,-0.020486319129869396],[0.011203363669752671,-0.020486319129869396,0.3750939524360022]]",development_only
NFP_202403_REL_20240405,2024-04-05,inflation,inflation_be5,1,inflation_be5;inflation_be10,"{""inflation_be10"":1.3357672677335526,""inflation_be5"":1.224427852488608}",1.2427612533615793,0.28719740700292873,"[1.0,1.0873936540181521]","[[0.3013612411874447,-0.005292023542136603],[-0.005292023542136603,0.14279751254232229]]",development_only
NFP_202403_REL_20240405,2024-04-05,real_rate,real_h15_5y,1,real_h15_5y;real_h15_10y;real_tip,"{""real_h15_10y"":1.0641196752475208,""real_h15_5y"":0.9127849835996812,""real_tip"":1.31007575043717}",1.037702527322115,0.16370212832892353,"[1.0,1.0401143342141086,1.003450670631514]","[[0.15039777974575336,0.001788716327518765,-0.0014618364893762962],[0.001788716327518765,0.05481041486702631,-0.0010180020833655764],[-0.0014618364893762962,-0.0010180020833655764,0.09579282466715085]]",development_only
NFP_202403_REL_20240405,2024-04-05,gold,gold_gld,1,gold_gld;gold_gc,"{""gold_gc"":2.2329444611830684,""gold_gld"":2.441979462538777}",2.349461343321124,0.14407797262134509,"[1.0,0.9874633095069]","[[0.04452140210692934,0.0003988324237603496],[0.0003988324237603496,0.03760578419298342]]",development_only
NFP_202403_REL_20240405,2024-04-05,dollar,dollar_dxy,1,dollar_dxy;dollar_uup,"{""dollar_dxy"":0.5540801254032519,""dollar_uup"":0.33785543501317455}",0.4856103702662069,0.2945329642650714,"[1.0,1.021562219282586]","[[0.2589368952533541,-0.013517004820323596],[-0.013517004820323596,0.15618573469252106]]",development_only
NFP_202404_REL_20240503,2024-05-03,policy,policy_h15_2y,1,policy_h15_2y;policy_h15_1y;policy_zt,"{""policy_h15_1y"":-1.036471695513798,""policy_h15_2y"":-0.9346116470198752,""policy_zt"":-1.1273207262427454}",-0.9778371218236729,0.25360281467310003,"[1.0,1.0015566389895747,1.0013887142932434]","[[0.15113762967151154,0.001442112472435725,0.011203363669752671],[0.001442112472435725,0.17153781791263525,-0.020486319129869396],[0.011203363669752671,-0.020486319129869396,0.3750939524360022]]",development_only
NFP_202404_REL_20240503,2024-05-03,inflation,inflation_be5,1,inflation_be5;inflation_be10,"{""inflation_be10"":-1.0912454279267694,""inflation_be5"":-0.858532303347933}",-0.9007182662051703,0.28719740700292873,"[1.0,1.0873936540181521]","[[0.3013612411874447,-0.005292023542136603],[-0.005292023542136603,0.14279751254232229]]",development_only
NFP_202404_REL_20240503,2024-05-03,real_rate,real_h15_5y,1,real_h15_5y;real_h15_10y;real_tip,"{""real_h15_10y"":-1.322502120114563,""real_h15_5y"":-1.374164783360159,""real_tip"":-1.708544289353985}",-1.446974149923643,0.16370212832892353,"[1.0,1.0401143342141086,1.003450670631514]","[[0.15039777974575336,0.001788716327518765,-0.0014618364893762962],[0.001788716327518765,0.05481041486702631,-0.0010180020833655764],[-0.0014618364893762962,-0.0010180020833655764,0.09579282466715085]]",development_only
NFP_202404_REL_20240503,2024-05-03,gold,gold_gld,1,gold_gld;gold_gc,"{""gold_gc"":-0.010245652931432567,""gold_gld"":-0.09021018594110762}",-0.030625235830717027,0.14407797262134509,"[1.0,0.9874633095069]","[[0.04452140210692934,0.0003988324237603496],[0.0003988324237603496,0.03760578419298342]]",development_only
NFP_202404_REL_20240503,2024-05-03,dollar,dollar_dxy,1,dollar_dxy;dollar_uup,"{""dollar_dxy"":-0.7933200000425447,""dollar_uup"":-0.8279115310616978}",-0.7063461905595113,0.2945329642650714,"[1.0,1.021562219282586]","[[0.2589368952533541,-0.013517004820323596],[-0.013517004820323596,0.15618573469252106]]",development_only
NFP_202405_REL_20240607,2024-06-07,policy,policy_h15_2y,1,policy_h15_2y;policy_h15_1y;policy_zt,"{""policy_h15_1y"":2.6376138814423964,""policy_h15_2y"":2.584922195661918,""policy_zt"":2.288776050330824}",2.5241893650805856,0.25360281467310003,"[1.0,1.0015566389895747,1.0013887142932434]","[[0.15113762967151154,0.001442112472435725,0.011203363669752671],[0.001442112472435725,0.17153781791263525,-0.020486319129869396],[0.011203363669752671,-0.020486319129869396,0.3750939524360022]]",development_only
NFP_202405_REL_20240607,2024-06-07,inflation,inflation_be5,1,inflation_be5;inflation_be10,"{""inflation_be10"":1.1452497054075823,""inflation_be5"":1.4015140659094438}",1.1715410535003314,0.28719740700292873,"[1.0,1.0873936540181521]","[[0.3013612411874447,-0.005292023542136603],[-0.005292023542136603,0.14279751254232229]]",development_only
NFP_202405_REL_20240607,2024-06-07,real_rate,real_h15_5y,1,real_h15_5y;real_h15_10y;real_tip,"{""real_h15_10y"":2.7560119832284355,""real_h15_5y"":2.772505262286635,""real_tip"":2.686704799496675}",2.620400665828334,0.16370212832892353,"[1.0,1.0401143342141086,1.003450670631514]","[[0.15039777974575336,0.001788716327518765,-0.0014618364893762962],[0.001788716327518765,0.05481041486702631,-0.0010180020833655764],[-0.0014618364893762962,-0.0010180020833655764,0.09579282466715085]]",development_only
NFP_202405_REL_20240607,2024-06-07,gold,gold_gld,1,gold_gld;gold_gc,"{""gold_gc"":-2.914458161609867,""gold_gld"":-3.6478958520679376}",-3.2409514931352192,0.14407797262134509,"[1.0,0.9874633095069]","[[0.04452140210692934,0.0003988324237603496],[0.0003988324237603496,0.03760578419298342]]",development_only
NFP_202405_REL_20240607,2024-06-07,dollar,dollar_dxy,1,dollar_dxy;dollar_uup,"{""dollar_dxy"":2.3031495885577518,""dollar_uup"":2.4095958599934164}",2.367464718780861,0.2945329642650714,"[1.0,1.021562219282586]","[[0.2589368952533541,-0.013517004820323596],[-0.013517004820323596,0.15618573469252106]]",development_only
NFP_202406_REL_20240705,2024-07-05,policy,policy_h15_2y,1,policy_h15_2y;policy_h15_1y;policy_zt,"{""policy_h15_1y"":-1.6686209075479304,""policy_h15_2y"":-1.8733703620983784,""policy_zt"":-1.6408821513585279}",-1.7030176351826631,0.25360281467310003,"[1.0,1.0015566389895747,1.0013887142932434]","[[0.15113762967151154,0.001442112472435725,0.011203363669752671],[0.001442112472435725,0.17153781791263525,-0.020486319129869396],[0.011203363669752671,-0.020486319129869396,0.3750939524360022]]",development_only
NFP_202406_REL_20240705,2024-07-05,inflation,inflation_be5,1,inflation_be5;inflation_be10,"{""inflation_be10"":0.4502896331984103,""inflation_be5"":-0.3857972991145}",0.21847464203337089,0.28719740700292873,"[1.0,1.0873936540181521]","[[0.3013612411874447,-0.005292023542136603],[-0.005292023542136603,0.14279751254232229]]",development_only
NFP_202406_REL_20240705,2024-07-05,real_rate,real_h15_5y,1,real_h15_5y;real_h15_10y;real_tip,"{""real_h15_10y"":-1.8686711980763524,""real_h15_5y"":-1.9556024567491166,""real_tip"":-1.4527785123133916}",-1.7523882226345855,0.16370212832892353,"[1.0,1.0401143342141086,1.003450670631514]","[[0.15039777974575336,0.001788716327518765,-0.0014618364893762962],[0.001788716327518765,0.05481041486702631,-0.0010180020833655764],[-0.0014618364893762962,-0.0010180020833655764,0.09579282466715085]]",development_only
NFP_202406_REL_20240705,2024-07-05,gold,gold_gld,1,gold_gld;gold_gc,"{""gold_gc"":1.1448625084264603,""gold_gld"":1.2127030428056873}",1.194509282586015,0.14407797262134509,"[1.0,0.9874633095069]","[[0.04452140210692934,0.0003988324237603496],[0.0003988324237603496,0.03760578419298342]]",development_only
NFP_202406_REL_20240705,2024-07-05,dollar,dollar_dxy,1,dollar_dxy;dollar_uup,"{""dollar_dxy"":-1.4827031777346629,""dollar_uup"":-0.9764803475255039}",-1.0478714172371706,0.2945329642650714,"[1.0,1.021562219282586]","[[0.2589368952533541,-0.013517004820323596],[-0.013517004820323596,0.15618573469252106]]",development_only
NFP_202407_REL_20240802,2024-08-02,policy,policy_h15_2y,1,policy_h15_2y;policy_h15_1y;policy_zt,"{""policy_h15_1y"":-8.761848236993577,""policy_h15_2y"":-5.442857318158664,""policy_zt"":-5.652448577678978}",-6.679319952378723,0.25360281467310003,"[1.0,1.0015566389895747,1.0013887142932434]","[[0.15113762967151154,0.001442112472435725,0.011203363669752671],[0.001442112472435725,0.17153781791263525,-0.020486319129869396],[0.011203363669752671,-0.020486319129869396,0.3750939524360022]]",development_only
NFP_202407_REL_20240802,2024-08-02,inflation,inflation_be5,1,inflation_be5;inflation_be10,"{""inflation_be10"":-7.251301614799268,""inflation_be5"":-6.638299687641062}",-6.481582958352976,0.28719740700292873,"[1.0,1.0873936540181521]","[[0.3013612411874447,-0.005292023542136603],[-0.005292023542136603,0.14279751254232229]]",development_only
NFP_202407_REL_20240802,2024-08-02,real_rate,real_h15_5y,1,real_h15_5y;real_h15_10y;real_tip,"{""real_h15_10y"":-0.6933428120332062,""real_h15_5y"":-1.131343237790308,""real_tip"":-1.7870611211101537}",-1.107437738609887,0.16370212832892353,"[1.0,1.0401143342141086,1.003450670631514]","[[0.15039777974575336,0.001788716327518765,-0.0014618364893762962],[0.001788716327518765,0.05481041486702631,-0.0010180020833655764],[-0.0014618364893762962,-0.0010180020833655764,0.09579282466715085]]",development_only
NFP_202407_REL_20240802,2024-08-02,gold,gold_gld,1,gold_gld;gold_gc,"{""gold_gc"":-0.3456333104743545,""gold_gld"":-0.17441100952703814}",-0.25064381327377144,0.14407797262134509,"[1.0,0.9874633095069]","[[0.04452140210692934,0.0003988324237603496],[0.0003988324237603496,0.03760578419298342]]",development_only
NFP_202407_REL_20240802,2024-08-02,dollar,dollar_dxy,1,dollar_dxy;dollar_uup,"{""dollar_dxy"":-3.954696141397733,""dollar_uup"":-3.286229335636429}",-3.3371199585487035,0.2945329642650714,"[1.0,1.021562219282586]","[[0.2589368952533541,-0.013517004820323596],[-0.013517004820323596,0.15618573469252106]]",development_only
NFP_202408_REL_20240906,2024-09-06,policy,policy_h15_2y,1,policy_h15_2y;policy_h15_1y;policy_zt,"{""policy_h15_1y"":-1.9683626775597631,""policy_h15_2y"":-1.3867914146128564,""policy_zt"":-1.4267889223033539}",-1.58357336360858,0.25360281467310003,"[1.0,1.0015566389895747,1.0013887142932434]","[[0.15113762967151154,0.001442112472435725,0.011203363669752671],[0.001442112472435725,0.17153781791263525,-0.020486319129869396],[0.011203363669752671,-0.020486319129869396,0.3750939524360022]]",development_only
NFP_202408_REL_20240906,2024-09-06,inflation,inflation_be5,1,inflation_be5;inflation_be10,"{""inflation_be10"":0.0,""inflation_be5"":-0.2723650722961253}",-0.03678537240672107,0.28719740700292873,"[1.0,1.0873936540181521]","[[0.3013612411874447,-0.005292023542136603],[-0.005292023542136603,0.14279751254232229]]",development_only
NFP_202408_REL_20240906,2024-09-06,real_rate,real_h15_5y,1,real_h15_5y;real_h15_10y;real_tip,"{""real_h15_10y"":-0.25911792387844906,""real_h15_5y"":-0.716132164608992,""real_tip"":-0.25197251593110115}",-0.3708187278553478,0.16370212832892353,"[1.0,1.0401143342141086,1.003450670631514]","[[0.15039777974575336,0.001788716327518765,-0.0014618364893762962],[0.001788716327518765,0.05481041486702631,-0.0010180020833655764],[-0.0014618364893762962,-0.0010180020833655764,0.09579282466715085]]",development_only
NFP_202408_REL_20240906,2024-09-06,gold,gold_gld,1,gold_gld;gold_gc,"{""gold_gc"":-0.729742327811599,""gold_gld"":-0.7998736222770476}",-0.7467232822878074,0.14407797262134509,"[1.0,0.9874633095069]","[[0.04452140210692934,0.0003988324237603496],[0.0003988324237603496,0.03760578419298342]]",development_only
NFP_202408_REL_20240906,2024-09-06,dollar,dollar_dxy,1,dollar_dxy;dollar_uup,"{""dollar_dxy"":0.19461836231031937,""dollar_uup"":0.39670183716469143}",0.38919611651390296,0.2945329642650714,"[1.0,1.021562219282586]","[[0.2589368952533541,-0.013517004820323596],[-0.013517004820323596,0.15618573469252106]]",development_only
NFP_202409_REL_20241004,2024-10-04,policy,policy_h15_2y,1,policy_h15_2y;policy_h15_1y;policy_zt,"{""policy_h15_1y"":2.9669046878670486,""policy_h15_2y"":3.403140102449042,""policy_zt"":3.3587164434724692}",3.1816199349031247,0.25360281467310003,"[1.0,1.0015566389895747,1.0013887142932434]","[[0.15113762967151154,0.001442112472435725,0.011203363669752671],[0.001442112472435725,0.17153781791263525,-0.020486319129869396],[0.011203363669752671,-0.020486319129869396,0.3750939524360022]]",development_only
NFP_202409_REL_20241004,2024-10-04,inflation,inflation_be5,1,inflation_be5;inflation_be10,"{""inflation_be10"":0.6327773650790315,""inflation_be5"":0.8386458038145268}",0.6838809232275711,0.28719740700292873,"[1.0,1.0873936540181521]","[[0.3013612411874447,-0.005292023542136603],[-0.005292023542136603,0.14279751254232229]]",development_only
NFP_202409_REL_20241004,2024-10-04,real_rate,real_h15_5y,1,real_h15_5y;real_h15_10y;real_tip,"{""real_h15_10y"":2.9575005217476686,""real_h15_5y"":3.811556918432644,""real_tip"":2.71817685147924}",2.91366028704458,0.16370212832892353,"[1.0,1.0401143342141086,1.003450670631514]","[[0.15039777974575336,0.001788716327518765,-0.0014618364893762962],[0.001788716327518765,0.05481041486702631,-0.0010180020833655764],[-0.0014618364893762962,-0.0010180020833655764,0.09579282466715085]]",development_only
NFP_202409_REL_20241004,2024-10-04,gold,gold_gld,1,gold_gld;gold_gc,"{""gold_gc"":-0.4736256502840934,""gold_gld"":-0.2166553275202063}",-0.33927380215141795,0.14407797262134509,"[1.0,0.9874633095069]","[[0.04452140210692934,0.0003988324237603496],[0.0003988324237603496,0.03760578419298342]]",development_only
NFP_202409_REL_20241004,2024-10-04,dollar,dollar_dxy,1,dollar_dxy;dollar_uup,"{""dollar_dxy"":1.4144268810657097,""dollar_uup"":1.475382534732953}",1.4822431486804806,0.2945329642650714,"[1.0,1.021562219282586]","[[0.2589368952533541,-0.013517004820323596],[-0.013517004820323596,0.15618573469252106]]",development_only
NFP_202410_REL_20241101,2024-11-01,policy,policy_h15_2y,1,policy_h15_2y;policy_h15_1y;policy_zt,"{""policy_h15_1y"":0.19865881030879134,""policy_h15_2y"":0.8412557600447325,""policy_zt"":0.6263827206687108}",0.5510456971520703,0.25360281467310003,"[1.0,1.0015566389895747,1.0013887142932434]","[[0.15113762967151154,0.001442112472435725,0.011203363669752671],[0.001442112472435725,0.17153781791263525,-0.020486319129869396],[0.011203363669752671,-0.020486319129869396,0.3750939524360022]]",development_only
NFP_202410_REL_20241101,2024-11-01,inflation,inflation_be5,1,inflation_be5;inflation_be10,"{""inflation_be10"":0.0,""inflation_be5"":-0.34059465473790956}",-0.05622488818326176,0.28719740700292873,"[1.0,1.0873936540181521]","[[0.3013612411874447,-0.005292023542136603],[-0.005292023542136603,0.14279751254232229]]",development_only
NFP_202410_REL_20241101,2024-11-01,real_rate,real_h15_5y,1,real_h15_5y;real_h15_10y;real_tip,"{""real_h15_10y"":2.3170146824766222,""real_h15_5y"":1.6341476287100478,""real_tip"":1.6933503058875201}",1.911290708791301,0.16370212832892353,"[1.0,1.0401143342141086,1.003450670631514]","[[0.15039777974575336,0.001788716327518765,-0.0014618364893762962],[0.001788716327518765,0.05481041486702631,-0.0010180020833655764],[-0.0014618364893762962,-0.0010180020833655764,0.09579282466715085]]",development_only
NFP_202410_REL_20241101,2024-11-01,gold,gold_gld,1,gold_gld;gold_gc,"{""gold_gc"":0.01402312998652145,""gold_gld"":-0.503601257053197}",-0.20825811233297925,0.14407797262134509,"[1.0,0.9874633095069]","[[0.04452140210692934,0.0003988324237603496],[0.0003988324237603496,0.03760578419298342]]",development_only
NFP_202410_REL_20241101,2024-11-01,dollar,dollar_dxy,1,dollar_dxy;dollar_uup,"{""dollar_dxy"":0.8690819170054285,""dollar_uup"":1.187975500369871}",1.1103005146525216,0.2945329642650714,"[1.0,1.021562219282586]","[[0.2589368952533541,-0.013517004820323596],[-0.013517004820323596,0.15618573469252106]]",development_only
NFP_202411_REL_20241206,2024-12-06,policy,policy_h15_2y,1,policy_h15_2y;policy_h15_1y;policy_zt,"{""policy_h15_1y"":-0.9268094302409863,""policy_h15_2y"":-0.8801194736369394,""policy_zt"":-0.9484128476578455}",-0.8800282301158681,0.25360281467310003,"[1.0,1.0015566389895747,1.0013887142932434]","[[0.15113762967151154,0.001442112472435725,0.011203363669752671],[0.001442112472435725,0.17153781791263525,-0.020486319129869396],[0.011203363669752671,-0.020486319129869396,0.3750939524360022]]",development_only
NFP_202411_REL_20241206,2024-12-06,inflation,inflation_be5,1,inflation_be5;inflation_be10,"{""inflation_be10"":-0.376757679539219,""inflation_be5"":-1.1815545206455553}",-0.5364425795865384,0.28719740700292873,"[1.0,1.0873936540181521]","[[0.3013612411874447,-0.005292023542136603],[-0.005292023542136603,0.14279751254232229]]",development_only
NFP_202411_REL_20241206,2024-12-06,real_rate,real_h15_5y,1,real_h15_5y;real_h15_10y;real_tip,"{""real_h15_10y"":-0.22526096709556545,""real_h15_5y"":0.0,""real_tip"":-0.3105120340400014}",-0.24523459489161054,0.16370212832892353,"[1.0,1.0401143342141086,1.003450670631514]","[[0.15039777974575336,0.001788716327518765,-0.0014618364893762962],[0.001788716327518765,0.05481041486702631,-0.0010180020833655764],[-0.0014618364893762962,-0.0010180020833655764,0.09579282466715085]]",development_only
NFP_202411_REL_20241206,2024-12-06,gold,gold_gld,1,gold_gld;gold_gc,"{""gold_gc"":0.4410044855853978,""gold_gld"":0.035735806314362115}",0.27124078816047353,0.14407797262134509,"[1.0,0.9874633095069]","[[0.04452140210692934,0.0003988324237603496],[0.0003988324237603496,0.03760578419298342]]",development_only
NFP_202411_REL_20241206,2024-12-06,dollar,dollar_dxy,1,dollar_dxy;dollar_uup,"{""dollar_dxy"":0.5979872696526203,""dollar_uup"":0.6104503059492411}",0.6650047976587368,0.2945329642650714,"[1.0,1.021562219282586]","[[0.2589368952533541,-0.013517004820323596],[-0.013517004820323596,0.15618573469252106]]",development_only
NFP_202412_REL_20250110,2025-01-10,policy,policy_h15_2y,1,policy_h15_2y;policy_h15_1y;policy_zt,"{""policy_h15_1y"":3.218323675795311,""policy_h15_2y"":3.0039416631015143,""policy_zt"":3.4036496695716214}",3.1257189555524554,0.25360281467310003,"[1.0,1.0015566389895747,1.0013887142932434]","[[0.15113762967151154,0.001442112472435725,0.011203363669752671],[0.001442112472435725,0.17153781791263525,-0.020486319129869396],[0.011203363669752671,-0.020486319129869396,0.3750939524360022]]",development_only
NFP_202412_REL_20250110,2025-01-10,inflation,inflation_be5,1,inflation_be5;inflation_be10,"{""inflation_be10"":1.5610118106534219,""inflation_be5"":1.5025488548544694}",1.4658545000122916,0.28719740700292873,"[1.0,1.0873936540181521]","[[0.3013612411874447,-0.005292023542136603],[-0.005292023542136603,0.14279751254232229]]",development_only
NFP_202412_REL_20250110,2025-01-10,real_rate,real_h15_5y,1,real_h15_5y;real_h15_10y;real_tip,"{""real_h15_10y"":1.1505822802179217,""real_h15_5y"":1.803756163233455,""real_tip"":1.4196778088549602}",1.2691643758813478,0.16370212832892353,"[1.0,1.0401143342141086,1.003450670631514]","[[0.15039777974575336,0.001788716327518765,-0.0014618364893762962],[0.001788716327518765,0.05481041486702631,-0.0010180020833655764],[-0.0014618364893762962,-0.0010180020833655764,0.09579282466715085]]",development_only
NFP_202412_REL_20250110,2025-01-10,gold,gold_gld,1,gold_gld;gold_gc,"{""gold_gc"":0.8537738427459819,""gold_gld"":0.909317705480483}",0.8972862143604675,0.14407797262134509,"[1.0,0.9874633095069]","[[0.04452140210692934,0.0003988324237603496],[0.0003988324237603496,0.03760578419298342]]",development_only
NFP_202412_REL_20250110,2025-01-10,dollar,dollar_dxy,1,dollar_dxy;dollar_uup,"{""dollar_dxy"":0.9853825310799829,""dollar_uup"":1.1125139098697212}",1.1076918650764347,0.2945329642650714,"[1.0,1.021562219282586]","[[0.2589368952533541,-0.013517004820323596],[-0.013517004820323596,0.15618573469252106]]",development_only
