event_id,release_date,hop,p_i,n_i,prefix_probability,ci_lower,ci_upper,ci_width,state,reason,evsi,review_cost,break_even_probability,execution_reached,is_executed_stop,evaluation_mode,link_parameter_variance_share,measurement_variance_share,regime_drift_variance_share,common_frailty_variance_share,external_cutoff_variance_share
NFP_201101_REL_20110204,2011-02-04,1,0.4411185911094655,63.5128838585354,0.43621470937674217,0.26516005147232574,0.6190336241484647,0.353873572676139,STOP_ABSTAIN,wide_ci_and_review_evsi_below_cost,2.55351295663786e-15,0.01,0.20800000000000002,True,True,executed,0.8446272700840199,0.0052971010399978,0.011255260666818494,0.20455085145339488,0.0020615165758232946
NFP_201101_REL_20110204,2011-02-04,2,0.530567360516488,21.06495016347412,0.2316863925966994,0.10950192957218109,0.3889413475883395,0.2794394180161584,STOP_ABSTAIN,next_review_evsi_below_cost,0.008261608609239718,0.01,0.20800000000000002,False,False,counterfactual_after_stop,0.8680606802630225,0.004597718859963278,0.008531425623143513,0.17752591181911945,0.0009387506983163013
NFP_201101_REL_20110204,2011-02-04,3,0.37607440517588675,14.861855942812628,0.08730869846134329,0.026349903607149543,0.17817398308160398,0.15182407947445445,STOP_REJECT,ci_upper_below_break_even,2.0369154033799697e-06,0.01,0.20800000000000002,False,False,counterfactual_after_stop,0.8597249915107735,0.0037411350527156,0.006495243066345475,0.14889488244584645,0.0004127955801425346
NFP_201102_REL_20110304,2011-03-04,1,0.4055819454668851,63.5128838585354,0.400982205131263,0.25089330276298455,0.5573039555766384,0.3064106528136538,STOP_ABSTAIN,wide_ci_and_review_evsi_below_cost,5.551115123125783e-16,0.01,0.20800000000000002,True,True,executed,0.7483331530022764,0.006304994451750155,0.022891877783638787,0.25731886519389663,0.002455729318675076
NFP_201102_REL_20110304,2011-03-04,2,0.5212414182403283,21.06495016347412,0.20952734282098298,0.1042605272645531,0.33737918790763916,0.23311866064308606,CONTINUE,next_review_evsi_exceeds_cost,0.015975494570207957,0.01,0.20800000000000002,False,False,counterfactual_after_stop,0.7646361610143356,0.005438547305450596,0.017009081399444605,0.22304831690511281,0.0011200369244431419
NFP_201102_REL_20110304,2011-03-04,3,0.3990975608414081,14.861855942812628,0.0838936252307422,0.028737944831295412,0.1661343870925535,0.13739644226125808,STOP_REJECT,ci_upper_below_break_even,5.3737542730093e-08,0.01,0.20800000000000002,False,False,counterfactual_after_stop,0.7598427216459409,0.004406811167750411,0.01258752706278664,0.18566127453256737,0.0005113320357145818
NFP_201103_REL_20110401,2011-04-01,1,0.4050071082338783,63.5128838585354,0.4004551386320452,0.2508483449855272,0.5656244990324916,0.31477615404696435,STOP_ABSTAIN,wide_ci_and_review_evsi_below_cost,5.800915303666443e-15,0.01,0.20800000000000002,True,True,executed,0.7397749703417892,0.006462256772493327,0.028914872006639256,0.24477593168376918,0.0022455451799747493
NFP_201103_REL_20110401,2011-04-01,2,0.5201501190938477,21.06495016347412,0.208581197568079,0.10216661446783545,0.3405597727928072,0.23839315832497174,CONTINUE,next_review_evsi_exceeds_cost,0.01665466817137646,0.01,0.20800000000000002,False,False,counterfactual_after_stop,0.762541012908371,0.005575633544480206,0.022478538742874997,0.2278010601404458,0.0010563836748717296
NFP_201103_REL_20110401,2011-04-01,3,0.40104827292951667,14.861855942812628,0.08381843197561727,0.029226414113216144,0.16381888026126504,0.1345924661480489,STOP_REJECT,ci_upper_below_break_even,2.4341830685840204e-08,0.01,0.20800000000000002,False,False,counterfactual_after_stop,0.8055125849354727,0.004611981880053658,0.017233522748010426,0.19604356479881158,0.0005026988712881252
NFP_201104_REL_20110506,2011-05-06,1,0.400777366235287,63.5128838585354,0.39628214114788807,0.2462178615736478,0.5623892308598513,0.3161713692862035,STOP_ABSTAIN,wide_ci_and_review_evsi_below_cost,2.6645352591003757e-15,0.01,0.20800000000000002,True,True,executed,0.7289066317545384,0.006362196545751544,0.038354078843666685,0.24067780759548799,0.0021093592366192297
NFP_201104_REL_20110506,2011-05-06,2,0.519478764181191,21.06495016347412,0.20605804335952904,0.09924843532323353,0.3379192500781371,0.2386708147549036,CONTINUE,next_review_evsi_exceeds_cost,0.016146630939433863,0.01,0.20800000000000002,False,False,counterfactual_after_stop,0.7657223283813497,0.005443759747763202,0.029275370218262098,0.22281464902701523,0.0009879707703391637
NFP_201104_REL_20110506,2011-05-06,3,0.4035353742509909,14.861855942812628,0.08353970182566438,0.028807842282566727,0.16363335036348683,0.13482550808092011,STOP_REJECT,ci_upper_below_break_even,6.37659693750664e-08,0.01,0.20800000000000002,False,False,counterfactual_after_stop,0.7926727621641633,0.004348708178700657,0.02126143901831389,0.18995002094659802,0.00046737367580186557
NFP_201105_REL_20110603,2011-06-03,1,0.2621707726657695,63.5128838585354,0.25921152928440494,0.1284124284470629,0.4315403255631589,0.303127897116096,STOP_ABSTAIN,wide_ci_and_review_evsi_below_cost,0.003252570980843167,0.01,0.20800000000000002,True,True,executed,0.7866097714208424,0.004422505076610686,0.025789873040400917,0.1635911603399679,0.0009566084568835051
NFP_201105_REL_20110603,2011-06-03,2,0.49626080749908225,21.06495016347412,0.1288380383852983,0.045703807475840644,0.24933689762651537,0.2036330901506747,STOP_REJECT,next_review_evsi_below_cost,0.00046389667036558275,0.01,0.20800000000000002,False,False,counterfactual_after_stop,0.8275184251210926,0.003520671613133709,0.02018763369606555,0.14668866538679642,0.0005023684982268362
NFP_201105_REL_20110603,2011-06-03,3,0.4207873526170699,14.861855942812628,0.05471104150673442,0.012843213299844326,0.12754839974325152,0.1147051864434072,STOP_REJECT,ci_upper_below_break_even,1.4601694417496631e-09,0.01,0.20800000000000002,False,False,counterfactual_after_stop,0.8025830147824107,0.0027865173067386727,0.014678955496460812,0.12127213081026482,0.00026262810775832325
NFP_201106_REL_20110708,2011-07-08,1,0.25970774625330384,63.5128838585354,0.25675511735631973,0.12386178758755485,0.4226258100211747,0.2987640224336199,STOP_ABSTAIN,next_review_evsi_below_cost,0.0033397848418632928,0.01,0.20800000000000002,True,True,executed,0.8060218874147584,0.004347884105751605,0.0341035025802981,0.17762772690983603,0.0010070906649859532
NFP_201106_REL_20110708,2011-07-08,2,0.4977454884823505,21.06495016347412,0.1282047908241938,0.04491225300578103,0.24908011708107353,0.2041678640752925,STOP_REJECT,next_review_evsi_below_cost,0.00043995519795452946,0.01,0.20800000000000002,False,False,counterfactual_after_stop,0.8313876087751365,0.0036220202759949995,0.025365280399102,0.1557695684107713,0.0005180896347080393
NFP_201106_REL_20110708,2011-07-08,3,0.424030219713758,14.861855942812628,0.054617479548536976,0.012795735916949559,0.12565770206733648,0.11286196615038692,STOP_REJECT,ci_upper_below_break_even,8.582810910383272e-10,0.01,0.20800000000000002,False,False,counterfactual_after_stop,0.812370146502143,0.0030132101343490294,0.01942464053652968,0.13136285939486628,0.0002832180090158692
NFP_201107_REL_20110805,2011-08-05,1,0.4276026032507744,63.5128838585354,0.4228106210989667,0.2631488758679205,0.5951377363423337,0.33198886047441317,STOP_ABSTAIN,wide_ci_and_review_evsi_below_cost,2.7755575615628914e-15,0.01,0.20800000000000002,True,True,executed,0.7363739915871942,0.0058143373259115765,0.04789661568985167,0.22153334487868132,0.0021136206778766676
NFP_201107_REL_20110805,2011-08-05,2,0.5232377301907295,21.06495016347412,0.2215045929606971,0.10552803294845886,0.36505763868496727,0.2595296057365084,STOP_ABSTAIN,next_review_evsi_below_cost,0.011271897101355639,0.01,0.20800000000000002,False,False,counterfactual_after_stop,0.7875036548203562,0.004755218563123437,0.038732302987294756,0.19598168738788221,0.0009789790109753888
NFP_201107_REL_20110805,2011-08-05,3,0.38409547638751157,14.861855942812628,0.08557555491924346,0.027891510256786548,0.17412795389566046,0.14623644363887392,STOP_REJECT,ci_upper_below_break_even,2.844894513823142e-07,0.01,0.20800000000000002,False,False,counterfactual_after_stop,0.7641177677632655,0.0038090799644829674,0.027539491234350476,0.1572432870681106,0.0004237172748928419
NFP_201108_REL_20110902,2011-09-02,1,0.2467475174910342,63.5128838585354,0.24402313916749954,0.12723486706601406,0.39872160642866716,0.2714867393626531,STOP_ABSTAIN,next_review_evsi_below_cost,0.0037466068197294367,0.01,0.20800000000000002,True,True,executed,0.7501879196774017,0.0049151691947616725,0.048356041851719316,0.19934453478042413,0.0010300401055112068
NFP_201108_REL_20110902,2011-09-02,2,0.48951079948675597,21.06495016347412,0.11970574252858397,0.04375824049628519,0.22956663858566134,0.18580839808937616,STOP_REJECT,next_review_evsi_below_cost,8.771851029783158e-05,0.01,0.20800000000000002,False,False,counterfactual_after_stop,0.7834723486078577,0.003954499967933291,0.03584027804212932,0.16764480974787266,0.0005170837537918559
NFP_201108_REL_20110902,2011-09-02,3,0.43548750980086154,14.861855942812628,0.05213268134118502,0.012813408949589666,0.11448221287640634,0.10166880392681667,STOP_REJECT,ci_upper_below_break_even,0.0,0.01,0.20800000000000002,False,False,counterfactual_after_stop,0.8226043171453706,0.00343293339217781,0.029143690985196036,0.1482980943630904,0.00029405047126093513
NFP_201109_REL_20111007,2011-10-07,1,0.44628199289063764,63.5128838585354,0.4412262373563842,0.26312971366489496,0.6289119942692994,0.3657822806044045,STOP_ABSTAIN,wide_ci_and_review_evsi_below_cost,0.0,0.01,0.20800000000000002,True,True,executed,0.7732658659993474,0.004873215694781462,0.05278099014335164,0.18890665914638446,0.0018931412613099204
NFP_201109_REL_20111007,2011-10-07,2,0.5312792460079788,21.06495016347412,0.2349354277376772,0.10903629102662234,0.39823249721446985,0.2891962061878475,STOP_ABSTAIN,next_review_evsi_below_cost,0.007684645561384595,0.01,0.20800000000000002,False,False,counterfactual_after_stop,0.7968450889714671,0.00412550943975196,0.04120430275503847,0.17376750207591501,0.0008727759781856652
NFP_201109_REL_20111007,2011-10-07,3,0.37861883408579977,14.861855942812628,0.0890604829524117,0.027163441417089568,0.18508603051270467,0.1579225890956151,STOP_REJECT,ci_upper_below_break_even,2.9685195901699688e-06,0.01,0.20800000000000002,False,False,counterfactual_after_stop,0.8275417348138941,0.0036002998777357824,0.03161119572338898,0.15621645071881762,0.00039892928948573943
NFP_201110_REL_20111104,2011-11-04,1,0.2625736148852173,63.5128838585354,0.2596734387563589,0.1282794391912241,0.4326107270876919,0.3043312878964678,STOP_ABSTAIN,wide_ci_and_review_evsi_below_cost,0.0032028546987325213,0.01,0.20800000000000002,True,True,executed,0.8011053258579713,0.004348466014840977,0.05103737019937857,0.16642996914332717,0.0009311697521230014
NFP_201110_REL_20111104,2011-11-04,2,0.49987213822568993,21.06495016347412,0.13023200182367745,0.044599360200761454,0.2533449552381504,0.208745595037389,STOP_REJECT,next_review_evsi_below_cost,0.0006246756265852106,0.01,0.20800000000000002,False,False,counterfactual_after_stop,0.7907116614916901,0.0034281221540460494,0.03712369945334288,0.1445814990818367,0.00047709514531629835
NFP_201110_REL_20111104,2011-11-04,3,0.4225190181839861,14.861855942812628,0.05512883261725121,0.013089856296219567,0.1287146864665586,0.11562483017033903,STOP_REJECT,ci_upper_below_break_even,1.5651701311493752e-09,0.01,0.20800000000000002,False,False,counterfactual_after_stop,0.8302057709603606,0.002873107623609136,0.028073546034397902,0.12431149792551204,0.0002570027171100751
NFP_201111_REL_20111202,2011-12-02,1,0.44543551766507966,63.5128838585354,0.44030027796016385,0.2651526969617768,0.6284878603121044,0.36333516335032756,STOP_ABSTAIN,wide_ci_and_review_evsi_below_cost,1.942890293094024e-15,0.01,0.20800000000000002,True,True,executed,0.8050673143066633,0.005151323523719846,0.06223407494817757,0.19554482193410316,0.0020630620460583135
NFP_201111_REL_20111202,2011-12-02,2,0.5287346528910162,21.06495016347412,0.2331096608509071,0.10736224640283014,0.3944597252879668,0.28709747888513665,STOP_ABSTAIN,next_review_evsi_below_cost,0.008481237572342197,0.01,0.20800000000000002,False,False,counterfactual_after_stop,0.7864019832098049,0.004324731219331724,0.04982842783906375,0.17013102271652963,0.0009172144636659392
NFP_201111_REL_20111202,2011-12-02,3,0.3777149300810653,14.861855942812628,0.08853795622366226,0.02646056328603452,0.18501167243235428,0.15855110914631976,STOP_REJECT,ci_upper_below_break_even,3.498289496502506e-06,0.01,0.20800000000000002,False,False,counterfactual_after_stop,0.8318236754769238,0.003736774710318526,0.0375320950878643,0.14631549240252245,0.0004100426215302568
NFP_201112_REL_20120106,2012-01-06,1,0.4165204321744661,63.5128838585354,0.41200298226170995,0.2495213292793257,0.5867564643458428,0.33723513506651714,STOP_ABSTAIN,wide_ci_and_review_evsi_below_cost,5.551115123125783e-17,0.01,0.20800000000000002,True,True,executed,0.7024169933271284,0.005519454413685744,0.08142828718453565,0.22070471122676674,0.001970410834348271
NFP_201112_REL_20120106,2012-01-06,2,0.5245320935789379,21.06495016347412,0.21636213918104466,0.102969215667498,0.357592870197875,0.254623654530377,CONTINUE,next_review_evsi_exceeds_cost,0.013976144199656192,0.01,0.20800000000000002,False,False,counterfactual_after_stop,0.7464814405054454,0.004833807782651856,0.06388758546641446,0.20482556849545183,0.0009367476951084394
NFP_201112_REL_20120106,2012-01-06,3,0.39037901826619326,14.861855942812628,0.08484945631492508,0.027318545420074298,0.17007477024416684,0.14275622482409253,STOP_REJECT,ci_upper_below_break_even,1.9093515710467003e-07,0.01,0.20800000000000002,False,False,counterfactual_after_stop,0.7613287118387801,0.0039596282029328665,0.04960167836967428,0.16955840889037396,0.0004285339271133805
NFP_201201_REL_20120203,2012-02-03,1,0.40977528523757273,63.5128838585354,0.4052035008714307,0.24826464641950385,0.5763051511800068,0.32804050476050295,STOP_ABSTAIN,wide_ci_and_review_evsi_below_cost,0.0,0.01,0.20800000000000002,True,True,executed,0.6956167678602098,0.0056910095430969445,0.09538480371392767,0.22657556650388708,0.0019662313010729996
NFP_201201_REL_20120203,2012-02-03,2,0.5223763134800252,21.06495016347412,0.21212172002481863,0.09918525065044204,0.3499633101436319,0.2507780594931899,CONTINUE,next_review_evsi_exceeds_cost,0.016255060567555032,0.01,0.20800000000000002,False,False,counterfactual_after_stop,0.7271489629810521,0.0047789620688486216,0.0733515116995405,0.20469080104570514,0.0009070636453019412
NFP_201201_REL_20120203,2012-02-03,3,0.3940044106703456,14.861855942812628,0.08387853724680915,0.02743416367147768,0.16863509193543147,0.14120092826395378,STOP_REJECT,ci_upper_below_break_even,1.4569898848125254e-07,0.01,0.20800000000000002,False,False,counterfactual_after_stop,0.7833439687560717,0.003960993556443047,0.05457740363506693,0.1794976765029216,0.00042421469168970954
NFP_201202_REL_20120309,2012-03-09,1,0.41524862662352724,63.5128838585354,0.4105789167234441,0.25599460185355527,0.5876057901440669,0.3316111882905116,STOP_ABSTAIN,wide_ci_and_review_evsi_below_cost,0.0,0.01,0.20800000000000002,True,True,executed,0.7235814672042894,0.005914130520347045,0.09250410572882556,0.2289912779643936,0.002096591864771343
NFP_201202_REL_20120309,2012-03-09,2,0.5234181071039838,21.06495016347412,0.2150984606050856,0.10594668137502566,0.3556716154267653,0.24972493405173962,CONTINUE,next_review_evsi_exceeds_cost,0.014198846856606445,0.01,0.20800000000000002,False,False,counterfactual_after_stop,0.7435644698227556,0.005032926903617035,0.07461498908293807,0.20627246012752617,0.0009916655266245303
NFP_201202_REL_20120309,2012-03-09,3,0.3931284994359119,14.861855942812628,0.08476259588909636,0.028199743048648203,0.16993898252665285,0.14173923947800465,STOP_REJECT,ci_upper_below_break_even,1.2294518176811943e-07,0.01,0.20800000000000002,False,False,counterfactual_after_stop,0.7952840681062451,0.004100759580375426,0.0560042309658147,0.17376131757196156,0.0004625609742418872
NFP_201204_REL_20120504,2012-05-04,1,0.2676345707727282,63.5128838585354,0.26462964900761465,0.12232925130824193,0.44353337603607407,0.3212041247278321,STOP_ABSTAIN,wide_ci_and_review_evsi_below_cost,0.0032362164703293866,0.01,0.20800000000000002,True,True,executed,0.8163614363665666,0.0042713727705427995,0.06998253857936027,0.15801387189539498,0.0009536477757501341
NFP_201204_REL_20120504,2012-05-04,2,0.4992086065827692,21.06495016347412,0.13245975723764578,0.04502309020969556,0.261029353835893,0.21600626362619743,STOP_REJECT,next_review_evsi_below_cost,0.0008768474936691937,0.01,0.20800000000000002,False,False,counterfactual_after_stop,0.7867760424708855,0.0034473701564961398,0.054776823352723346,0.14205190010697716,0.0004990237191067783
NFP_201204_REL_20120504,2012-05-04,3,0.42629655487063134,14.861855942812628,0.056689388136657685,0.012201459380537502,0.13179829826676195,0.11959683888622445,STOP_REJECT,ci_upper_below_break_even,3.581170841618831e-08,0.01,0.20800000000000002,False,False,counterfactual_after_stop,0.7690585108309506,0.002640099810909461,0.041686879844411315,0.118114655637613,0.000261559804009499
NFP_201205_REL_20120601,2012-06-01,1,0.2526623434467962,63.5128838585354,0.24985756172506807,0.12157478426752888,0.4169469253990791,0.29537214113155025,STOP_ABSTAIN,next_review_evsi_below_cost,0.004088817577264002,0.01,0.20800000000000002,True,True,executed,0.7264769750051011,0.004393282421536835,0.08621349610035853,0.17560646135339011,0.0009996074109092782
NFP_201205_REL_20120601,2012-06-01,2,0.49717928545407625,21.06495016347412,0.12445566200572876,0.04518034778812892,0.24088018764838381,0.1956998398602549,STOP_REJECT,next_review_evsi_below_cost,0.00019302479529033643,0.01,0.20800000000000002,False,False,counterfactual_after_stop,0.7635726114440012,0.0036148683488641032,0.06527718415239549,0.1522977186668972,0.0005247721046227819
NFP_201205_REL_20120601,2012-06-01,3,0.42618670605424847,14.861855942812628,0.053266634679920974,0.012734213442504937,0.12287646452298238,0.11014225108047745,STOP_REJECT,ci_upper_below_break_even,1.785379827428241e-10,0.01,0.20800000000000002,False,False,counterfactual_after_stop,0.8555444332544944,0.0030868894794417465,0.051253013932567884,0.1338099185878158,0.0002916679514488473
NFP_201206_REL_20120706,2012-07-06,1,0.2576750861519772,63.5128838585354,0.2547502574809133,0.12430937365498022,0.42270987273037347,0.29840049907539323,STOP_ABSTAIN,next_review_evsi_below_cost,0.0036537776773211614,0.01,0.20800000000000002,True,True,executed,0.7618323286281544,0.004395694823308152,0.09238423652958429,0.1730154514956291,0.000989528464773107
NFP_201206_REL_20120706,2012-07-06,2,0.4982882941814779,21.06495016347412,0.12719000301704486,0.045653928716226505,0.252716283642373,0.20706235492614647,STOP_REJECT,next_review_evsi_below_cost,0.0004213744409624051,0.01,0.20800000000000002,False,False,counterfactual_after_stop,0.7753435089795434,0.003564342328680304,0.06839666419310798,0.1501142194846096,0.0005071199620688237
NFP_201206_REL_20120706,2012-07-06,3,0.43176980460614156,14.861855942812628,0.05502425262504856,0.013223357691745034,0.12705576063751825,0.11383240294577321,STOP_REJECT,ci_upper_below_break_even,9.212824450632031e-10,0.01,0.20800000000000002,False,False,counterfactual_after_stop,0.8301975055288637,0.002940850104273611,0.05322583475981385,0.13045006419735744,0.00028319809842957723
NFP_201207_REL_20120803,2012-08-03,1,0.4409046137848508,63.5128838585354,0.4360056979731666,0.262168148873979,0.621222882705073,0.359054733831094,STOP_ABSTAIN,wide_ci_and_review_evsi_below_cost,2.0539125955565396e-15,0.01,0.20800000000000002,True,True,executed,0.7448398797601791,0.004878115106578421,0.10509711400378176,0.18982668320421836,0.0020791333477786678
NFP_201207_REL_20120803,2012-08-03,2,0.5258736161622376,21.06495016347412,0.22967996441854333,0.10401978740700613,0.3841270971400977,0.28010730973309156,STOP_ABSTAIN,next_review_evsi_below_cost,0.00973243424056161,0.01,0.20800000000000002,False,False,counterfactual_after_stop,0.7813584478777597,0.004297510084574581,0.07992419286628215,0.1755297735978447,0.0009324341532815485
NFP_201207_REL_20120803,2012-08-03,3,0.38013208512317503,14.861855942812628,0.08696330375886394,0.027346268098745023,0.17580601742092036,0.14845974932217534,STOP_REJECT,ci_upper_below_break_even,9.620571451847565e-07,0.01,0.20800000000000002,False,False,counterfactual_after_stop,0.8745252329402197,0.003992782646507683,0.06747121846923865,0.1550770095940686,0.00044284576492419227
NFP_201208_REL_20120907,2012-09-07,1,0.2638569513702581,63.5128838585354,0.26094928754892255,0.12440471733372814,0.441109580555039,0.31670486322131086,STOP_ABSTAIN,wide_ci_and_review_evsi_below_cost,0.003586243883353324,0.01,0.20800000000000002,True,True,executed,0.7613689865921145,0.0039945406122838065,0.09067596392528529,0.1697933975044555,0.0008690004862596214
NFP_201208_REL_20120907,2012-09-07,2,0.5007772537944484,21.06495016347412,0.1308950605098443,0.045947709528263804,0.25937626529888924,0.21342855577062544,STOP_REJECT,next_review_evsi_below_cost,0.0006598939920114631,0.01,0.20800000000000002,False,False,counterfactual_after_stop,0.8102899649337444,0.0034092293993256578,0.06957108978305734,0.1523133257554111,0.0004697807485649421
NFP_201208_REL_20120907,2012-09-07,3,0.4261127658260642,14.861855942812628,0.05604727160143491,0.012763436443692523,0.13095550627414876,0.11819206983045624,STOP_REJECT,ci_upper_below_break_even,1.9802741251712867e-09,0.01,0.20800000000000002,False,False,counterfactual_after_stop,0.8104708674152684,0.0027841010440413476,0.05491980784511546,0.13239263259228704,0.0002534681895653891
NFP_201209_REL_20121005,2012-10-05,1,0.27049647485773154,63.5128838585354,0.26744496655290323,0.12649275783049965,0.44852028943274724,0.3220275316022476,STOP_ABSTAIN,wide_ci_and_review_evsi_below_cost,0.0029599946354393197,0.01,0.20800000000000002,True,True,executed,0.7778149306927196,0.003989725171331686,0.0903731460506826,0.15643333044598828,0.0009012659042707268
NFP_201209_REL_20121005,2012-10-05,2,0.502263303669318,21.06495016347412,0.13490396931989881,0.04514638528502438,0.2663079117428358,0.22116152645781142,STOP_REJECT,next_review_evsi_below_cost,0.0011370693351107491,0.01,0.20800000000000002,False,False,counterfactual_after_stop,0.7990194091294396,0.0031955169139271508,0.06905973990826865,0.1344149937187242,0.00046226560708531817
NFP_201209_REL_20121005,2012-10-05,3,0.41760378710838436,14.861855942812628,0.05634737268888792,0.01245543029173547,0.1330716297265325,0.12061619943479703,STOP_REJECT,ci_upper_below_break_even,2.1225847185332928e-08,0.01,0.20800000000000002,False,False,counterfactual_after_stop,0.7842925675111332,0.002687180567374552,0.05231092054095373,0.11517455730662363,0.0002509236031136981
NFP_201210_REL_20121102,2012-11-02,1,0.43525074132043606,63.5128838585354,0.43035762921640675,0.25488830119171685,0.6238747874404709,0.368986486248754,STOP_ABSTAIN,wide_ci_and_review_evsi_below_cost,3.608224830031759e-15,0.01,0.20800000000000002,True,True,executed,0.6945270977540067,0.004972614796101487,0.11749648030966425,0.18191501007495936,0.0019066036784238293
NFP_201210_REL_20121102,2012-11-02,2,0.5270025011525541,21.06495016347412,0.227213127979458,0.10145613262167817,0.3838551890844554,0.2823990564627772,STOP_ABSTAIN,next_review_evsi_below_cost,0.010922652209972405,0.01,0.20800000000000002,False,False,counterfactual_after_stop,0.723625473337783,0.004590371086611023,0.0948752136561695,0.17405516779024244,0.000907914532501263
NFP_201210_REL_20121102,2012-11-02,3,0.380021829275511,14.861855942812628,0.0864365295557174,0.027396264480636916,0.1792791312940186,0.15188286681338167,STOP_REJECT,ci_upper_below_break_even,1.6173837011387377e-06,0.01,0.20800000000000002,False,False,counterfactual_after_stop,0.8067220840417562,0.0037874660892008205,0.07476022054457128,0.15691265282263117,0.00041886790114187413
NFP_201211_REL_20121207,2012-12-07,1,0.44645546878750314,63.5128838585354,0.4415609672859564,0.2586743592979872,0.6357690961459616,0.37709473684797434,STOP_ABSTAIN,wide_ci_and_review_evsi_below_cost,4.996003610813204e-16,0.01,0.20800000000000002,True,True,executed,0.7387453404454609,0.004688392473007446,0.11726070077312711,0.17727307158809322,0.0017996769542511434
NFP_201211_REL_20121207,2012-12-07,2,0.5333230367528273,21.06495016347412,0.2360275892081168,0.10463577034219682,0.39324204071329544,0.28860627037109865,STOP_ABSTAIN,next_review_evsi_below_cost,0.007404137845721574,0.01,0.20800000000000002,False,False,counterfactual_after_stop,0.7773035313233176,0.004187122831695968,0.09376905902125507,0.1658293197771709,0.0008619006367973391
NFP_201211_REL_20121207,2012-12-07,3,0.37585846881239915,14.861855942812628,0.0890197644514353,0.025930766577785817,0.186033492902973,0.16010272632518718,STOP_REJECT,ci_upper_below_break_even,4.829724450692255e-06,0.01,0.20800000000000002,False,False,counterfactual_after_stop,0.7719105548583085,0.003597863535591154,0.07242364120232933,0.13784566123709516,0.0003742313157743911
NFP_201212_REL_20130104,2013-01-04,1,0.4461657261470315,63.5128838585354,0.4410642303087362,0.26391100385559674,0.6345155125311137,0.370604508675517,STOP_ABSTAIN,wide_ci_and_review_evsi_below_cost,0.0,0.01,0.20800000000000002,True,True,executed,0.7472048086190876,0.004736559608163247,0.1278982068404378,0.18073269456600866,0.001941026381848922
NFP_201212_REL_20130104,2013-01-04,2,0.5308802557324027,21.06495016347412,0.23468937218019914,0.10614036946501954,0.39686699611227416,0.2907266266472546,STOP_ABSTAIN,next_review_evsi_below_cost,0.008561576219418533,0.01,0.20800000000000002,False,False,counterfactual_after_stop,0.7756663045693108,0.004133057012084733,0.09736538044969205,0.1666161275393704,0.0008808376938626888
NFP_201212_REL_20130104,2013-01-04,3,0.3742642662883108,14.861855942812628,0.08808498382804018,0.026763073783767705,0.18762546595365634,0.16086239216988862,STOP_REJECT,ci_upper_below_break_even,4.8994118360366285e-06,0.01,0.20800000000000002,False,False,counterfactual_after_stop,0.7781819045504474,0.0035773568649622423,0.0749538485992667,0.13910024375327482,0.00038695652117636957
NFP_201301_REL_20130201,2013-02-01,1,0.4454512339877227,63.5128838585354,0.4405938162225957,0.2560326930708723,0.6314929019475182,0.3754602088766459,STOP_ABSTAIN,wide_ci_and_review_evsi_below_cost,0.0,0.01,0.20800000000000002,True,True,executed,0.7485138580482612,0.0048161375880180065,0.12981079472105486,0.18067325812898777,0.0018180993278143654
NFP_201301_REL_20130201,2013-02-01,2,0.5264655511603069,21.06495016347412,0.23213927478786114,0.10434846370045489,0.3964764900429754,0.29212802634252055,STOP_ABSTAIN,next_review_evsi_below_cost,0.009571247696090468,0.01,0.20800000000000002,False,False,counterfactual_after_stop,0.7809767653919613,0.00404837157492543,0.10322789856407377,0.1680292309363797,0.0008315525434199789
NFP_201301_REL_20130201,2013-02-01,3,0.3833035840814365,14.861855942812628,0.08924944874383932,0.027028570890448005,0.18787007905930597,0.16084150816885798,STOP_REJECT,ci_upper_below_break_even,4.750116313506179e-06,0.01,0.20800000000000002,False,False,counterfactual_after_stop,0.8140851256330979,0.003429157361166558,0.08069028064272533,0.14701583732359977,0.0003781104130521158
NFP_201302_REL_20130308,2013-03-08,1,0.4183894501515406,63.5128838585354,0.41377459692906937,0.24884297536026934,0.5914938428758078,0.3426508675155384,STOP_ABSTAIN,wide_ci_and_review_evsi_below_cost,2.7755575615628914e-15,0.01,0.20800000000000002,True,True,executed,0.6761210687508585,0.005368923459617801,0.1658248614290371,0.2111625411942533,0.00199285212612792
NFP_201302_REL_20130308,2013-03-08,2,0.5245698544704385,21.06495016347412,0.21748159916694387,0.10119753510107711,0.3624929775784849,0.2612954424774078,CONTINUE,next_review_evsi_exceeds_cost,0.013941119961013092,0.01,0.20800000000000002,False,False,counterfactual_after_stop,0.7070634311001088,0.004847477567366292,0.13077864340005152,0.19063993582870403,0.0009499517616784546
NFP_201302_REL_20130308,2013-03-08,3,0.3914898148993083,14.861855942812628,0.08539396128037141,0.026347031395309597,0.16951305190401292,0.1431660205087033,STOP_REJECT,ci_upper_below_break_even,2.9012340898608424e-07,0.01,0.20800000000000002,False,False,counterfactual_after_stop,0.7091188984581352,0.003831843595414525,0.09549234592390914,0.16202552909851092,0.0004300634796722733
NFP_201303_REL_20130405,2013-04-05,1,0.2543844095710033,63.5128838585354,0.2515139811424044,0.12229756150552634,0.4161157872325593,0.293818225727033,STOP_ABSTAIN,next_review_evsi_below_cost,0.004189996386225275,0.01,0.20800000000000002,True,True,executed,0.7150811267305525,0.004261752517918769,0.12887154839579582,0.1623497906465583,0.0009702129175250978
NFP_201303_REL_20130405,2013-04-05,2,0.49852559047949174,21.06495016347412,0.12567629528544608,0.04331495068600289,0.24448166063121793,0.20116670994521504,STOP_REJECT,next_review_evsi_below_cost,0.00030914260980474667,0.01,0.20800000000000002,False,False,counterfactual_after_stop,0.7730789954133999,0.0035961845986290136,0.09859794192375904,0.14699993499601643,0.0005118763610096364
NFP_201303_REL_20130405,2013-04-05,3,0.42537708803307844,14.861855942812628,0.05342496268733021,0.01250534584065988,0.12459459896257045,0.11208925312191058,STOP_REJECT,ci_upper_below_break_even,4.71462012844201e-10,0.01,0.20800000000000002,False,False,counterfactual_after_stop,0.8525174117180631,0.0030188273699815926,0.07688478626546948,0.12603756183146606,0.0002819381704575852
NFP_201304_REL_20130503,2013-05-03,1,0.4420005123343989,63.5128838585354,0.4371395851841955,0.2574195340401383,0.6274092875532152,0.36998975351307695,STOP_ABSTAIN,wide_ci_and_review_evsi_below_cost,0.0,0.01,0.20800000000000002,True,True,executed,0.7321072717254087,0.004694601655888911,0.1458003304084344,0.18919908550685727,0.0017181627344803783
NFP_201304_REL_20130503,2013-05-03,2,0.526552836022767,21.06495016347412,0.23108576747848947,0.10322573579857236,0.3936988136331444,0.29047307783457205,STOP_ABSTAIN,next_review_evsi_below_cost,0.010363643284013263,0.01,0.20800000000000002,False,False,counterfactual_after_stop,0.737183540834804,0.003980433684544102,0.10735172537332752,0.16464635126766666,0.000769825347366061
NFP_201304_REL_20130503,2013-05-03,3,0.37965912754624176,14.861855942812628,0.08784320343858722,0.02545410731201967,0.18511446671177423,0.15966035939975456,STOP_REJECT,ci_upper_below_break_even,3.4756747662372e-06,0.01,0.20800000000000002,False,False,counterfactual_after_stop,0.7683691935469512,0.003492227227885572,0.0878409954812858,0.14591943468726545,0.00035939591894626266
NFP_201305_REL_20130607,2013-06-07,1,0.4460979446921349,63.5128838585354,0.4412446006107332,0.2566322840279347,0.6409594663190753,0.3843271822911406,STOP_ABSTAIN,wide_ci_and_review_evsi_below_cost,2.7200464103316335e-15,0.01,0.20800000000000002,True,True,executed,0.7066185671334398,0.0044678919483415735,0.1426340719617465,0.16941460708767148,0.0016548550162236082
NFP_201305_REL_20130607,2013-06-07,2,0.5294729461864962,21.06495016347412,0.23366630439097652,0.10413963495033321,0.3938086331625548,0.2896689982122216,STOP_ABSTAIN,next_review_evsi_below_cost,0.008861545817507505,0.01,0.20800000000000002,False,False,counterfactual_after_stop,0.7550633775765174,0.004029088689025993,0.1145346059756009,0.16527132176156217,0.000792511161782021
NFP_201305_REL_20130607,2013-06-07,3,0.37768710453594806,14.861855942812628,0.08832283844068746,0.02502553803207164,0.18634237948606683,0.1613168414539952,STOP_REJECT,ci_upper_below_break_even,4.234191633382811e-06,0.01,0.20800000000000002,False,False,counterfactual_after_stop,0.7838926132069026,0.003281029987926128,0.09112929115977433,0.14024812841616166,0.00035546600086324624
NFP_201306_REL_20130705,2013-07-05,1,0.44041008998589865,63.5128838585354,0.4354895233841415,0.2540432799938424,0.6241669534642262,0.37012367347038383,STOP_ABSTAIN,wide_ci_and_review_evsi_below_cost,1.6653345369377348e-16,0.01,0.20800000000000002,True,True,executed,0.6921870219640868,0.004655417567256251,0.15264599943347648,0.18447624229627996,0.0018354246004550997
NFP_201306_REL_20130705,2013-07-05,2,0.5262617717848659,21.06495016347412,0.22959146471009637,0.10181983617965894,0.3848150630623474,0.28299522688268847,STOP_ABSTAIN,next_review_evsi_below_cost,0.010510062809791484,0.01,0.20800000000000002,False,False,counterfactual_after_stop,0.721968279466769,0.00419088967489738,0.11954282464824349,0.16884595202289812,0.0008434502661290058
NFP_201306_REL_20130705,2013-07-05,3,0.37927763061892716,14.861855942812628,0.08741877203400741,0.02605925320343498,0.1805567630703933,0.15449750986695832,STOP_REJECT,ci_upper_below_break_even,3.6090567992812166e-06,0.01,0.20800000000000002,False,False,counterfactual_after_stop,0.7892534918381757,0.0036174419748708007,0.09339283513482106,0.14539828991831924,0.00038014488841257496
NFP_201307_REL_20130802,2013-08-02,1,0.4566448208554551,63.5128838585354,0.4514865907763064,0.2619690195998853,0.6527490969252694,0.3907800773253841,STOP_ABSTAIN,wide_ci_and_review_evsi_below_cost,0.0,0.01,0.20800000000000002,True,True,executed,0.778855772910067,0.004425903734678585,0.14445969816103826,0.16597142784013666,0.0018002893858871983
NFP_201307_REL_20130802,2013-08-02,2,0.527014687808528,21.06495016347412,0.23809856476779645,0.10309066780518526,0.40818866437350665,0.3050979965683214,STOP_ABSTAIN,wide_ci_and_review_evsi_below_cost,0.008274286663481852,0.01,0.20800000000000002,False,False,counterfactual_after_stop,0.844418621276367,0.003909499753726968,0.11483616673143872,0.1475352984894571,0.0008026153538365587
NFP_201307_REL_20130802,2013-08-02,3,0.37323475426160196,14.861855942812628,0.08889277955748585,0.025302757596316255,0.1875755596649494,0.16227280206863315,STOP_REJECT,ci_upper_below_break_even,6.692721622892733e-06,0.01,0.20800000000000002,False,False,counterfactual_after_stop,0.904703764511105,0.0034076657091771747,0.09328606763301973,0.1296992489747983,0.0003594903518623793
NFP_201308_REL_20130906,2013-09-06,1,0.4520769954391478,63.5128838585354,0.44694541164710416,0.2560977132992677,0.6462212082952237,0.39012349499595594,STOP_ABSTAIN,wide_ci_and_review_evsi_below_cost,1.1102230246251565e-15,0.01,0.20800000000000002,True,True,executed,0.7837959894568126,0.004265332368780118,0.14580199080570372,0.1653753902239189,0.0018240717014630038
NFP_201308_REL_20130906,2013-09-06,2,0.5290719672850356,21.06495016347412,0.23673538298941071,0.10178385831189608,0.4061762279534569,0.30439236964156086,STOP_ABSTAIN,wide_ci_and_review_evsi_below_cost,0.009083690390953886,0.01,0.20800000000000002,False,False,counterfactual_after_stop,0.7890076349869737,0.0038463593294679106,0.11689644812026725,0.1527292698452057,0.0008390234019505636
NFP_201308_REL_20130906,2013-09-06,3,0.37522254393795834,14.861855942812628,0.08917005446350863,0.02484046062306778,0.1920039182995728,0.16716345767650503,STOP_REJECT,ci_upper_below_break_even,1.2125258046493561e-05,0.01,0.20800000000000002,False,False,counterfactual_after_stop,0.7793114125537557,0.0031767413121691753,0.09073444365935925,0.1272915447973804,0.0003635306286115184
NFP_201309_REL_20131022,2013-10-22,1,0.2665797518495189,63.5128838585354,0.26359708237866936,0.1219497222521062,0.4475472170978962,0.32559749484579,STOP_ABSTAIN,wide_ci_and_review_evsi_below_cost,0.003810490721457352,0.01,0.20800000000000002,True,True,executed,0.7374837722557687,0.004008235893486386,0.13620376952919902,0.15451051575565722,0.0008800456956758222
NFP_201309_REL_20131022,2013-10-22,2,0.4987794317343005,21.06495016347412,0.13169311940606485,0.0449459753585492,0.26195633731211115,0.21701036195356194,STOP_REJECT,next_review_evsi_below_cost,0.0009984161580417897,0.01,0.20800000000000002,False,False,counterfactual_after_stop,0.7686238623740128,0.0032008396850056776,0.10487242152666479,0.13577604878643176,0.00045862178911146393
NFP_201309_REL_20131022,2013-10-22,3,0.4275923908891163,14.861855942812628,0.056077673845039956,0.012587384679633608,0.13228666922126808,0.11969928454163448,STOP_REJECT,ci_upper_below_break_even,2.345058722254234e-09,0.01,0.20800000000000002,False,False,counterfactual_after_stop,0.8426224363815771,0.002968146144004853,0.08600722931160656,0.12377126738273764,0.000267674667182528
NFP_201310_REL_20131108,2013-11-08,1,0.4390927110659087,63.5128838585354,0.4341336829668948,0.25771274265770006,0.6268644483327922,0.36915170567509215,STOP_ABSTAIN,wide_ci_and_review_evsi_below_cost,0.0,0.01,0.20800000000000002,True,True,executed,0.7130024415185467,0.004832640005541594,0.17220874382597967,0.18489140953188474,0.0018012988032969383
NFP_201310_REL_20131108,2013-11-08,2,0.5248539009773739,21.06495016347412,0.2281325299478923,0.10425195364993854,0.3841849737510601,0.27993302010112153,STOP_ABSTAIN,next_review_evsi_below_cost,0.01098920805796716,0.01,0.20800000000000002,False,False,counterfactual_after_stop,0.7932169608288138,0.004220876423272766,0.1368718444506793,0.17160369762224748,0.0008480654245406035
NFP_201310_REL_20131108,2013-11-08,3,0.3832631712290393,14.861855942812628,0.08754451336797445,0.02690596431905676,0.1827543493432511,0.15584838502419435,STOP_REJECT,ci_upper_below_break_even,2.6196774553341885e-06,0.01,0.20800000000000002,False,False,counterfactual_after_stop,0.840799121960608,0.003705609381999887,0.10819364506768257,0.14991981058330406,0.00039443566944250165
NFP_201311_REL_20131206,2013-12-06,1,0.44019333905450664,63.5128838585354,0.4352580968767555,0.25632854524948184,0.629420429402298,0.3730918841528162,STOP_ABSTAIN,wide_ci_and_review_evsi_below_cost,2.220446049250313e-16,0.01,0.20800000000000002,True,True,executed,0.7199152726342755,0.004670607884387393,0.17137590380694395,0.1886988349506065,0.0018487159112306113
NFP_201311_REL_20131206,2013-12-06,2,0.525879927951597,21.06495016347412,0.22904118526385284,0.10331650646202171,0.38824199348306726,0.28492548702104553,STOP_ABSTAIN,next_review_evsi_below_cost,0.010721274390689546,0.01,0.20800000000000002,False,False,counterfactual_after_stop,0.755091415363797,0.0042247899007559625,0.1386252746719481,0.1698922024468729,0.0008646955699317459
NFP_201311_REL_20131206,2013-12-06,3,0.3830981555183614,14.861855942812628,0.0876706162102019,0.026444358289864897,0.18377037488583745,0.15732601659597256,STOP_REJECT,ci_upper_below_break_even,4.150363255397938e-06,0.01,0.20800000000000002,False,False,counterfactual_after_stop,0.7505610081988952,0.0036104490203950554,0.11156666877752132,0.14585369284588676,0.0003855030847833999
NFP_201312_REL_20140110,2014-01-10,1,0.24146584103503152,63.5128838585354,0.2386331309184189,0.11542451792964625,0.4011452502288949,0.28572073229924866,STOP_ABSTAIN,next_review_evsi_below_cost,0.005819326757682458,0.01,0.20800000000000002,True,True,executed,0.6579481232644935,0.004477515031770551,0.1851927386118472,0.17665931711446173,0.0010245126009194687
NFP_201312_REL_20140110,2014-01-10,2,0.49128520193576025,21.06495016347412,0.11772841114241371,0.0401781550615661,0.2280936961982111,0.187915541136645,STOP_REJECT,next_review_evsi_below_cost,0.00011884148129066823,0.01,0.20800000000000002,False,False,counterfactual_after_stop,0.7180118674590765,0.0036491340561569815,0.13993724349813616,0.15212853929007625,0.0005362677794423422
NFP_201312_REL_20140110,2014-01-10,3,0.43836380797876034,14.861855942812628,0.05207482311906728,0.012036974598651617,0.12386379525462039,0.11182682065596877,STOP_REJECT,ci_upper_below_break_even,4.452046543250994e-10,0.01,0.20800000000000002,False,False,counterfactual_after_stop,0.7126936306894502,0.002919092325772996,0.10417640747543591,0.1225380095292502,0.00028864763154957804
NFP_201401_REL_20140207,2014-02-07,1,0.2512340035536442,63.5128838585354,0.24845824329367996,0.11960613627607963,0.41445109572523,0.29484495944915035,STOP_ABSTAIN,next_review_evsi_below_cost,0.005159938380701008,0.01,0.20800000000000002,True,True,executed,0.6686327315619528,0.004103252616843642,0.1650333924716616,0.15904032505551924,0.0008510681692385631
NFP_201401_REL_20140207,2014-02-07,2,0.490285716806659,21.06495016347412,0.12239413779545893,0.041370576430728036,0.2417719500157297,0.20040137358500168,STOP_REJECT,next_review_evsi_below_cost,0.00033286723718572493,0.01,0.20800000000000002,False,False,counterfactual_after_stop,0.6939521480394365,0.0034586394668754375,0.12314767859835572,0.13722149659512986,0.00044022972613282573
NFP_201401_REL_20140207,2014-02-07,3,0.4312794451262714,14.861855942812628,0.05309880991963004,0.01160037996558322,0.12668545151511906,0.11508507154953584,STOP_REJECT,ci_upper_below_break_even,1.1119757590050424e-09,0.01,0.20800000000000002,False,False,counterfactual_after_stop,0.7131788921341906,0.002858846794309691,0.09686171697251,0.11815613301994432,0.00024561397591927984
NFP_201402_REL_20140307,2014-03-07,1,0.4490132803718573,63.5128838585354,0.4439723519685294,0.24679784566639387,0.6497973479300506,0.4029995022636568,STOP_ABSTAIN,wide_ci_and_review_evsi_below_cost,2.1649348980190553e-15,0.01,0.20800000000000002,True,True,executed,0.7065355274703352,0.00417389971365473,0.15727208388665603,0.1604381610131244,0.0017350978766380286
NFP_201402_REL_20140307,2014-03-07,2,0.5297915998194124,21.06495016347412,0.23577577660480117,0.09881534793422068,0.40954406423537665,0.31072871630115595,STOP_ABSTAIN,wide_ci_and_review_evsi_below_cost,0.010527104034268375,0.01,0.20800000000000002,False,False,counterfactual_after_stop,0.7482137876019732,0.0036568989585876836,0.12796379081522583,0.14687766383707518,0.0007955768134651346
NFP_201402_REL_20140307,2014-03-07,3,0.3789245580336013,14.861855942812628,0.08978666349522971,0.02497184121833576,0.1950959551772952,0.17012411395895943,STOP_REJECT,ci_upper_below_break_even,2.3621080843660515e-05,0.01,0.20800000000000002,False,False,counterfactual_after_stop,0.7698033480384872,0.0030280359006454407,0.10054379901701692,0.12478779096488293,0.00035242795305076086
NFP_201403_REL_20140404,2014-04-04,1,0.4444696006766211,63.5128838585354,0.4395156979855532,0.25639607465900344,0.6343602099348477,0.3779641352758442,STOP_ABSTAIN,wide_ci_and_review_evsi_below_cost,1.7763568394002505e-15,0.01,0.20800000000000002,True,True,executed,0.7008354323698341,0.004576729106123474,0.183151932973163,0.17850681938182666,0.001815314660847978
NFP_201403_REL_20140404,2014-04-04,2,0.522587834433189,21.06495016347412,0.23021225704582582,0.10348795431080983,0.3932067898799954,0.2897188355691856,STOP_ABSTAIN,next_review_evsi_below_cost,0.010541398933681445,0.01,0.20800000000000002,False,False,counterfactual_after_stop,0.7338712450803584,0.004140456774367989,0.15078245120972628,0.1666979676858467,0.0008333647177879167
NFP_201403_REL_20140404,2014-04-04,3,0.38263476816212216,14.861855942812628,0.08825779289192327,0.026835578824295377,0.1831419069536248,0.15630632812932943,STOP_REJECT,ci_upper_below_break_even,4.038550574053147e-06,0.01,0.20800000000000002,False,False,counterfactual_after_stop,0.7521997743904699,0.0036118350612916223,0.12076629381743476,0.1415840570626262,0.00038290650003731805
NFP_201404_REL_20140502,2014-05-02,1,0.4024067396130656,63.5128838585354,0.39791626572282884,0.2331203314900826,0.5831778113402434,0.3500574798501608,STOP_ABSTAIN,wide_ci_and_review_evsi_below_cost,0.0,0.01,0.20800000000000002,True,True,executed,0.5699322001787592,0.004939657727162221,0.24007995767627166,0.1941797468552632,0.0017945454299239075
NFP_201404_REL_20140502,2014-05-02,2,0.5174866448974473,21.06495016347412,0.20599880819178235,0.09249480623267106,0.34944148091431537,0.25694667468164434,CONTINUE,next_review_evsi_exceeds_cost,0.018454897436014917,0.01,0.20800000000000002,False,False,counterfactual_after_stop,0.6480447593121963,0.004522548459681075,0.20105112911107773,0.18933967573859165,0.0008944520587695369
NFP_201404_REL_20140502,2014-05-02,3,0.4070418064025896,14.861855942812628,0.08409970357071872,0.026292736191364855,0.17415058293420077,0.14785784674283592,STOP_REJECT,ci_upper_below_break_even,2.3493282043192593e-07,0.01,0.20800000000000002,False,False,counterfactual_after_stop,0.6933781503609991,0.0037739953638680234,0.15563436871300548,0.1622992107877083,0.00043946859159018845
NFP_201405_REL_20140606,2014-06-06,1,0.43165821637773083,63.5128838585354,0.42689827084953075,0.2498501716127997,0.6196905495982384,0.36984037798543873,STOP_ABSTAIN,wide_ci_and_review_evsi_below_cost,0.0,0.01,0.20800000000000002,True,True,executed,0.6509009616415735,0.00470385352312301,0.21199587738759712,0.18471968182885248,0.0017636504605336785
NFP_201405_REL_20140606,2014-06-06,2,0.5244208224939371,21.06495016347412,0.22377383931820766,0.10175126098904909,0.37876852447847464,0.27701726348942557,CONTINUE,next_review_evsi_exceeds_cost,0.012562086464218712,0.01,0.20800000000000002,False,False,counterfactual_after_stop,0.7061040307909011,0.00417201763582777,0.17962396169726677,0.17930474862925647,0.0008465208245732778
NFP_201405_REL_20140606,2014-06-06,3,0.38558058832269504,14.861855942812628,0.08655480480833823,0.026673216233106697,0.17863684479469585,0.15196362856158915,STOP_REJECT,ci_upper_below_break_even,1.888896037991049e-06,0.01,0.20800000000000002,False,False,counterfactual_after_stop,0.7121455366665048,0.0036576752093708757,0.13782312941163752,0.15480851667443482,0.00039230230858480856
NFP_201406_REL_20140703,2014-07-03,1,0.3993106891224479,63.5128838585354,0.3947178532857734,0.23323694059624198,0.5734927918701196,0.3402558512738776,STOP_ABSTAIN,wide_ci_and_review_evsi_below_cost,1.3877787807814457e-15,0.01,0.20800000000000002,True,True,executed,0.6205945044252684,0.0052449312519584354,0.26453091969443104,0.2032033517899256,0.0017671209653533193
NFP_201406_REL_20140703,2014-07-03,2,0.519548682169303,21.06495016347412,0.20512020856654528,0.09426032739514877,0.3446962203387105,0.2504358929435617,CONTINUE,next_review_evsi_exceeds_cost,0.017484361731543843,0.01,0.20800000000000002,False,False,counterfactual_after_stop,0.6828553720523874,0.004778033633373758,0.21639916439680992,0.1900723604338003,0.0008749708893733215
NFP_201406_REL_20140703,2014-07-03,3,0.4043836677304714,14.861855942812628,0.08288516850398148,0.02563649678404884,0.166017251420821,0.14038075463677216,STOP_REJECT,ci_upper_below_break_even,1.8251121637756372e-07,0.01,0.20800000000000002,False,False,counterfactual_after_stop,0.7105712392385641,0.003915864105142576,0.1733339990448471,0.16905578151824105,0.0004225709177270557
NFP_201407_REL_20140801,2014-08-01,1,0.4378154016498387,63.5128838585354,0.4328225101273474,0.24590190767239367,0.630610448058729,0.38470854038633534,STOP_ABSTAIN,wide_ci_and_review_evsi_below_cost,3.164135620181696e-15,0.01,0.20800000000000002,True,True,executed,0.6745285482756098,0.004241785623916603,0.20652524753985974,0.17202031698956077,0.0017527030025892621
NFP_201407_REL_20140801,2014-08-01,2,0.5275450639017223,21.06495016347412,0.228748737465246,0.09987970797798836,0.3919835733769196,0.29210386539893124,CONTINUE,next_review_evsi_exceeds_cost,0.012058018855707321,0.01,0.20800000000000002,False,False,counterfactual_after_stop,0.721195615621477,0.0038455774289922148,0.16144968344592608,0.1613235989984744,0.0008357323909632696
NFP_201407_REL_20140801,2014-08-01,3,0.3829596371608708,14.861855942812628,0.08742173069878023,0.025821812493366902,0.18275025776211226,0.15692844526874536,STOP_REJECT,ci_upper_below_break_even,3.468807153456907e-06,0.01,0.20800000000000002,False,False,counterfactual_after_stop,0.801091797745925,0.0036367600864864722,0.13257539035451493,0.1482423847610646,0.0004024383604594338
NFP_201408_REL_20140905,2014-09-05,1,0.2432753088985026,63.5128838585354,0.2405824599647889,0.11237121236054207,0.3990374390618571,0.28666622670131503,STOP_ABSTAIN,next_review_evsi_below_cost,0.005612113473641746,0.01,0.20800000000000002,True,True,executed,0.6906699641080483,0.0043401238993766526,0.21717608054005932,0.17121405385735225,0.0009733034378508146
NFP_201408_REL_20140905,2014-09-05,2,0.49743492363568703,21.06495016347412,0.12041049588396856,0.040278153999131,0.23383271045519627,0.19355455645606529,STOP_REJECT,next_review_evsi_below_cost,0.00017760785070029572,0.01,0.20800000000000002,False,False,counterfactual_after_stop,0.6897262343946557,0.003445554614542037,0.16036709407787753,0.14387544502589691,0.0004963639254055326
NFP_201408_REL_20140905,2014-09-05,3,0.4416872780400063,14.861855942812628,0.052877536603329445,0.012426191918892417,0.12011548244702233,0.10768929052812992,STOP_REJECT,ci_upper_below_break_even,1.2828201430057214e-10,0.01,0.20800000000000002,False,False,counterfactual_after_stop,0.7068960518056069,0.0030208536919030544,0.1335599711118438,0.13284628357674136,0.00029414912199908494
NFP_201409_REL_20141003,2014-10-03,1,0.42963269989566866,63.5128838585354,0.42483516008575883,0.24918552912770983,0.6133130852410089,0.36412755611329906,STOP_ABSTAIN,wide_ci_and_review_evsi_below_cost,8.881784197001252e-16,0.01,0.20800000000000002,True,True,executed,0.6411506966199324,0.00478758814030074,0.24700268576430448,0.18403375744839062,0.0017631983725855816
NFP_201409_REL_20141003,2014-10-03,2,0.5256050393839216,21.06495016347412,0.22368851903367942,0.09999886790584936,0.3776573928083235,0.2776585249024741,CONTINUE,next_review_evsi_exceeds_cost,0.012905261986137874,0.01,0.20800000000000002,False,False,counterfactual_after_stop,0.6540184766894961,0.0040943476416484105,0.19220803483628332,0.17185653326614,0.0008148366201681413
NFP_201409_REL_20141003,2014-10-03,3,0.39295405677752965,14.861855942812628,0.08846211234193806,0.02615320067077985,0.1825865560272688,0.15643335535648895,STOP_REJECT,ci_upper_below_break_even,4.023143717472492e-06,0.01,0.20800000000000002,False,False,counterfactual_after_stop,0.6572222884735912,0.0034937498051993976,0.14828026354402027,0.1421802563740265,0.0003719891591858565
NFP_201410_REL_20141107,2014-11-07,1,0.4449131414350942,63.5128838585354,0.43976647572189687,0.25036501853814347,0.6475450556348464,0.39718003709670296,STOP_ABSTAIN,wide_ci_and_review_evsi_below_cost,1.3877787807814457e-15,0.01,0.20800000000000002,True,True,executed,0.7070194328370918,0.004189933156677321,0.2049516562315853,0.1646517805844228,0.001779437927312922
NFP_201410_REL_20141107,2014-11-07,2,0.5320490337348619,21.06495016347412,0.2342428974271313,0.09938361571900796,0.39989379199233793,0.30051017627333,STOP_ABSTAIN,wide_ci_and_review_evsi_below_cost,0.010218894461429075,0.01,0.20800000000000002,False,False,counterfactual_after_stop,0.7428474978828902,0.0036456356155716283,0.16269048937894415,0.15382679443207367,0.0008427663304988252
NFP_201410_REL_20141107,2014-11-07,3,0.3801611051916303,14.861855942812628,0.08878634670021013,0.02633436038737166,0.18801035047590672,0.16167599008853506,STOP_REJECT,ci_upper_below_break_even,5.7285988525989626e-06,0.01,0.20800000000000002,False,False,counterfactual_after_stop,0.8061164782371061,0.0033663801233115346,0.13596458775791417,0.14347214683216455,0.00039656080593299364
NFP_201411_REL_20141205,2014-12-05,1,0.39805751379779486,63.5128838585354,0.39371523514552037,0.22289956155735802,0.5759602331740019,0.3530606716166439,STOP_ABSTAIN,wide_ci_and_review_evsi_below_cost,0.0,0.01,0.20800000000000002,True,True,executed,0.5819761967178009,0.004819419165755824,0.2852169353921812,0.1890046376873164,0.0016328375418069203
NFP_201411_REL_20141205,2014-12-05,2,0.5201389969559261,21.06495016347412,0.20531462245097312,0.08934701919663748,0.3532890749927809,0.2639420557961434,CONTINUE,next_review_evsi_exceeds_cost,0.018826210073896753,0.01,0.20800000000000002,False,False,counterfactual_after_stop,0.6162415103375243,0.004286982255841229,0.22388327763717655,0.17871174665635947,0.0008057943042766545
NFP_201411_REL_20141205,2014-12-05,3,0.4088947066117939,14.861855942812628,0.0841681661766128,0.026351203484418065,0.17200477463848227,0.1456535711540642,STOP_REJECT,ci_upper_below_break_even,2.509062012363523e-07,0.01,0.20800000000000002,False,False,counterfactual_after_stop,0.676162695013424,0.00378674909932405,0.18973536922056583,0.1632878270696677,0.00041324107925578104
NFP_201412_REL_20150109,2015-01-09,1,0.4300480321561719,63.5128838585354,0.42525648742358063,0.24065624213682074,0.6109003442171547,0.3702441020803339,STOP_ABSTAIN,wide_ci_and_review_evsi_below_cost,0.0,0.01,0.20800000000000002,True,True,executed,0.6256526497646054,0.0045616503016681804,0.24741089924048232,0.18584554836193223,0.0018467053962378385
NFP_201412_REL_20150109,2015-01-09,2,0.5216220466941948,21.06495016347412,0.22190527626969453,0.09817854211211356,0.3724574906477341,0.2742789485356205,CONTINUE,next_review_evsi_exceeds_cost,0.013662918997664138,0.01,0.20800000000000002,False,False,counterfactual_after_stop,0.6793165501615563,0.004118457763982811,0.2022241427392053,0.17634550049566428,0.0008862168125620708
NFP_201412_REL_20150109,2015-01-09,3,0.3858065911180851,14.861855942812628,0.0859066547576956,0.025320219177230138,0.1761799545547414,0.15085973537751124,STOP_REJECT,ci_upper_below_break_even,2.2705351231806676e-06,0.01,0.20800000000000002,False,False,counterfactual_after_stop,0.723814433439512,0.003466069769863211,0.15569062932543282,0.15602645166938695,0.0004055139917297592
NFP_201501_REL_20150206,2015-02-06,1,0.4271417133580161,63.5128838585354,0.4223659422722113,0.24526209344352343,0.6165173433860859,0.3712552499425624,STOP_ABSTAIN,wide_ci_and_review_evsi_below_cost,1.3877787807814457e-15,0.01,0.20800000000000002,True,True,executed,0.6183042601249207,0.004382119617351169,0.24281624482182879,0.1791925402965648,0.0017289891387344159
NFP_201501_REL_20150206,2015-02-06,2,0.5254374366674383,21.06495016347412,0.22237060170275277,0.09818237345868007,0.38077066589634473,0.28258829243766465,CONTINUE,next_review_evsi_exceeds_cost,0.014159452790106442,0.01,0.20800000000000002,False,False,counterfactual_after_stop,0.6544572274396221,0.004010249187864592,0.19952538948761359,0.17364908526237768,0.0008242153110704276
NFP_201501_REL_20150206,2015-02-06,3,0.38587008685550184,14.861855942812628,0.08545990713761178,0.026455351622426963,0.17561820730646424,0.14916285568403728,STOP_REJECT,ci_upper_below_break_even,1.2102050119098347e-06,0.01,0.20800000000000002,False,False,counterfactual_after_stop,0.729622125473214,0.003675759574070323,0.17345703010813956,0.15979882417794403,0.00040490431990789893
NFP_201502_REL_20150306,2015-03-06,1,0.414316165766936,63.5128838585354,0.40969761190852727,0.23707314623403342,0.5954168867368644,0.358343740502831,STOP_ABSTAIN,wide_ci_and_review_evsi_below_cost,0.0,0.01,0.20800000000000002,True,True,executed,0.6130010901023404,0.004774117363984495,0.284752507436433,0.1975941638520188,0.0017803944589534642
NFP_201502_REL_20150306,2015-03-06,2,0.5236565791157991,21.06495016347412,0.21489259918312256,0.09614765063953615,0.3676160746878616,0.2714684240483255,CONTINUE,next_review_evsi_exceeds_cost,0.016647339322554966,0.01,0.20800000000000002,False,False,counterfactual_after_stop,0.645390591979543,0.004105171803631007,0.2264959204712221,0.18642833861575134,0.0008663072035916436
NFP_201502_REL_20150306,2015-03-06,3,0.3991969409913666,14.861855942812628,0.08611638810140275,0.02656846502356784,0.17697757859063318,0.15040911356706532,STOP_REJECT,ci_upper_below_break_even,1.2807654149784636e-06,0.01,0.20800000000000002,False,False,counterfactual_after_stop,0.6878261807990816,0.0035558116704939363,0.17946421681251404,0.15926955339268464,0.00041266360598408026
NFP_201504_REL_20150508,2015-05-08,1,0.25342500932980305,63.5128838585354,0.25055818277965,0.1133154315125142,0.42882568748995653,0.3155102559774423,STOP_ABSTAIN,wide_ci_and_review_evsi_below_cost,0.0056024553072286515,0.01,0.20800000000000002,True,True,executed,0.642371408934922,0.003843546668120628,0.21843720412274042,0.14682649985928,0.0008054028270064194
NFP_201504_REL_20150508,2015-05-08,2,0.49647788185699654,21.06495016347412,0.12443530839992437,0.04120343731573891,0.24451154753328544,0.20330811021754652,STOP_REJECT,next_review_evsi_below_cost,0.0003876255166113838,0.01,0.20800000000000002,False,False,counterfactual_after_stop,0.7192250924248391,0.00332080148196272,0.17864074084178663,0.1399160412672082,0.00045283089786865924
NFP_201504_REL_20150508,2015-05-08,3,0.43157293146419773,14.861855942812628,0.05391209543758554,0.012242679288712338,0.1250626865334454,0.11282000724473307,STOP_REJECT,ci_upper_below_break_even,9.686275145332673e-10,0.01,0.20800000000000002,False,False,counterfactual_after_stop,0.7552638921520021,0.0029406893345219408,0.1423071291523867,0.12285131645410799,0.0002556101722838355
NFP_201505_REL_20150605,2015-06-05,1,0.42083922202832685,63.5128838585354,0.4160631951069288,0.2391110394187556,0.6120363395929611,0.3729253001742055,STOP_ABSTAIN,wide_ci_and_review_evsi_below_cost,2.220446049250313e-16,0.01,0.20800000000000002,True,True,executed,0.5707250813450436,0.004796760537151144,0.26660228363758703,0.18182013509056957,0.0017094526511869904
NFP_201505_REL_20150605,2015-06-05,2,0.5239486439155876,21.06495016347412,0.21829917856079498,0.09407641576065265,0.37041006601592974,0.2763336502552771,CONTINUE,next_review_evsi_exceeds_cost,0.015620012309843305,0.01,0.20800000000000002,False,False,counterfactual_after_stop,0.635039001529455,0.004326067358388459,0.22036683793745834,0.167393382143373,0.0008554768804248621
NFP_201505_REL_20150605,2015-06-05,3,0.394227926723724,14.861855942812628,0.0865120380542031,0.02497443761128022,0.1804655115294899,0.15549107391820968,STOP_REJECT,ci_upper_below_break_even,2.7318837713167214e-06,0.01,0.20800000000000002,False,False,counterfactual_after_stop,0.649940376934778,0.003505052659744784,0.17823494756582134,0.14671702704925765,0.0003983682441774046
NFP_201506_REL_20150702,2015-07-02,1,0.2447346666263519,63.5128838585354,0.24201050310512337,0.11272129561006673,0.41375461835667243,0.3010333227466057,STOP_ABSTAIN,wide_ci_and_review_evsi_below_cost,0.006425433896742334,0.01,0.20800000000000002,True,True,executed,0.5746396009609089,0.004080765963863424,0.24700082587861022,0.15240696758560154,0.0008426669068576801
NFP_201506_REL_20150702,2015-07-02,2,0.49374137744761576,21.06495016347412,0.11995185129100269,0.04013366912516151,0.23712110911938045,0.19698743999421894,STOP_REJECT,next_review_evsi_below_cost,0.00023666061661759832,0.01,0.20800000000000002,False,False,counterfactual_after_stop,0.6293071978745916,0.0033728137301704693,0.1905775660977731,0.13516211384381505,0.00044867101244071744
NFP_201506_REL_20150702,2015-07-02,3,0.4441337758599256,14.861855942812628,0.053478100546267233,0.012331217913805917,0.12565549898919254,0.11332428107538663,STOP_REJECT,ci_upper_below_break_even,1.5032271255727941e-09,0.01,0.20800000000000002,False,False,counterfactual_after_stop,0.6311969974659625,0.0027314918645949915,0.14932517492001843,0.11247725898606262,0.0002497641118358777
NFP_201507_REL_20150807,2015-08-07,1,0.250514051106278,63.5128838585354,0.24763966598752718,0.11625580275266757,0.4165284030237902,0.3002726002711226,STOP_ABSTAIN,wide_ci_and_review_evsi_below_cost,0.0052254377645875455,0.01,0.20800000000000002,True,True,executed,0.6385649133599126,0.004260983661390944,0.25892664220761147,0.16517485907467733,0.0009542712181214757
NFP_201507_REL_20150807,2015-08-07,2,0.49131348736850317,21.06495016347412,0.1217769412461887,0.04120055159561184,0.2399031711424624,0.19870261954685056,STOP_REJECT,next_review_evsi_below_cost,0.00024434499273380235,0.01,0.20800000000000002,False,False,counterfactual_after_stop,0.6806352794751224,0.0034652339364881213,0.20054157805137668,0.14900055431382914,0.0005034098733682407
NFP_201507_REL_20150807,2015-08-07,3,0.43324012583462923,14.861855942812628,0.05290308782135865,0.011801134343548616,0.12428570951248874,0.11248457516894013,STOP_REJECT,ci_upper_below_break_even,4.0056833654584425e-10,0.01,0.20800000000000002,False,False,counterfactual_after_stop,0.7303400937813598,0.0029386138821482603,0.16216086746179903,0.1351027627385773,0.0002913126131737302
NFP_201508_REL_20150904,2015-09-04,1,0.22041001812711922,63.5128838585354,0.21798034643122005,0.10131488212061798,0.37558715811051924,0.2742722759899012,CONTINUE,next_review_evsi_exceeds_cost,0.01590213019740503,0.01,0.20800000000000002,True,False,executed,0.5668201711245653,0.004019689449008527,0.29717064537570964,0.16638422273258177,0.000814545734377245
NFP_201508_REL_20150904,2015-09-04,2,0.4838718823398152,21.06495016347412,0.10601205872479523,0.03378590957436043,0.21434232798469036,0.18055641841032993,STOP_REJECT,next_review_evsi_below_cost,5.378416187658429e-05,0.01,0.20800000000000002,True,True,executed,0.5850501252213162,0.0033392838212014976,0.22709049548664278,0.14316460447192428,0.0004319690670363162
NFP_201508_REL_20150904,2015-09-04,3,0.4566937735445458,14.861855942812628,0.04872940471150177,0.010495588142307437,0.11587426934678594,0.10537868120447849,STOP_REJECT,ci_upper_below_break_even,1.252169592446342e-10,0.01,0.20800000000000002,False,False,counterfactual_after_stop,0.6208102884091212,0.0026678570107047327,0.17180112600485548,0.12111848008010125,0.0002493503950652395
NFP_201509_REL_20151002,2015-10-02,1,0.20658855468943438,63.5128838585354,0.20424802693652067,0.08773119925968295,0.364140733061088,0.2764095338014051,CONTINUE,next_review_evsi_exceeds_cost,0.020814042266739653,0.01,0.20800000000000002,True,False,executed,0.5739135611535942,0.003546021905576738,0.3079869447771112,0.13953929374256338,0.0006998062115100976
NFP_201509_REL_20151002,2015-10-02,2,0.4832848689249544,21.06495016347412,0.09917777290721824,0.02821361112880953,0.20746417520832,0.17925056407951048,STOP_REJECT,ci_upper_below_break_even,4.5985181599212136e-05,0.01,0.20800000000000002,True,True,executed,0.6208675466666829,0.003037764948901087,0.24107469795998832,0.12726597475593207,0.00038329860829679896
NFP_201509_REL_20151002,2015-10-02,3,0.47036305139238005,14.861855942812628,0.04665034246226253,0.009409155998973302,0.1097115974160326,0.1003024414170593,STOP_REJECT,ci_upper_below_break_even,2.3155904833900063e-10,0.01,0.20800000000000002,False,False,counterfactual_after_stop,0.6484168544407516,0.0025757147066943703,0.18930479428352504,0.11484126068774717,0.00023182037629304318
NFP_201510_REL_20151106,2015-11-06,1,0.4003535692176036,63.5128838585354,0.3958201401392641,0.22175727311220195,0.5817578333865638,0.3600005602743619,STOP_ABSTAIN,wide_ci_and_review_evsi_below_cost,4.718447854656915e-16,0.01,0.20800000000000002,True,True,executed,0.5857289969051673,0.004713147316376449,0.3319943554098292,0.18360709870923062,0.0016671150263273527
NFP_201510_REL_20151106,2015-11-06,2,0.5249439770766153,21.06495016347412,0.20821890140905122,0.09214382428473068,0.357372559012847,0.2652287347281163,CONTINUE,next_review_evsi_exceeds_cost,0.020555374729338542,0.01,0.20800000000000002,False,False,counterfactual_after_stop,0.620365831005245,0.004424969051733708,0.2737041490061478,0.17775057161888091,0.000844645879666814
NFP_201510_REL_20151106,2015-11-06,3,0.4009344331976304,14.861855942812628,0.0837817727943156,0.026189547577290077,0.17424473839823915,0.14805519082094906,STOP_REJECT,ci_upper_below_break_even,8.156688402689277e-07,0.01,0.20800000000000002,False,False,counterfactual_after_stop,0.6709287211525958,0.003574729940233068,0.21779520341325373,0.1522247149594354,0.00040688338782263346
NFP_201511_REL_20151204,2015-12-04,1,0.24335576533459083,63.5128838585354,0.24065913579499698,0.1120667908572439,0.412351912368834,0.3002851215115901,STOP_ABSTAIN,wide_ci_and_review_evsi_below_cost,0.006943026293460691,0.01,0.20800000000000002,True,True,executed,0.5884468014612547,0.003952991384163688,0.25443761741867355,0.154656924489524,0.0008619851729184857
NFP_201511_REL_20151204,2015-12-04,2,0.48798180457277934,21.06495016347412,0.11749005662431132,0.03932055594508749,0.23503663118310017,0.19571607523801268,STOP_REJECT,next_review_evsi_below_cost,0.0001714426401996987,0.01,0.20800000000000002,False,False,counterfactual_after_stop,0.6464178389686548,0.003345869010994754,0.20456384079709508,0.14371192415167477,0.00046757911179044884
NFP_201511_REL_20151204,2015-12-04,3,0.4420980009568144,14.861855942812628,0.052533431981954745,0.011784455919976218,0.12536045521852945,0.11357599929855323,STOP_REJECT,ci_upper_below_break_even,1.4560448426454213e-09,0.01,0.20800000000000002,False,False,counterfactual_after_stop,0.6033285518492327,0.0026299058861390043,0.15151483386604503,0.1201249922175847,0.0002556430652459804
NFP_201512_REL_20160108,2016-01-08,1,0.3832950520158072,63.5128838585354,0.3787862430105796,0.2017122225238434,0.577122737498951,0.37541051497510763,STOP_ABSTAIN,wide_ci_and_review_evsi_below_cost,0.0,0.01,0.20800000000000002,True,True,executed,0.533207371822034,0.004278541898553598,0.35411280664265443,0.1700372919168557,0.0015639075472271705
NFP_201512_REL_20160108,2016-01-08,2,0.5125946296143042,21.06495016347412,0.194752007182466,0.07955830380814438,0.34331421388213934,0.26375591007399496,CONTINUE,next_review_evsi_exceeds_cost,0.014412296767654074,0.01,0.20800000000000002,False,False,counterfactual_after_stop,0.5709926708090894,0.0037127913040113972,0.29004727881306813,0.1561033452957302,0.000776301650839331
NFP_201512_REL_20160108,2016-01-08,3,0.4100777422181816,14.861855942812628,0.08003924954722746,0.0221421126011472,0.1712877985097784,0.1491456859086312,STOP_REJECT,ci_upper_below_break_even,7.696548023202797e-07,0.01,0.20800000000000002,False,False,counterfactual_after_stop,0.6344297521654193,0.0034816871548140308,0.2528536516678781,0.1480710576791122,0.0004121502692236762
NFP_201601_REL_20160205,2016-02-05,1,0.21166752189814805,63.5128838585354,0.2093201859196335,0.09289662908970353,0.3719729506017268,0.2790763215120233,CONTINUE,next_review_evsi_exceeds_cost,0.0220503356616861,0.01,0.20800000000000002,True,False,executed,0.5707760779237331,0.0037585586720623155,0.3228842465975101,0.14703737333180314,0.0007609897348062324
NFP_201601_REL_20160205,2016-02-05,2,0.4849055224933499,21.06495016347412,0.10129864244395824,0.031604060877634114,0.2102655537854518,0.1786614929078177,STOP_REJECT,next_review_evsi_below_cost,3.211027881285703e-05,0.01,0.20800000000000002,True,True,executed,0.636374095957197,0.0032691050543854883,0.2739193282291466,0.1358466093827821,0.000432376822297345
NFP_201601_REL_20160205,2016-02-05,3,0.46076842063857004,14.861855942812628,0.04677661621813237,0.010208484328205102,0.11201432798087554,0.10180584365267044,STOP_REJECT,ci_upper_below_break_even,0.0,0.01,0.20800000000000002,False,False,counterfactual_after_stop,0.689496535691077,0.0028600640766178226,0.21988580060577695,0.12261116928463589,0.0002625866574868791
NFP_201602_REL_20160304,2016-03-04,1,0.42554282327387455,63.5128838585354,0.4207375772019834,0.24218654579201737,0.620780871958313,0.3785943261662956,STOP_ABSTAIN,wide_ci_and_review_evsi_below_cost,1.2212453270876722e-15,0.01,0.20800000000000002,True,True,executed,0.589441087433756,0.004534631220284813,0.29832148026467287,0.1777362085998066,0.001606111598630236
NFP_201602_REL_20160304,2016-03-04,2,0.527856702884696,21.06495016347412,0.22248231389491735,0.09555709000083716,0.38518120501940917,0.289624115018572,CONTINUE,next_review_evsi_exceeds_cost,0.01477848202492351,0.01,0.20800000000000002,False,False,counterfactual_after_stop,0.605590180120368,0.003957876197943196,0.2503660520997537,0.16652141256336525,0.0007736604190110607
NFP_201602_REL_20160304,2016-03-04,3,0.3894780882745671,14.861855942812628,0.08682339117444296,0.025159136053391862,0.1828642406693163,0.15770510461592444,STOP_REJECT,ci_upper_below_break_even,3.5544315428945215e-06,0.01,0.20800000000000002,False,False,counterfactual_after_stop,0.6642506331787994,0.003569728214455412,0.20293119764265202,0.14977704981908369,0.00037038813142002377
NFP_201603_REL_20160401,2016-04-01,1,0.2661198114073952,63.5128838585354,0.2630957037704858,0.11754359162596897,0.4499930476844608,0.33244945605849185,STOP_ABSTAIN,wide_ci_and_review_evsi_below_cost,0.00454589689958125,0.01,0.20800000000000002,True,True,executed,0.6863253187819339,0.003624517071085655,0.2361049875668698,0.1379532033042594,0.0008443743849228128
NFP_201603_REL_20160401,2016-04-01,2,0.4980269463522301,21.06495016347412,0.13175920062944788,0.040639406796089614,0.2670513760139589,0.22641196921786927,STOP_REJECT,next_review_evsi_below_cost,0.0013280542024318098,0.01,0.20800000000000002,False,False,counterfactual_after_stop,0.6872432157122416,0.0028737305525735977,0.1787616631636237,0.12254306878728838,0.00043129887110765914
NFP_201603_REL_20160401,2016-04-01,3,0.4265070207970931,14.861855942812628,0.05664705229614432,0.011339173510005419,0.13819991083643124,0.12686073732642583,STOP_REJECT,ci_upper_below_break_even,6.870393464023334e-08,0.01,0.20800000000000002,False,False,counterfactual_after_stop,0.6946810962425016,0.0024965217771113764,0.14470571005880506,0.10646021200681047,0.00024506839387504486
NFP_201604_REL_20160506,2016-05-06,1,0.21693039235196643,63.5128838585354,0.21448386343784312,0.09911493828008094,0.36954145005120737,0.2704265117711264,CONTINUE,next_review_evsi_exceeds_cost,0.01843514773800458,0.01,0.20800000000000002,True,False,executed,0.5420561136134383,0.003969415518224959,0.3324876674940066,0.1520395285197674,0.0008497525453698203
NFP_201604_REL_20160506,2016-05-06,2,0.48358455742918327,21.06495016347412,0.10388408788846078,0.03341423238944141,0.211586460354827,0.1781722279653856,STOP_REJECT,next_review_evsi_below_cost,4.854592966485735e-05,0.01,0.20800000000000002,True,True,executed,0.6191932648767435,0.0032575432940402343,0.26357642935164843,0.13882714574699262,0.00045863820123307966
NFP_201604_REL_20160506,2016-05-06,3,0.4574295296808693,14.861855942812628,0.04732634368146384,0.010084618319734149,0.10784890611922664,0.09776428779949249,STOP_REJECT,ci_upper_below_break_even,0.0,0.01,0.20800000000000002,False,False,counterfactual_after_stop,0.6966437249514148,0.002829791921771533,0.2168580468171207,0.12866634448172617,0.0002830408296100478
NFP_201605_REL_20160603,2016-06-03,1,0.17668702390821084,63.5128838585354,0.17471067055237,0.054819466912569,0.3612657532585452,0.3064462863459762,CONTINUE,next_review_evsi_exceeds_cost,0.015375305163647183,0.01,0.20800000000000002,True,False,executed,0.6264026025954533,0.0021672528493021496,0.31586318229543126,0.08859125717896615,0.00038593677013228886
NFP_201605_REL_20160603,2016-06-03,2,0.4682898446053747,21.06495016347412,0.08201184290035876,0.015301187612128602,0.20082982634572474,0.18552863873359615,STOP_REJECT,ci_upper_below_break_even,0.00011312419275781596,0.01,0.20800000000000002,True,True,executed,0.6748192863009583,0.0019073052466721321,0.26687748003303646,0.08374324064474101,0.00022348421923945174
NFP_201605_REL_20160603,2016-06-03,3,0.49836916630018663,14.861855942812628,0.04108764074928131,0.005012138093429224,0.11603699900761512,0.1110248609141859,STOP_REJECT,ci_upper_below_break_even,1.4048586883706287e-07,0.01,0.20800000000000002,False,False,counterfactual_after_stop,0.7028735677209341,0.0015779323567449038,0.21942002971335828,0.07450325189230894,0.00014054946925358964
NFP_201606_REL_20160708,2016-07-08,1,0.3761127018401858,63.5128838585354,0.372009228470459,0.19616727749338905,0.5708332649181773,0.3746659874247883,STOP_ABSTAIN,wide_ci_and_review_evsi_below_cost,2.7755575615628914e-17,0.01,0.20800000000000002,True,True,executed,0.5339479049072889,0.004072372102053339,0.3808560292509543,0.16016660565310661,0.001323555243722206
NFP_201606_REL_20160708,2016-07-08,2,0.5148561340768587,21.06495016347412,0.19204118490304495,0.07770761882407652,0.3486869254159142,0.27097930659183767,CONTINUE,next_review_evsi_exceeds_cost,0.01363352800501614,0.01,0.20800000000000002,False,False,counterfactual_after_stop,0.5511329000138235,0.0036712188658545564,0.30127896592609044,0.15203883218057596,0.0006651765780180118
NFP_201606_REL_20160708,2016-07-08,3,0.4168612654793336,14.861855942812628,0.08050024061892956,0.021905712500048555,0.17443403586640469,0.15252832336635613,STOP_REJECT,ci_upper_below_break_even,3.244163303774213e-06,0.01,0.20800000000000002,False,False,counterfactual_after_stop,0.598733420223647,0.00312105945767667,0.23651928918635287,0.1351145880872529,0.00033854191927252397
NFP_201607_REL_20160805,2016-08-05,1,0.40418569338482846,63.5128838585354,0.3995396930134705,0.22289989163424115,0.5944565133354806,0.3715566217012394,STOP_ABSTAIN,wide_ci_and_review_evsi_below_cost,0.0,0.01,0.20800000000000002,True,True,executed,0.563464045669357,0.00441430875719461,0.35763779254778255,0.1713202714202236,0.0016012015962562898
NFP_201607_REL_20160805,2016-08-05,2,0.5213930315982436,21.06495016347412,0.2083148072588001,0.08989920966317189,0.3583017616102584,0.2684025519470865,CONTINUE,next_review_evsi_exceeds_cost,0.021427867290825367,0.01,0.20800000000000002,False,False,counterfactual_after_stop,0.6222102938468944,0.003929403116017587,0.3030404953594598,0.17237946121445258,0.0008043304307848681
NFP_201607_REL_20160805,2016-08-05,3,0.4025703520789658,14.861855942812628,0.08406544323668327,0.02440338441655967,0.17339447011548342,0.14899108569892375,STOP_REJECT,ci_upper_below_break_even,1.527092664268156e-06,0.01,0.20800000000000002,False,False,counterfactual_after_stop,0.6302314015332767,0.0035590138627857263,0.24336667098153492,0.14904367693497242,0.00039587387355852194
NFP_201608_REL_20160902,2016-09-02,1,0.2179314342037203,63.5128838585354,0.21541124546881335,0.09634183223630814,0.3765180738856101,0.28017624164930194,CONTINUE,next_review_evsi_exceeds_cost,0.0188001794416386,0.01,0.20800000000000002,True,False,executed,0.5197694427251454,0.0037751907607950974,0.34255121465711347,0.14643765575206988,0.0008148078971235952
NFP_201608_REL_20160902,2016-09-02,2,0.4878079123145316,21.06495016347412,0.10548120149874239,0.03394847705014463,0.21584777908461616,0.18189930203447152,STOP_REJECT,next_review_evsi_below_cost,8.399984089920347e-05,0.01,0.20800000000000002,True,True,executed,0.574119360165313,0.0029784617761867975,0.26572459552652833,0.13327642296306103,0.000436487515052075
NFP_201608_REL_20160902,2016-09-02,3,0.4597397301175224,14.861855942812628,0.04853132071583612,0.010573899599646932,0.11793832587955098,0.10736442627990406,STOP_REJECT,ci_upper_below_break_even,3.9031581750693863e-10,0.01,0.20800000000000002,False,False,counterfactual_after_stop,0.6025833216893406,0.002512483032320939,0.20934854769012123,0.11597488596190572,0.00026039467528370683
NFP_201609_REL_20161007,2016-10-07,1,0.22132032545209196,63.5128838585354,0.2188809271031502,0.0969314399810589,0.38249090586674755,0.28555946588568865,CONTINUE,next_review_evsi_exceeds_cost,0.017095103125684297,0.01,0.20800000000000002,True,False,executed,0.5114624318204737,0.0037470580499417874,0.3306426039940168,0.1467189216466451,0.0007303464491397126
NFP_201609_REL_20161007,2016-10-07,2,0.4842727855448783,21.06495016347412,0.10648333894002562,0.033682071188461345,0.2210725650719405,0.18739049388347917,STOP_REJECT,next_review_evsi_below_cost,9.492621424538985e-05,0.01,0.20800000000000002,True,True,executed,0.5793943324301363,0.0030735058616191673,0.2508838014327846,0.13446662126590359,0.000387664073500423
NFP_201609_REL_20161007,2016-10-07,3,0.4570285691489968,14.861855942812628,0.048852122926906015,0.010416870483216385,0.11827748844212428,0.10786061795890789,STOP_REJECT,ci_upper_below_break_even,4.179335880432128e-10,0.01,0.20800000000000002,False,False,counterfactual_after_stop,0.6547144868251692,0.002639183299054918,0.20906597275681366,0.12035646475056686,0.00023270338324030514
NFP_201610_REL_20161104,2016-11-04,1,0.22413120835755368,63.5128838585354,0.22166050683671693,0.09871953363844312,0.38286453140935883,0.28414499777091573,CONTINUE,next_review_evsi_exceeds_cost,0.015038686890724226,0.01,0.20800000000000002,True,False,executed,0.5314797390179964,0.0038358539242518445,0.3365631004543259,0.1501137246439598,0.0008243460479041357
NFP_201610_REL_20161104,2016-11-04,2,0.4879823155132559,21.06495016347412,0.10818102427843833,0.03517658718372633,0.21537308046008793,0.1801964932763616,STOP_REJECT,next_review_evsi_below_cost,7.177831475784952e-05,0.01,0.20800000000000002,True,True,executed,0.5928181929112949,0.0033285411601095874,0.2779066042016698,0.13774253929916264,0.00045571452757133495
NFP_201610_REL_20161104,2016-11-04,3,0.4571217521605337,14.861855942812628,0.04952531573158338,0.010977664840767311,0.11614959979239087,0.10517193495162355,STOP_REJECT,ci_upper_below_break_even,1.0827946187305141e-10,0.01,0.20800000000000002,False,False,counterfactual_after_stop,0.6144945111479286,0.002823697306602902,0.21772384240561002,0.11970280174299298,0.00026868657823007566
NFP_201611_REL_20161202,2016-12-02,1,0.26189034430656954,63.5128838585354,0.2589064360591932,0.11371865820455147,0.4484122982957604,0.33469364009120894,STOP_ABSTAIN,wide_ci_and_review_evsi_below_cost,0.0056292365401896804,0.01,0.20800000000000002,True,True,executed,0.5992489549054826,0.0033888319560532055,0.26440164884242423,0.1331729506237299,0.0008222769011962369
NFP_201611_REL_20161202,2016-12-02,2,0.4964032992639296,21.06495016347412,0.12915793981368107,0.03983618371148627,0.264580506824096,0.22474432311260972,STOP_REJECT,next_review_evsi_below_cost,0.0011287893322247142,0.01,0.20800000000000002,False,False,counterfactual_after_stop,0.6487253242368557,0.0028989646856387614,0.2065659350351635,0.12216109935941467,0.0004409458953283653
NFP_201611_REL_20161202,2016-12-02,3,0.42526345149097666,14.861855942812628,0.05496242197852705,0.011166068921668998,0.13002390563718652,0.11885783671551753,STOP_REJECT,ci_upper_below_break_even,3.487255997021767e-08,0.01,0.20800000000000002,False,False,counterfactual_after_stop,0.7084885189520388,0.0025874981205054265,0.16933256129873595,0.11147691017445248,0.00025357637286104893
NFP_201612_REL_20170106,2017-01-06,1,0.2563640773638189,63.5128838585354,0.25350307134567607,0.11255576042666643,0.42949744802940537,0.31694168760273894,STOP_ABSTAIN,wide_ci_and_review_evsi_below_cost,0.005370078997435204,0.01,0.20800000000000002,True,True,executed,0.600080656967234,0.0037620445949781583,0.2802621650523753,0.14834557538538384,0.0008648324745608146
NFP_201612_REL_20170106,2017-01-06,2,0.49590987197942016,21.06495016347412,0.1263574111327228,0.03902872045764842,0.2560884781129168,0.21705975765526836,STOP_REJECT,next_review_evsi_below_cost,0.0007836743714253806,0.01,0.20800000000000002,False,False,counterfactual_after_stop,0.6364311737590806,0.0030881719209789695,0.22017277328270476,0.13075393632439933,0.0004479848462297084
NFP_201612_REL_20170106,2017-01-06,3,0.42712754563276495,14.861855942812628,0.054140672877019076,0.011321704080752847,0.1311485809211175,0.11982687684036465,STOP_REJECT,ci_upper_below_break_even,1.7871626841540398e-08,0.01,0.20800000000000002,False,False,counterfactual_after_stop,0.6670658629529822,0.0025625256517746334,0.18105934992047873,0.1161238370465663,0.0002519845460506722
NFP_201701_REL_20170203,2017-02-03,1,0.38532065960441153,63.5128838585354,0.3808331222465923,0.2036102265282321,0.58252253534932,0.37891230882108784,STOP_ABSTAIN,wide_ci_and_review_evsi_below_cost,3.608224830031759e-16,0.01,0.20800000000000002,True,True,executed,0.5025673844049644,0.00420423063109525,0.39445252401426395,0.16390645388797434,0.0014784621038190868
NFP_201701_REL_20170203,2017-02-03,2,0.5142772844684476,21.06495016347412,0.19627613713547057,0.07842030617246322,0.35108223075667383,0.2726619245842106,CONTINUE,next_review_evsi_exceeds_cost,0.015850707538002266,0.01,0.20800000000000002,False,False,counterfactual_after_stop,0.5523331344580145,0.003732301988003202,0.32791245486898435,0.15800696723064156,0.0007451483799315542
NFP_201701_REL_20170203,2017-02-03,3,0.4125988883645625,14.861855942812628,0.08137083926528556,0.021676260068914436,0.17710346172826189,0.15542720165934745,STOP_REJECT,ci_upper_below_break_even,2.5744998996236062e-06,0.01,0.20800000000000002,False,False,counterfactual_after_stop,0.5930118193677865,0.003226923569205171,0.261632731467273,0.1420944567935606,0.0003825685700682928
NFP_201702_REL_20170310,2017-03-10,1,0.38000179776287096,63.5128838585354,0.3758181779788454,0.1949229070633598,0.5792939163641381,0.3843710093007783,STOP_ABSTAIN,wide_ci_and_review_evsi_below_cost,0.0,0.01,0.20800000000000002,True,True,executed,0.4906222429925992,0.004019714120790247,0.3942647257567484,0.16149126033357236,0.001263211788701744
NFP_201702_REL_20170310,2017-03-10,2,0.5183848151412404,21.06495016347412,0.19491240432591672,0.07923604857939678,0.34760308132932044,0.2683670327499237,CONTINUE,next_review_evsi_exceeds_cost,0.015011959280248522,0.01,0.20800000000000002,False,False,counterfactual_after_stop,0.5394195689344056,0.003706886265169273,0.3421503423132225,0.1522134835483439,0.0006626363652579015
NFP_201702_REL_20170310,2017-03-10,3,0.411424800407864,14.861855942812628,0.0799557001320098,0.023192171582690525,0.17150041258358492,0.1483082410008944,STOP_REJECT,ci_upper_below_break_even,1.0044415543948923e-06,0.01,0.20800000000000002,False,False,counterfactual_after_stop,0.6310445446909245,0.0033123790056983344,0.2928912714906706,0.14162073922724838,0.00035530535631118107
NFP_201703_REL_20170407,2017-04-07,1,0.21234322455801585,63.5128838585354,0.21001619463003277,0.08741425236867789,0.37946846136599965,0.29205420899732176,CONTINUE,next_review_evsi_exceeds_cost,0.02339387029164592,0.01,0.20800000000000002,True,False,executed,0.4974432414600496,0.0035113683870484458,0.3713984328510353,0.14019106788807564,0.0006691179012953761
NFP_201703_REL_20170407,2017-04-07,2,0.47944509741907587,21.06495016347412,0.10072826621829224,0.02956907456996364,0.20879060315836967,0.17922152858840604,STOP_REJECT,next_review_evsi_below_cost,7.239756331941564e-05,0.01,0.20800000000000002,True,True,executed,0.5887664372508026,0.0030020793764633557,0.2846845249496717,0.12572739361594681,0.00036715505988523856
NFP_201703_REL_20170407,2017-04-07,3,0.46767445741392577,14.861855942812628,0.04751113303520823,0.00946949246208875,0.11333120843477064,0.10386171597268189,STOP_REJECT,ci_upper_below_break_even,6.556572935565962e-10,0.01,0.20800000000000002,False,False,counterfactual_after_stop,0.6322043485867717,0.0025524420985733607,0.2229303739231022,0.11123765910473053,0.00022249983730763162
NFP_201704_REL_20170505,2017-05-05,1,0.39253266107900536,63.5128838585354,0.38810171225904433,0.21214366419385544,0.5919863782377724,0.379842714043917,STOP_ABSTAIN,wide_ci_and_review_evsi_below_cost,0.0,0.01,0.20800000000000002,True,True,executed,0.5061623229765342,0.004314643344295857,0.4063586561882923,0.16364708593715718,0.0014614718526447781
NFP_201704_REL_20170505,2017-05-05,2,0.5177535351361041,21.06495016347412,0.20137324656555672,0.08511979376658103,0.3568907560475133,0.2717709622809323,CONTINUE,next_review_evsi_exceeds_cost,0.0185917027514703,0.01,0.20800000000000002,False,False,counterfactual_after_stop,0.5535820338305811,0.003824464647678577,0.32103789709446956,0.1561375358486673,0.000724492025325822
NFP_201704_REL_20170505,2017-05-05,3,0.40355589613974197,14.861855942812628,0.08157482397008914,0.023673966893500095,0.1747993193648473,0.1511253524713472,STOP_REJECT,ci_upper_below_break_even,2.2515803528043866e-06,0.01,0.20800000000000002,False,False,counterfactual_after_stop,0.6088162850963716,0.003306149677782257,0.25094859242030587,0.13602880011608795,0.0003612597892401139
NFP_201705_REL_20170602,2017-06-02,1,0.2375682047671566,63.5128838585354,0.23491919532927133,0.10680733066465685,0.4134244121368142,0.3066170814721573,STOP_ABSTAIN,wide_ci_and_review_evsi_below_cost,0.01009632405250143,0.01,0.20800000000000002,True,True,executed,0.5096477678822485,0.0036926924798744566,0.33757350645906686,0.14987082066188606,0.0007753104139357528
NFP_201705_REL_20170602,2017-06-02,2,0.4909267619740061,21.06495016347412,0.11577238553228103,0.037601910112137496,0.2394786505271897,0.2018767404150522,STOP_REJECT,next_review_evsi_below_cost,0.00018936770475006247,0.01,0.20800000000000002,False,False,counterfactual_after_stop,0.5889327981600501,0.0031808177676342546,0.26957754099563563,0.13584648094758586,0.0004198717373787088
NFP_201705_REL_20170602,2017-06-02,3,0.4457193310970101,14.861855942812628,0.051547473097024295,0.011720174322724352,0.12429891228751491,0.11257873796479057,STOP_REJECT,ci_upper_below_break_even,8.156946572957893e-10,0.01,0.20800000000000002,False,False,counterfactual_after_stop,0.6360590279027858,0.002707747782265368,0.2231655477432242,0.12264983854643936,0.00024799436042671253
NFP_201706_REL_20170707,2017-07-07,1,0.3911991555406572,63.5128838585354,0.38682022432433266,0.20536444849012228,0.5894132972497839,0.3840488487596616,STOP_ABSTAIN,wide_ci_and_review_evsi_below_cost,0.0,0.01,0.20800000000000002,True,True,executed,0.4888029580178366,0.00409650637961902,0.4008634138869892,0.16209993718993188,0.0013372950531239324
NFP_201706_REL_20170707,2017-07-07,2,0.5169344717050306,21.06495016347412,0.2003818800751243,0.08262132918743725,0.3593976855908105,0.2767763564033732,CONTINUE,next_review_evsi_exceeds_cost,0.01822977306090805,0.01,0.20800000000000002,False,False,counterfactual_after_stop,0.5422756359166022,0.003761227831068431,0.33848057459048514,0.1522262193341672,0.0006831953851094988
NFP_201706_REL_20170707,2017-07-07,3,0.3998654421977733,14.861855942812628,0.08061326026721681,0.021700113487739495,0.17349694567053917,0.15179683218279966,STOP_REJECT,ci_upper_below_break_even,1.8192567452825412e-06,0.01,0.20800000000000002,False,False,counterfactual_after_stop,0.6092299868318704,0.0032923379065702032,0.27473120884424407,0.1338164058827935,0.0003455867677006664
NFP_201707_REL_20170804,2017-08-04,1,0.40431450777246664,63.5128838585354,0.39990435574749933,0.21862638077520685,0.6087305850073408,0.39010420423213393,STOP_ABSTAIN,wide_ci_and_review_evsi_below_cost,9.71445146547012e-16,0.01,0.20800000000000002,True,True,executed,0.49517145195125417,0.004340235875065591,0.38676538805248656,0.15833028810846247,0.0013348763141927365
NFP_201707_REL_20170804,2017-08-04,2,0.5198739639684905,21.06495016347412,0.20800853074551723,0.08926227194995563,0.36288698368974975,0.27362471173979414,CONTINUE,next_review_evsi_exceeds_cost,0.02256762883071159,0.01,0.20800000000000002,False,False,counterfactual_after_stop,0.5703590319828871,0.003953153242798,0.3292292488324006,0.15955283243894822,0.000689871341844738
NFP_201707_REL_20170804,2017-08-04,3,0.3994040550168687,14.861855942812628,0.08343912529619062,0.024613428689111108,0.1791796899799825,0.15456626129087137,STOP_REJECT,ci_upper_below_break_even,2.667317776571169e-06,0.01,0.20800000000000002,False,False,counterfactual_after_stop,0.6256997065546644,0.0033390981929776937,0.2680309731933637,0.1413482655937925,0.00033630287986329726
NFP_201708_REL_20170901,2017-09-01,1,0.25305958225521524,63.5128838585354,0.25017504929386486,0.11005679640456784,0.43662238634763756,0.3265655899430697,STOP_ABSTAIN,wide_ci_and_review_evsi_below_cost,0.006375510737292915,0.01,0.20800000000000002,True,True,executed,0.5879470593818488,0.003482254559354031,0.32478872496885924,0.14357725120998144,0.000767845245847004
NFP_201708_REL_20170901,2017-09-01,2,0.4941838116857841,21.06495016347412,0.12364963453418519,0.03863121711927641,0.2494350013714155,0.21080378425213908,STOP_REJECT,next_review_evsi_below_cost,0.0005027380280970112,0.01,0.20800000000000002,False,False,counterfactual_after_stop,0.6862997782322717,0.0031711909321123968,0.26918864431782213,0.1348110039507419,0.0004326885297182207
NFP_201708_REL_20170901,2017-09-01,3,0.42922025636325045,14.861855942812628,0.05285019488251517,0.011262159153242364,0.12461851042159124,0.11335635126834886,STOP_REJECT,ci_upper_below_break_even,1.2310664035155967e-09,0.01,0.20800000000000002,False,False,counterfactual_after_stop,0.7346425500936781,0.0026774633094899174,0.21649755576617533,0.12193709543835589,0.0002463607228041209
NFP_201709_REL_20171006,2017-10-06,1,0.17586537000301253,63.5128838585354,0.17386978149693116,0.04922097586402609,0.3682189799604929,0.31899800409646684,CONTINUE,next_review_evsi_exceeds_cost,0.016395222269756815,0.01,0.20800000000000002,True,False,executed,0.5998878507475275,0.00205084759563974,0.3778996842367382,0.07936033877489788,0.00038537572535491256
NFP_201709_REL_20171006,2017-10-06,2,0.4686060214772469,21.06495016347412,0.08191378996328023,0.01411446666256941,0.2087915891027673,0.1946771224401979,STOP_REJECT,next_review_evsi_below_cost,0.0002371977259154604,0.01,0.20800000000000002,True,True,executed,0.6185593864967492,0.0016959505001399571,0.30278524026711484,0.07239275069969535,0.00021596112604878133
NFP_201709_REL_20171006,2017-10-06,3,0.49979142101290003,14.861855942812628,0.041002629381313264,0.0043745438064225345,0.11835249647287865,0.11397795266645612,STOP_REJECT,ci_upper_below_break_even,2.923021609863002e-07,0.01,0.20800000000000002,False,False,counterfactual_after_stop,0.6608655524820067,0.0015298719841522355,0.25961694431481935,0.06819019220958664,0.00014577526539245877
NFP_201710_REL_20171103,2017-11-03,1,0.3734460632407694,63.5128838585354,0.3692016966621269,0.18656392786762838,0.5790269455906953,0.39246301772306696,STOP_ABSTAIN,wide_ci_and_review_evsi_below_cost,9.159339953157541e-16,0.01,0.20800000000000002,True,True,executed,0.502485330536705,0.003638214836547251,0.4341217345012575,0.1416501925074799,0.0010910832546600921
NFP_201710_REL_20171103,2017-11-03,2,0.5108601384859629,21.06495016347412,0.18893602838202075,0.07285911363473377,0.34678457560851744,0.27392546197378365,CONTINUE,next_review_evsi_exceeds_cost,0.013490211597188335,0.01,0.20800000000000002,False,False,counterfactual_after_stop,0.5539897838387237,0.0033701734825539085,0.37628315611455,0.14343708704064037,0.0005737676237925285
NFP_201710_REL_20171103,2017-11-03,3,0.4190489532055145,14.861855942812628,0.07904578702153582,0.02103580526979866,0.17394668129324975,0.1529108760234511,STOP_REJECT,ci_upper_below_break_even,2.8269740822397514e-06,0.01,0.20800000000000002,False,False,counterfactual_after_stop,0.6375586427194297,0.003077720777755305,0.3074632963636259,0.1328218150096382,0.0003085206099203564
NFP_201711_REL_20171208,2017-12-08,1,0.41125657777881347,63.5128838585354,0.40659297196987565,0.22172466061085097,0.6138037243812586,0.3920790637704077,STOP_ABSTAIN,wide_ci_and_review_evsi_below_cost,9.992007221626409e-16,0.01,0.20800000000000002,True,True,executed,0.505525888212301,0.003967184772478519,0.37385811543664366,0.15165747545910593,0.0015041967777113321
NFP_201711_REL_20171208,2017-12-08,2,0.5224426880039084,21.06495016347412,0.21254543631748415,0.08957391137935838,0.37338630178846766,0.28381239040910927,CONTINUE,next_review_evsi_exceeds_cost,0.020426404053281874,0.01,0.20800000000000002,False,False,counterfactual_after_stop,0.5749037088474549,0.0037634382517477178,0.32722329004182427,0.14973123639090563,0.0007652925798488345
NFP_201711_REL_20171208,2017-12-08,3,0.39498436745100673,14.861855942812628,0.08445463293062169,0.023755911691204157,0.18228921400335257,0.1585333023121484,STOP_REJECT,ci_upper_below_break_even,4.897045410864942e-06,0.01,0.20800000000000002,False,False,counterfactual_after_stop,0.5799444560312271,0.003133738084796069,0.24695135256771233,0.12627229206062573,0.0003558597075070798
NFP_201712_REL_20180105,2018-01-05,1,0.22052325230591244,63.5128838585354,0.2179828558264482,0.09382950444065132,0.3835996306785573,0.289770126237906,CONTINUE,next_review_evsi_exceeds_cost,0.018692334844502896,0.01,0.20800000000000002,True,False,executed,0.502774095297762,0.003589152791991835,0.39448750250321724,0.1473038741692116,0.000763376009889374
NFP_201712_REL_20180105,2018-01-05,2,0.48517012707765916,21.06495016347412,0.10594372081082903,0.032390859402883145,0.21810468492966192,0.1857138255267788,STOP_REJECT,next_review_evsi_below_cost,9.834681201103081e-05,0.01,0.20800000000000002,True,True,executed,0.5632297932907607,0.0030771425205590518,0.32656569083899967,0.1338169511560476,0.0004218412590805779
NFP_201712_REL_20180105,2018-01-05,3,0.45354002161309676,14.861855942812628,0.047731371415942615,0.010201759341279594,0.11220211065553663,0.10200035131425704,STOP_REJECT,ci_upper_below_break_even,0.0,0.01,0.20800000000000002,False,False,counterfactual_after_stop,0.714100771771292,0.0028470799595125638,0.28711702178040394,0.12891401875086306,0.00027210431651745716
NFP_201801_REL_20180202,2018-02-02,1,0.2588101431496524,63.5128838585354,0.25591613381427025,0.11257535570949577,0.4470309187470987,0.33445556303760293,STOP_ABSTAIN,wide_ci_and_review_evsi_below_cost,0.006273993949305147,0.01,0.20800000000000002,True,True,executed,0.5947450317593055,0.0033043107612889993,0.3128921423214123,0.13773703155282618,0.0007869360006533419
NFP_201801_REL_20180202,2018-02-02,2,0.4976704196031044,21.06495016347412,0.12767725286118398,0.03969597073765032,0.2623626047605693,0.22266663402291895,STOP_REJECT,next_review_evsi_below_cost,0.0009701433119238471,0.01,0.20800000000000002,False,False,counterfactual_after_stop,0.6558824307563433,0.0028704699504986334,0.2560417902929558,0.1270511653339426,0.0004374987230817764
NFP_201801_REL_20180202,2018-02-02,3,0.42941285053863754,14.861855942812628,0.055130052472799916,0.011530732219843558,0.1329397545292196,0.12140902230937604,STOP_REJECT,ci_upper_below_break_even,4.849882089607748e-08,0.01,0.20800000000000002,False,False,counterfactual_after_stop,0.702597757127159,0.002414176173876941,0.19860074804423775,0.10784111112318215,0.0002446452575237698
NFP_201802_REL_20180309,2018-03-09,1,0.36249707675568527,63.5128838585354,0.3583302727896404,0.17115675259288712,0.5769222852054762,0.4057655326125891,STOP_ABSTAIN,wide_ci_and_review_evsi_below_cost,0.0,0.01,0.20800000000000002,True,True,executed,0.5168801694414208,0.003369363958271501,0.4369808889260499,0.1331046778339075,0.0010747189784089868
NFP_201802_REL_20180309,2018-03-09,2,0.5072029511297607,21.06495016347412,0.18250652194956277,0.06326269469028864,0.34687008061727315,0.28360738592698453,CONTINUE,next_review_evsi_exceeds_cost,0.012887518826688385,0.01,0.20800000000000002,False,False,counterfactual_after_stop,0.5446075479590393,0.003110745490607075,0.378476023993737,0.12454274918422949,0.0005607422927756986
NFP_201802_REL_20180309,2018-03-09,3,0.4263843608598441,14.861855942812628,0.07811824445784728,0.018318898128019845,0.17794049374922605,0.1596215956212062,STOP_REJECT,ci_upper_below_break_even,5.218230895312664e-06,0.01,0.20800000000000002,False,False,counterfactual_after_stop,0.6152360226244069,0.002780116559756753,0.3174284012077717,0.11504460794525287,0.0003103675424846404
NFP_201803_REL_20180406,2018-04-06,1,0.20620036876669418,63.5128838585354,0.20384662307875726,0.08066375648734475,0.3776474404867105,0.29698368399936576,CONTINUE,next_review_evsi_exceeds_cost,0.0234983741084572,0.01,0.20800000000000002,True,False,executed,0.4993673529529135,0.0031618046625061873,0.4183814949900365,0.12167490586255417,0.0006288380541620244
NFP_201803_REL_20180406,2018-04-06,2,0.48221982558577964,21.06495016347412,0.09843363779712293,0.02689544722645794,0.21177477317219287,0.18487932594573492,STOP_REJECT,next_review_evsi_below_cost,7.89929928826517e-05,0.01,0.20800000000000002,True,True,executed,0.5675980001744045,0.002841173532326646,0.3363556686748804,0.11760966312396048,0.0003600200792967085
NFP_201803_REL_20180406,2018-04-06,3,0.46664819045566697,14.861855942812628,0.045907903160928853,0.00852358272570439,0.11356319436082259,0.1050396116351182,STOP_REJECT,ci_upper_below_break_even,8.347263355613966e-10,0.01,0.20800000000000002,False,False,counterfactual_after_stop,0.6175604740372619,0.0023737147945586067,0.27784569414397625,0.10335738601746869,0.00021726898547277164
NFP_201804_REL_20180504,2018-05-04,1,0.23293378098345524,63.5128838585354,0.23030420101292828,0.1033356388515986,0.40355538894706044,0.30021975009546187,CONTINUE,next_review_evsi_exceeds_cost,0.012479647410632191,0.01,0.20800000000000002,True,False,executed,0.5160904405504925,0.0037540428686570317,0.39393656244047476,0.14199006679214407,0.0008052270453019397
NFP_201804_REL_20180504,2018-05-04,2,0.49099867366711053,21.06495016347412,0.11313778200103165,0.035482215486908344,0.23076842896425157,0.1952862134773432,STOP_REJECT,next_review_evsi_below_cost,0.00015003113356753912,0.01,0.20800000000000002,True,True,executed,0.6007565522882151,0.0032686504563728563,0.31083936296577175,0.1329842484787261,0.00044891541901513973
NFP_201804_REL_20180504,2018-05-04,3,0.4458275590997483,14.861855942812628,0.05041062645560378,0.010884471533830353,0.11708777572555246,0.10620330419172211,STOP_REJECT,ci_upper_below_break_even,5.484742856430006e-10,0.01,0.20800000000000002,False,False,counterfactual_after_stop,0.6356522105052774,0.0028429328291450008,0.2522464526187306,0.11633740006942674,0.00026419364226977916
NFP_201805_REL_20180601,2018-06-01,1,0.4086147691925146,63.5128838585354,0.4039686591111466,0.21607316708507515,0.6090521248357442,0.39297895775066904,STOP_ABSTAIN,wide_ci_and_review_evsi_below_cost,2.7755575615628914e-17,0.01,0.20800000000000002,True,True,executed,0.47685423447128433,0.003983871259668804,0.4071221794001887,0.16212820951855764,0.0014648383819382252
NFP_201805_REL_20180601,2018-06-01,2,0.5203518018960228,21.06495016347412,0.21005767263752398,0.08812162347803226,0.36470626089282754,0.2765846374147953,CONTINUE,next_review_evsi_exceeds_cost,0.021337024593432244,0.01,0.20800000000000002,False,False,counterfactual_after_stop,0.5501619243122222,0.0038918627486602114,0.3642260937602252,0.15880965256845309,0.000779903953185283
NFP_201805_REL_20180601,2018-06-01,3,0.3994084830957802,14.861855942812628,0.08396227174416236,0.02481136432678618,0.18056914721086662,0.15575778288408043,STOP_REJECT,ci_upper_below_break_even,2.480063307377204e-06,0.01,0.20800000000000002,False,False,counterfactual_after_stop,0.6088638709530549,0.003420436621669694,0.3029510698965467,0.14293854950053433,0.0003827093258678349
NFP_201806_REL_20180706,2018-07-06,1,0.4445515734346097,63.5128838585354,0.43956823528831407,0.23442071349998592,0.656582488440912,0.4221617749409261,STOP_ABSTAIN,wide_ci_and_review_evsi_below_cost,1.3322676295501878e-15,0.01,0.20800000000000002,True,True,executed,0.5730105237443425,0.003648003449284433,0.34766559996881863,0.14027370968571626,0.0015129856195063881
NFP_201806_REL_20180706,2018-07-06,2,0.5243246628788857,21.06495016347412,0.23071809317430086,0.09452518472667201,0.4158069312496648,0.3212817465229928,CONTINUE,next_review_evsi_exceeds_cost,0.014104655916922865,0.01,0.20800000000000002,False,False,counterfactual_after_stop,0.6262158407435578,0.003401501165998213,0.28752049880882447,0.14181487021182282,0.0007289597244084747
NFP_201806_REL_20180706,2018-07-06,3,0.3777201479130322,14.861855942812628,0.0871408692551581,0.0232758408384526,0.19269119685107092,0.1694153560126183,STOP_REJECT,ci_upper_below_break_even,1.1761800066331253e-05,0.01,0.20800000000000002,False,False,counterfactual_after_stop,0.7079468848690591,0.0030287977161615903,0.24275061159372854,0.12643878692545274,0.0003459772019289979
NFP_201807_REL_20180803,2018-08-03,1,0.23058386810731746,63.5128838585354,0.2279924815083437,0.10019900391715113,0.39602966686410657,0.2958306629469554,CONTINUE,next_review_evsi_exceeds_cost,0.01399076504894526,0.01,0.20800000000000002,True,False,executed,0.48845329664961673,0.0036013817996171705,0.39759185041113215,0.13942459531804827,0.0007334554449365952
NFP_201807_REL_20180803,2018-08-03,2,0.4873523858363643,21.06495016347412,0.11145103103258376,0.03439317984713958,0.22375247804902001,0.18935929820188044,STOP_REJECT,next_review_evsi_below_cost,0.00015547526762980853,0.01,0.20800000000000002,True,True,executed,0.5274779800041133,0.0030371975429573077,0.31295734608597015,0.1300360423648031,0.0004029117857694265
NFP_201807_REL_20180803,2018-08-03,3,0.4489351167750847,14.861855942812628,0.05021137770932613,0.011038353924965117,0.12244689990984972,0.1114085459848846,STOP_REJECT,ci_upper_below_break_even,1.3280412030265383e-09,0.01,0.20800000000000002,False,False,counterfactual_after_stop,0.5482787510979876,0.0025113628215259393,0.24271095236597373,0.11201019343988426,0.00023062641802652406
NFP_201808_REL_20180907,2018-09-07,1,0.43192496316214257,63.5128838585354,0.42721403156541315,0.22969068617145816,0.6351243429865607,0.40543365681510257,STOP_ABSTAIN,wide_ci_and_review_evsi_below_cost,0.0,0.01,0.20800000000000002,True,True,executed,0.541858759238362,0.003903534351064277,0.3802697435456654,0.15055369151455397,0.0014085077725541583
NFP_201808_REL_20180907,2018-09-07,2,0.527723386794481,21.06495016347412,0.22544079901450054,0.09356331071514974,0.398437069144146,0.3048737584289963,CONTINUE,next_review_evsi_exceeds_cost,0.014788911716464535,0.01,0.20800000000000002,False,False,counterfactual_after_stop,0.5884774565785061,0.003513415193364154,0.32471893950398534,0.14914790513556034,0.0007112122936412194
NFP_201808_REL_20180907,2018-09-07,3,0.3877260460158292,14.861855942812628,0.08753412056615135,0.025100501913845556,0.1876995173520481,0.16259901543820254,STOP_REJECT,ci_upper_below_break_even,6.207852746704e-06,0.01,0.20800000000000002,False,False,counterfactual_after_stop,0.6433295234045289,0.003177055788100406,0.2792464038974401,0.13113845435681176,0.0003411494521043401
NFP_201809_REL_20181005,2018-10-05,1,0.2193896605389881,63.5128838585354,0.21695049708726957,0.09222603150741625,0.3897267081227245,0.2975006766153082,CONTINUE,next_review_evsi_exceeds_cost,0.01976280943863886,0.01,0.20800000000000002,True,False,executed,0.4834598788729574,0.0034554314760787998,0.4358116454409192,0.1396300966342454,0.0007095750299280827
NFP_201809_REL_20181005,2018-10-05,2,0.4837419782226342,21.06495016347412,0.1048251189073471,0.031225556489766437,0.2135542873926466,0.18232873090288015,STOP_REJECT,next_review_evsi_below_cost,8.186729281286531e-05,0.01,0.20800000000000002,True,True,executed,0.5346492948846482,0.0031531351761720926,0.35909186572326063,0.13807294580130258,0.00040711799328074175
NFP_201809_REL_20181005,2018-10-05,3,0.4542848160709949,14.861855942812628,0.047913772968766595,0.009360751661097485,0.1167719638732809,0.10741121221218342,STOP_REJECT,ci_upper_below_break_even,8.611362423286852e-10,0.01,0.20800000000000002,False,False,counterfactual_after_stop,0.5644209533736031,0.0024603136103946814,0.27551637786978933,0.11285865993153084,0.00022864488303069627
NFP_201810_REL_20181102,2018-11-02,1,0.40271075507680776,63.5128838585354,0.398167050238524,0.21306006130835536,0.6057982000224128,0.39273813871405744,STOP_ABSTAIN,wide_ci_and_review_evsi_below_cost,0.0,0.01,0.20800000000000002,True,True,executed,0.45505576637719175,0.0040586441312431745,0.42670330884433805,0.15485204116031548,0.0015044777209783197
NFP_201810_REL_20181102,2018-11-02,2,0.5152849415624184,21.06495016347412,0.2053668951483632,0.08213442887583837,0.36580008621274973,0.28366565733691135,CONTINUE,next_review_evsi_exceeds_cost,0.022145571319575615,0.01,0.20800000000000002,False,False,counterfactual_after_stop,0.5157051698771483,0.0037349700658305383,0.36586732805003,0.15054054487004112,0.0007608340228901955
NFP_201810_REL_20181102,2018-11-02,3,0.40405422803463104,14.861855942812628,0.08326856836175361,0.02301618122785073,0.17819893933057537,0.15518275810272464,STOP_REJECT,ci_upper_below_break_even,4.023705447054199e-06,0.01,0.20800000000000002,False,False,counterfactual_after_stop,0.5704625628585556,0.0033196870225659504,0.307827038674062,0.1343103976455319,0.00038143470520917626
NFP_201811_REL_20181207,2018-12-07,1,0.2320085152596234,63.5128838585354,0.2293588217769027,0.10235197908581566,0.40002327307665747,0.2976712939908418,CONTINUE,next_review_evsi_exceeds_cost,0.01271213024220983,0.01,0.20800000000000002,True,False,executed,0.5045554991967398,0.0038105828954617693,0.415882724287476,0.14683868363485467,0.000772597577661687
NFP_201811_REL_20181207,2018-12-07,2,0.4876776569470025,21.06495016347412,0.11235095398609138,0.0347240564201119,0.2340226071780901,0.1992985507579782,STOP_REJECT,next_review_evsi_below_cost,0.00016150609617565396,0.01,0.20800000000000002,True,True,executed,0.560789363883034,0.0031707165280822993,0.3242770838341774,0.12815466088788516,0.00041388404588486437
NFP_201811_REL_20181207,2018-12-07,3,0.44454256397428366,14.861855942812628,0.0501905617682297,0.010937565672470862,0.12503552186258493,0.11409795619011406,STOP_REJECT,ci_upper_below_break_even,1.135537377629778e-09,0.01,0.20800000000000002,False,False,counterfactual_after_stop,0.5844974359000324,0.0026852954389338076,0.2551553191165811,0.10981591582705037,0.0002375219690906103
NFP_201812_REL_20190104,2019-01-04,1,0.3568104150052238,63.5128838585354,0.35288354008237566,0.16063970526720478,0.5859105731232251,0.42527086785602036,STOP_ABSTAIN,wide_ci_and_review_evsi_below_cost,1.4432899320127035e-15,0.01,0.20800000000000002,True,True,executed,0.5038144906278479,0.0029722069539662413,0.48303948410660147,0.11774805640083422,0.0009407998738098643
NFP_201812_REL_20190104,2019-01-04,2,0.5100253062515172,21.06495016347412,0.17987219879207594,0.05964973944412022,0.34787002652356624,0.288220287079446,CONTINUE,next_review_evsi_exceeds_cost,0.012812309989861886,0.01,0.20800000000000002,False,False,counterfactual_after_stop,0.5450133504929136,0.0029307572014757076,0.42846131857999553,0.1200321074184329,0.0005201285481037403
NFP_201812_REL_20190104,2019-01-04,3,0.43573997568031536,14.861855942812628,0.07864473223862972,0.01729599836708547,0.1830373933737815,0.16574139500669602,STOP_REJECT,ci_upper_below_break_even,2.116490189085096e-05,0.01,0.20800000000000002,False,False,counterfactual_after_stop,0.5606325656379701,0.002458038325926745,0.3500694419675562,0.10596512037302055,0.0002761996597451331
NFP_201901_REL_20190201,2019-02-01,1,0.3645747755733996,63.5128838585354,0.36047954987226616,0.17094284508020685,0.581655345965753,0.4107125008855461,STOP_ABSTAIN,wide_ci_and_review_evsi_below_cost,3.3306690738754696e-16,0.01,0.20800000000000002,True,True,executed,0.5063383656107389,0.0032207399469139,0.467360476093687,0.1296198476368328,0.00103615809355504
NFP_201901_REL_20190201,2019-02-01,2,0.5100087775442775,21.06495016347412,0.18456882114215967,0.062237660632106964,0.3533090478244123,0.29107138719230535,CONTINUE,next_review_evsi_exceeds_cost,0.01391386743007508,0.01,0.20800000000000002,False,False,counterfactual_after_stop,0.5440165016383973,0.0029654854652846584,0.3909403146600864,0.12804516334483118,0.0005409779767687719
NFP_201901_REL_20190201,2019-02-01,3,0.424568389185612,14.861855942812628,0.07879923907066609,0.01802621307001477,0.17714106521713685,0.15911485214712207,STOP_REJECT,ci_upper_below_break_even,7.360550150126829e-06,0.01,0.20800000000000002,False,False,counterfactual_after_stop,0.5686750636937508,0.002673731296623929,0.3188993614153344,0.11698461061826539,0.00029096249371579695
NFP_201902_REL_20190308,2019-03-08,1,0.18697234324496348,63.5128838585354,0.1848796285850862,0.058292327629088654,0.3850697727934217,0.32677744516433305,CONTINUE,next_review_evsi_exceeds_cost,0.019083419401016904,0.01,0.20800000000000002,True,False,executed,0.5249696766996391,0.0021882421001874616,0.4536930745816019,0.09023426853517653,0.0004291319440899601
NFP_201902_REL_20190308,2019-03-08,2,0.47453437461063147,21.06495016347412,0.08824176214253955,0.017410426847049465,0.21613533894257148,0.198724912095522,STOP_REJECT,next_review_evsi_below_cost,0.0002511685868963016,0.01,0.20800000000000002,True,True,executed,0.5657421583903242,0.0017997189835725043,0.35818841140045465,0.08169777939711104,0.00024041215556752855
NFP_201902_REL_20190308,2019-03-08,3,0.4876163184791076,14.861855942812628,0.04304866735376897,0.0055147475327080985,0.11786362606849346,0.11234887853578536,STOP_REJECT,ci_upper_below_break_even,3.6660353353132346e-07,0.01,0.20800000000000002,False,False,counterfactual_after_stop,0.5829862592342737,0.0015947623421458963,0.291195664765175,0.0724275849275824,0.00015042377397603586
NFP_201903_REL_20190405,2019-04-05,1,0.442026481562036,63.5128838585354,0.43700745526288437,0.22801599825627467,0.6531760588221014,0.4251600605658267,STOP_ABSTAIN,wide_ci_and_review_evsi_below_cost,5.551115123125783e-16,0.01,0.20800000000000002,True,True,executed,0.5071262848624966,0.0035294076113126242,0.35551517160482216,0.1371373710616734,0.0013915680659052293
NFP_201903_REL_20190405,2019-04-05,2,0.5255266603753431,21.06495016347412,0.23014443598288417,0.09219375112717303,0.41435536794447597,0.32216161681730293,CONTINUE,next_review_evsi_exceeds_cost,0.015506939437169368,0.01,0.20800000000000002,False,False,counterfactual_after_stop,0.5648104571893404,0.0032531681110811155,0.29288008702106366,0.1312554205930763,0.0006789453847619841
NFP_201903_REL_20190405,2019-04-05,3,0.38334908997148726,14.861855942812628,0.0886300286343592,0.022901405918249115,0.19468427067245384,0.17178286475420473,STOP_REJECT,ci_upper_below_break_even,3.681099386008423e-05,0.01,0.20800000000000002,False,False,counterfactual_after_stop,0.580183497997658,0.0028300028108675856,0.24841286283218394,0.11670931933997736,0.00032032829052623104
NFP_201904_REL_20190503,2019-05-03,1,0.3934730564136453,63.5128838585354,0.38913525947048444,0.19835882722474818,0.6016002848274072,0.40324145760265906,STOP_ABSTAIN,wide_ci_and_review_evsi_below_cost,1.5265566588595902e-15,0.01,0.20800000000000002,True,True,executed,0.44375720341811326,0.003630012124964579,0.4418450698946938,0.14598252756293792,0.001220528503371214
NFP_201904_REL_20190503,2019-05-03,2,0.5170568211259146,21.06495016347412,0.20173372167696305,0.07950757155597703,0.36860295139302585,0.2890953798370488,CONTINUE,next_review_evsi_exceeds_cost,0.02090989463617619,0.01,0.20800000000000002,False,False,counterfactual_after_stop,0.4961335144582869,0.0033459609493932782,0.36114451365137246,0.14573686359250007,0.0006363378154206333
NFP_201904_REL_20190503,2019-05-03,3,0.40916237337267103,14.861855942812628,0.08319731798398658,0.02135746547438789,0.18384145862488366,0.16248399315049578,STOP_REJECT,ci_upper_below_break_even,6.004048628638467e-06,0.01,0.20800000000000002,False,False,counterfactual_after_stop,0.5483769848539731,0.0028807215622846617,0.3021335866555017,0.13025026182617033,0.0003234649490611008
NFP_201905_REL_20190607,2019-06-07,1,0.19960281660879844,63.5128838585354,0.19731493838438807,0.07280613260291519,0.38001285360060266,0.3072067209976875,CONTINUE,next_review_evsi_exceeds_cost,0.02195559761475763,0.01,0.20800000000000002,True,False,executed,0.4994534872526836,0.002777632431162955,0.4654005747096857,0.11394038447369195,0.0005567570170660947
NFP_201905_REL_20190607,2019-06-07,2,0.4800401861359318,21.06495016347412,0.09531456585105011,0.02158489293511031,0.21796467599564984,0.19637978306053952,STOP_REJECT,next_review_evsi_below_cost,0.00013897616263125375,0.01,0.20800000000000002,True,True,executed,0.5355351784341227,0.002360124985129355,0.37678676213030116,0.10384817177357913,0.0003074903204920549
NFP_201905_REL_20190607,2019-06-07,3,0.47820041204947217,14.861855942812628,0.04570082131560192,0.0071749096881481645,0.11790435542833162,0.11072944574018345,STOP_REJECT,ci_upper_below_break_even,2.5851602134655208e-08,0.01,0.20800000000000002,False,False,counterfactual_after_stop,0.5739091982912936,0.002099645884127722,0.31794238298834504,0.09716342893894589,0.00019550791696353555
NFP_201906_REL_20190705,2019-07-05,1,0.43082370401736425,63.5128838585354,0.426006425579341,0.23276367192141575,0.6363023704955556,0.4035386985741398,STOP_ABSTAIN,wide_ci_and_review_evsi_below_cost,2.7755575615628914e-16,0.01,0.20800000000000002,True,True,executed,0.5156900386497592,0.00389282640023789,0.4081383359835546,0.149322606921445,0.0015065455253801749
NFP_201906_REL_20190705,2019-07-05,2,0.5241706266382233,21.06495016347412,0.22364100114554628,0.09158634936573502,0.3934320427483707,0.30184569338263567,CONTINUE,next_review_evsi_exceeds_cost,0.01616247773905903,0.01,0.20800000000000002,False,False,counterfactual_after_stop,0.5631670045817759,0.0036183642427014876,0.3493845578435983,0.1456085743443056,0.0007397492036950115
NFP_201906_REL_20190705,2019-07-05,3,0.39239730113031807,14.861855942812628,0.08805345426280922,0.02370319204749616,0.19149815473925436,0.1677949626917582,STOP_REJECT,ci_upper_below_break_even,1.4601966159600835e-05,0.01,0.20800000000000002,False,False,counterfactual_after_stop,0.5982541609852206,0.0030715881656367327,0.27496404916446715,0.12285175512170132,0.00034350590435146017
NFP_201907_REL_20190802,2019-08-02,1,0.24341780207034863,63.5128838585354,0.24067010976010073,0.10436279676108302,0.41814259462162934,0.31377979786054633,STOP_ABSTAIN,wide_ci_and_review_evsi_below_cost,0.008768347292975182,0.01,0.20800000000000002,True,True,executed,0.5110833515114882,0.003762773760210683,0.43754716192556165,0.139796015660507,0.0007593247594626706
NFP_201907_REL_20190802,2019-08-02,2,0.49457809102282646,21.06495016347412,0.1189702379684604,0.036776815844446045,0.24130403149996263,0.20452721565551657,STOP_REJECT,next_review_evsi_below_cost,0.00034762947514681975,0.01,0.20800000000000002,False,False,counterfactual_after_stop,0.591677143498316,0.0033318457591373007,0.3548872110094684,0.1351333335887035,0.0004240252449214124
NFP_201907_REL_20190802,2019-08-02,3,0.4434222491982541,14.861855942812628,0.053004107441671125,0.010762734815177394,0.12745286280493204,0.11669012798975464,STOP_REJECT,ci_upper_below_break_even,1.7359741725323786e-09,0.01,0.20800000000000002,False,False,counterfactual_after_stop,0.6279652910807283,0.0027993472397273376,0.2848180185975936,0.12081884054127265,0.00024511244123997486
NFP_201908_REL_20190906,2019-09-06,1,0.22201750221777172,63.5128838585354,0.21950480538829778,0.09407159310146072,0.3937277077623006,0.29965611466083986,CONTINUE,next_review_evsi_exceeds_cost,0.018725689113073013,0.01,0.20800000000000002,True,False,executed,0.47308299419590916,0.003410702628556209,0.4597103428404924,0.13412548950502626,0.0007066652958823797
NFP_201908_REL_20190906,2019-09-06,2,0.49095814218625583,21.06495016347412,0.10810015822543152,0.03184405335515299,0.22568088119448576,0.19383682783933276,STOP_REJECT,next_review_evsi_below_cost,0.00012573766043879917,0.01,0.20800000000000002,True,True,executed,0.5503105876278688,0.003003670113269805,0.39185487051356266,0.12792672188247628,0.0004020101561260581
NFP_201908_REL_20190906,2019-09-06,3,0.4577563566542191,14.861855942812628,0.04993579527242916,0.009729440501446415,0.12143863094169884,0.11170919044025242,STOP_REJECT,ci_upper_below_break_even,1.4467898160155625e-09,0.01,0.20800000000000002,False,False,counterfactual_after_stop,0.5675214978974168,0.0025134519216611848,0.3008691388028078,0.10982291546907123,0.00023238529514462184
NFP_201909_REL_20191004,2019-10-04,1,0.23599992624081842,63.5128838585354,0.23335793903175886,0.09986890217332972,0.4117265640036134,0.3118576618302837,CONTINUE,next_review_evsi_exceeds_cost,0.012515583485584639,0.01,0.20800000000000002,True,False,executed,0.4720894873166906,0.003472580578105868,0.42136393411497697,0.13941741178654773,0.0007320710276330842
NFP_201909_REL_20191004,2019-10-04,2,0.4909745877837635,21.06495016347412,0.11510917700954416,0.035053452671063336,0.23447862676974704,0.1994251740986837,STOP_REJECT,next_review_evsi_below_cost,0.0003285849247087506,0.01,0.20800000000000002,True,True,executed,0.5178587488788471,0.0029074396595830192,0.3322028718362245,0.12633933143940837,0.00040197772816961676
NFP_201909_REL_20191004,2019-10-04,3,0.4492469356558226,14.861855942812628,0.05173990205560239,0.010658329161149756,0.12433459834391127,0.11367626918276151,STOP_REJECT,ci_upper_below_break_even,6.774255665894382e-09,0.01,0.20800000000000002,False,False,counterfactual_after_stop,0.5539574619063641,0.0024479673660304686,0.2774620382721728,0.11310787473894995,0.0002368753832451
NFP_201910_REL_20191101,2019-11-01,1,0.23073884344606427,63.5128838585354,0.22808969808702648,0.0985187341498044,0.41221670394541104,0.31369796979560666,CONTINUE,next_review_evsi_exceeds_cost,0.015337880044305141,0.01,0.20800000000000002,True,False,executed,0.4552194355188571,0.0033783596885652058,0.43871351267597514,0.13745080982447325,0.0007521154392226971
NFP_201910_REL_20191101,2019-11-01,2,0.4907337680532506,21.06495016347412,0.11256265755993118,0.03369599869530866,0.23369355539246103,0.19999755669715236,STOP_REJECT,next_review_evsi_below_cost,0.00023641659436338474,0.01,0.20800000000000002,True,True,executed,0.5203525663663894,0.0029114603664024204,0.35288635673777896,0.1257687139470783,0.0004234360828301215
NFP_201910_REL_20191101,2019-11-01,3,0.4482114035717242,14.861855942812628,0.05068215022898369,0.010704132324897735,0.12556153186757976,0.11485739954268202,STOP_REJECT,ci_upper_below_break_even,8.247291144565541e-09,0.01,0.20800000000000002,False,False,counterfactual_after_stop,0.5287968144260832,0.0023840093817906437,0.27774171773862166,0.1115869051375688,0.0002448723203996325
NFP_201911_REL_20191206,2019-12-06,1,0.3696568113123099,63.5128838585354,0.36554119831164383,0.1733824715244175,0.5837364999306263,0.41035402840620877,STOP_ABSTAIN,wide_ci_and_review_evsi_below_cost,9.159339953157541e-16,0.01,0.20800000000000002,True,True,executed,0.4525166142466744,0.003343863982091138,0.5136468846928435,0.1319130125271196,0.000998039258926304
NFP_201911_REL_20191206,2019-12-06,2,0.5126923075041309,21.06495016347412,0.18787863136578295,0.06767570321382103,0.3549997973703268,0.2873240941565057,CONTINUE,next_review_evsi_exceeds_cost,0.01451386700638461,0.01,0.20800000000000002,False,False,counterfactual_after_stop,0.5145928688749734,0.0030206571132175546,0.4365757196517578,0.12719917729297572,0.0005343110094266966
NFP_201911_REL_20191206,2019-12-06,3,0.4221499210127061,14.861855942812628,0.07948387565885065,0.019085158001802827,0.1801915919070586,0.16110643390525578,STOP_REJECT,ci_upper_below_break_even,5.909803374688829e-06,0.01,0.20800000000000002,False,False,counterfactual_after_stop,0.566187096967268,0.0027283690681573526,0.3744082633381941,0.11569769171898547,0.00028769002248749316
NFP_201912_REL_20200110,2020-01-10,1,0.24232140697076335,63.5128838585354,0.23961129628445568,0.10477739419854525,0.4232623031607483,0.31848490896220305,STOP_ABSTAIN,wide_ci_and_review_evsi_below_cost,0.010283164187591405,0.01,0.20800000000000002,True,True,executed,0.4759053710984048,0.003398852444809775,0.4248410139945468,0.12923209145832462,0.0007257034861297451
NFP_201912_REL_20200110,2020-01-10,2,0.49543230061305965,21.06495016347412,0.11871736172951922,0.03807707825867414,0.2453535544800812,0.20727647622140705,STOP_REJECT,next_review_evsi_below_cost,0.00040814611264554856,0.01,0.20800000000000002,False,False,counterfactual_after_stop,0.5768276978556287,0.00302130521715261,0.3578306917828073,0.12482421341054459,0.0004153201731126471
NFP_201912_REL_20200110,2020-01-10,3,0.4380324055912321,14.861855942812628,0.05201824096965925,0.010893515150160184,0.12508646856093086,0.11419295341077068,STOP_REJECT,ci_upper_below_break_even,1.2991525825761243e-09,0.01,0.20800000000000002,False,False,counterfactual_after_stop,0.6230459786174892,0.0026661302951424292,0.3011733105624754,0.1153927703271922,0.00024629566447063303
NFP_202001_REL_20200207,2020-02-07,1,0.39198916170580833,63.5128838585354,0.387661009290212,0.19231491777642842,0.607764916819181,0.4154499990427526,STOP_ABSTAIN,wide_ci_and_review_evsi_below_cost,8.326672684688674e-17,0.01,0.20800000000000002,True,True,executed,0.43057628181719154,0.0036266657105582367,0.48439133869274764,0.13902127422655516,0.0011748969496230828
NFP_202001_REL_20200207,2020-02-07,2,0.5140970877639478,21.06495016347412,0.1999058003266174,0.07493399783722458,0.3663989304786458,0.2914649326414212,CONTINUE,next_review_evsi_exceeds_cost,0.020494817808916873,0.01,0.20800000000000002,False,False,counterfactual_after_stop,0.4831291546223715,0.0033343440701520673,0.41591224365566504,0.13677373693135117,0.0006026973059430493
NFP_202001_REL_20200207,2020-02-07,3,0.4086853524762114,14.861855942812628,0.08193001594647564,0.021030862719641035,0.18326162309785035,0.16223076037820933,STOP_REJECT,ci_upper_below_break_even,5.4581794207662616e-06,0.01,0.20800000000000002,False,False,counterfactual_after_stop,0.537959144867323,0.003082337217916048,0.3536423136499832,0.12502814703959667,0.000315019825159459
NFP_202002_REL_20200306,2020-03-06,1,0.3624791982231487,63.5128838585354,0.3583470556551298,0.16088990383379298,0.5898841932776601,0.4289942894438671,STOP_ABSTAIN,wide_ci_and_review_evsi_below_cost,1.304512053934559e-15,0.01,0.20800000000000002,True,True,executed,0.4549702025244704,0.003101982788091075,0.4932048232386458,0.11883717084805782,0.0009362348897980129
NFP_202002_REL_20200306,2020-03-06,2,0.5069384428234205,21.06495016347412,0.18142717243798198,0.05894507134447775,0.3479290123295191,0.2889839409850414,CONTINUE,next_review_evsi_exceeds_cost,0.01313298789279281,0.01,0.20800000000000002,False,False,counterfactual_after_stop,0.5347626787691018,0.0030257101834586515,0.4590427858760353,0.12496461997016917,0.0005158303447335704
NFP_202002_REL_20200306,2020-03-06,3,0.43336145694029904,14.861855942812628,0.07858955888970845,0.017792312636514818,0.1824767465746334,0.16468443393811857,STOP_REJECT,ci_upper_below_break_even,8.573256263110669e-06,0.01,0.20800000000000002,False,False,counterfactual_after_stop,0.5544734103998125,0.002705457399204224,0.39312485717157214,0.115081078344512,0.0002838145601924027
NFP_202003_REL_20200403,2020-04-03,1,0.1571640330781742,63.5128838585354,0.15542389767171796,0.016083574964911522,0.47476809892817795,0.4586845239632664,CONTINUE,next_review_evsi_exceeds_cost,0.03515451682679783,0.01,0.20800000000000002,True,False,executed,0.6063917370539019,0.0007982205064586131,0.4340928682888471,0.03259735081994429,0.0001320535686576229
NFP_202003_REL_20200403,2020-04-03,2,0.4589678487092358,21.06495016347412,0.07128689018351951,0.002853679210394712,0.2589714487531863,0.2561177695427916,STOP_REJECT,next_review_evsi_below_cost,0.004008131189815566,0.01,0.20800000000000002,True,True,executed,0.5927390965844002,0.0006923585411449237,0.37491662229286105,0.031240223618531387,7.662396651280677e-05
NFP_202003_REL_20200403,2020-04-03,3,0.5409008824402874,14.861855942812628,0.03840823310253628,0.0008970095862086304,0.1544046492810019,0.15350763969479325,STOP_REJECT,ci_upper_below_break_even,0.000425647643891964,0.01,0.20800000000000002,False,False,counterfactual_after_stop,0.6309544118976417,0.0006129785661158037,0.3272739554933338,0.028248000033175576,5.164846084243448e-05
NFP_202004_REL_20200508,2020-05-08,1,0.1541114063459142,63.5128838585354,0.1524013432811841,0.016310318076834487,0.4667609189842456,0.4504506009074111,CONTINUE,next_review_evsi_exceeds_cost,0.0318296031269001,0.01,0.20800000000000002,True,False,executed,0.5887139448807589,0.0008239298995434889,0.46755035655572563,0.033075589841709475,0.00014340580995174482
NFP_202004_REL_20200508,2020-05-08,2,0.4484410783336517,21.06495016347412,0.06950241840333712,0.002988354230960739,0.253241573719864,0.2502532194889033,STOP_REJECT,next_review_evsi_below_cost,0.003927231895478557,0.01,0.20800000000000002,True,True,executed,0.5396904132941938,0.0006917270542099566,0.3836802333765358,0.029309444388243087,7.839631019786334e-05
NFP_202004_REL_20200508,2020-05-08,3,0.5485305232192885,14.861855942812628,0.03834549060265144,0.0007821508309972369,0.15571366471248554,0.15493151388148832,STOP_REJECT,ci_upper_below_break_even,0.0004012056265741632,0.01,0.20800000000000002,False,False,counterfactual_after_stop,0.48655403930234,0.0006083821882140687,0.33503112311271277,0.026961400369666023,5.5583944771343264e-05
NFP_202005_REL_20200605,2020-06-05,1,0.39558571137601845,63.5128838585354,0.3911644105685354,0.1966602651345941,0.6107173653347728,0.4140571002001787,STOP_ABSTAIN,wide_ci_and_review_evsi_below_cost,0.0,0.01,0.20800000000000002,True,True,executed,0.43080279324904147,0.0036060598284599686,0.4706177218568212,0.14250579878030717,0.0012207025699991977
NFP_202005_REL_20200605,2020-06-05,2,0.5169024911053491,21.06495016347412,0.20285166436342833,0.07724530615119686,0.37293997933256323,0.2956946731813664,CONTINUE,next_review_evsi_exceeds_cost,0.02232921979105049,0.01,0.20800000000000002,False,False,counterfactual_after_stop,0.4901551338445908,0.003192295330179183,0.424367340727511,0.14200968655379037,0.0006350065002239749
NFP_202005_REL_20200605,2020-06-05,3,0.4061194357610459,14.861855942812628,0.08263845243510443,0.021136704794351636,0.178218748765233,0.15708204397088135,STOP_REJECT,ci_upper_below_break_even,6.3421002106807285e-06,0.01,0.20800000000000002,False,False,counterfactual_after_stop,0.5434242956664321,0.0029447233089540514,0.3484799574459204,0.12891424602455465,0.00032446523931363257
NFP_202006_REL_20200702,2020-07-02,1,0.3594120622811714,63.5128838585354,0.3553491281036362,0.15520481578732592,0.5986749999043899,0.44347018411706396,STOP_ABSTAIN,wide_ci_and_review_evsi_below_cost,0.0,0.01,0.20800000000000002,True,True,executed,0.45065261889957725,0.0027639696098977653,0.4820188713728876,0.11056443004350557,0.0008852460869703579
NFP_202006_REL_20200702,2020-07-02,2,0.5101952121063055,21.06495016347412,0.18167820728097464,0.05871967536081051,0.361349929693321,0.3026302543325105,CONTINUE,next_review_evsi_exceeds_cost,0.01525930574251336,0.01,0.20800000000000002,False,False,counterfactual_after_stop,0.49339314348936586,0.0026489237116849407,0.42599839093311004,0.10909126282292451,0.0004768030485698017
NFP_202006_REL_20200702,2020-07-02,3,0.43254584536875107,14.861855942812628,0.07839018725853836,0.017384436711986986,0.1839243535438855,0.1665399168318985,STOP_REJECT,ci_upper_below_break_even,2.2653606296713896e-05,0.01,0.20800000000000002,False,False,counterfactual_after_stop,0.5549443095570381,0.002497464804576347,0.3830800003563202,0.10214018441505276,0.00027317036366865903
NFP_202007_REL_20200807,2020-08-07,1,0.4117490268647565,63.5128838585354,0.4071297974473958,0.21062687988011017,0.6234212813641568,0.41279440148404656,STOP_ABSTAIN,wide_ci_and_review_evsi_below_cost,2.942091015256665e-15,0.01,0.20800000000000002,True,True,executed,0.4263866513904264,0.003826920055738693,0.4728259848788446,0.1455855496145801,0.0013435169922111111
NFP_202007_REL_20200807,2020-08-07,2,0.5206855939528603,21.06495016347412,0.21211241260577884,0.08450255969488826,0.37967298969248464,0.29517042999759635,CONTINUE,next_review_evsi_exceeds_cost,0.022440149277960876,0.01,0.20800000000000002,False,False,counterfactual_after_stop,0.49336724300196216,0.0035286931895377985,0.40644594714179266,0.14385869080723315,0.00069348939553772
NFP_202007_REL_20200807,2020-08-07,3,0.39900565378959435,14.861855942812628,0.08492669568485922,0.02265585402304931,0.1862059248959516,0.1635500708729023,STOP_REJECT,ci_upper_below_break_even,7.425543037802661e-06,0.01,0.20800000000000002,False,False,counterfactual_after_stop,0.49366104398041044,0.003102104181263326,0.331982325255936,0.12135131782470533,0.000334089614581875
NFP_202008_REL_20200904,2020-09-04,1,0.42141255198024735,63.5128838585354,0.4165737888041112,0.21835093528506877,0.6312893044848148,0.412938369199746,STOP_ABSTAIN,wide_ci_and_review_evsi_below_cost,2.1649348980190553e-15,0.01,0.20800000000000002,True,True,executed,0.47113053080124984,0.0038070409880252786,0.4748791377362507,0.1487157972464196,0.0014627901464448196
NFP_202008_REL_20200904,2020-09-04,2,0.5227276784603987,21.06495016347412,0.2178779167362551,0.08500115876255415,0.38764451057540333,0.3026433518128492,CONTINUE,next_review_evsi_exceeds_cost,0.019344144081801788,0.01,0.20800000000000002,False,False,counterfactual_after_stop,0.5302584624854232,0.0035659466572920615,0.4115177821470523,0.15024076740558212,0.0007490749282371977
NFP_202008_REL_20200904,2020-09-04,3,0.38887239132320545,14.861855942812628,0.08466323417823945,0.023373439523848905,0.18226444848099557,0.15889100895714667,STOP_REJECT,ci_upper_below_break_even,5.608555029490679e-06,0.01,0.20800000000000002,False,False,counterfactual_after_stop,0.5533689067996229,0.003264981922589823,0.33446387357816154,0.13603386168056805,0.0003650997447631803
NFP_202009_REL_20201002,2020-10-02,1,0.44190620604715836,63.5128838585354,0.4369093084906531,0.2227110989104106,0.6569121792452346,0.43420108033482396,STOP_ABSTAIN,wide_ci_and_review_evsi_below_cost,1.942890293094024e-15,0.01,0.20800000000000002,True,True,executed,0.5449410975213864,0.003576586225465973,0.4270089421594704,0.13678727221101572,0.0014299527541409712
NFP_202009_REL_20201002,2020-10-02,2,0.5283639986620379,21.06495016347412,0.23133451581011302,0.09115145424316534,0.41250027045856597,0.3213488162154006,CONTINUE,next_review_evsi_exceeds_cost,0.015302068786075929,0.01,0.20800000000000002,False,False,counterfactual_after_stop,0.5866992762287323,0.003169437899502364,0.35621290105034925,0.13380826956299494,0.00069370426789816
NFP_202009_REL_20201002,2020-10-02,3,0.38128249663558894,14.861855942812628,0.08838228584732667,0.02184762337605344,0.19278784158882128,0.17094021821276784,STOP_REJECT,ci_upper_below_break_even,2.875846989189914e-05,0.01,0.20800000000000002,False,False,counterfactual_after_stop,0.6409883245396573,0.002875154933942111,0.3133286538204618,0.122573936497839,0.00033738398583463584
NFP_202010_REL_20201106,2020-11-06,1,0.4430734912298761,63.5128838585354,0.4382274804307423,0.22462623757085165,0.6672389889140226,0.4426127513431709,STOP_ABSTAIN,wide_ci_and_review_evsi_below_cost,0.0,0.01,0.20800000000000002,True,True,executed,0.5372137329874475,0.0034020176375194294,0.40227314607669085,0.12396467374627483,0.0013042556242476805
NFP_202010_REL_20201106,2020-11-06,2,0.5298704193775795,21.06495016347412,0.23246912009503098,0.09075187863312649,0.4202163693457239,0.32946449071259737,CONTINUE,next_review_evsi_exceeds_cost,0.015040850328422818,0.01,0.20800000000000002,False,False,counterfactual_after_stop,0.5900103920425499,0.0031436019532586445,0.35018804424009653,0.12209407400772812,0.0006452621541839291
NFP_202010_REL_20201106,2020-11-06,3,0.3777980801197807,14.861855942812628,0.08756721319259524,0.022810945216874306,0.1943761774611905,0.17156523224431622,STOP_REJECT,ci_upper_below_break_even,2.9909268712667248e-05,0.01,0.20800000000000002,False,False,counterfactual_after_stop,0.6445797624641123,0.0027174769071210397,0.29656079958857184,0.11765820525933672,0.0003089403423632834
NFP_202011_REL_20201204,2020-12-04,1,0.26835851493038104,63.5128838585354,0.26525260343037094,0.11009718572704694,0.4793311476750387,0.36923396194799174,STOP_ABSTAIN,wide_ci_and_review_evsi_below_cost,0.0066420575525204945,0.01,0.20800000000000002,True,True,executed,0.5543588205728242,0.003078552052708894,0.3801334853460369,0.11817471038048671,0.0007575470093008512
NFP_202011_REL_20201204,2020-12-04,2,0.500222128511103,21.06495016347412,0.13274735796216075,0.0380031447750551,0.27870291623739046,0.24069977146233537,STOP_REJECT,next_review_evsi_below_cost,0.0018950840810745206,0.01,0.20800000000000002,False,False,counterfactual_after_stop,0.5977142822171648,0.002703764074535639,0.30898911425377207,0.1096348854439765,0.0004193824037031174
NFP_202011_REL_20201204,2020-12-04,3,0.4223722645638801,14.861855942812628,0.05635607453243784,0.010294782818958235,0.14277949402864518,0.13248471120968694,STOP_REJECT,ci_upper_below_break_even,3.60323546402009e-07,0.01,0.20800000000000002,False,False,counterfactual_after_stop,0.6338351988479202,0.002296466335442238,0.2465623179743265,0.09559090879653007,0.00023623807183888114
NFP_202012_REL_20210108,2021-01-08,1,0.25846439624379053,63.5128838585354,0.255592191967454,0.10528767281172655,0.4590135740053816,0.3537259011936551,STOP_ABSTAIN,wide_ci_and_review_evsi_below_cost,0.007309222127277158,0.01,0.20800000000000002,True,True,executed,0.5077688486347867,0.0031307352901465977,0.3893115511785812,0.12523094034472054,0.0006928473927938128
NFP_202012_REL_20210108,2021-01-08,2,0.4978655012643006,21.06495016347412,0.12698238702578402,0.03742746982805405,0.2612378899534984,0.22381042012544433,STOP_REJECT,next_review_evsi_below_cost,0.001040524837586522,0.01,0.20800000000000002,False,False,counterfactual_after_stop,0.5763590532741413,0.002843719640580812,0.3362941584505812,0.12183955170049704,0.0004011610611354158
NFP_202012_REL_20210108,2021-01-08,3,0.4282710827980479,14.861855942812628,0.054716098097925985,0.01026764467229175,0.13454089170505193,0.12427324703276019,STOP_REJECT,ci_upper_below_break_even,6.346712507506086e-08,0.01,0.20800000000000002,False,False,counterfactual_after_stop,0.5905631913981362,0.0023444610594284473,0.26943967121429757,0.1082984721920638,0.0002242457675020192
NFP_202101_REL_20210205,2021-02-05,1,0.2637872137492622,63.5128838585354,0.26081069694783404,0.10851770860019685,0.4661329326010529,0.357615224000856,STOP_ABSTAIN,wide_ci_and_review_evsi_below_cost,0.006803454297031997,0.01,0.20800000000000002,True,True,executed,0.5182927438053745,0.003017320279735625,0.4008435619767176,0.11874447969064698,0.0006794414170398484
NFP_202101_REL_20210205,2021-02-05,2,0.4953356171627409,21.06495016347412,0.12881230769466592,0.03988360208471151,0.2668824471282371,0.2269988450435256,STOP_REJECT,next_review_evsi_below_cost,0.001258779251268709,0.01,0.20800000000000002,False,False,counterfactual_after_stop,0.6213257596743187,0.002763686071050447,0.3480191680830636,0.113494224899532,0.00038876142413108507
NFP_202101_REL_20210205,2021-02-05,3,0.41880023014115547,14.861855942812628,0.05416028844411323,0.010142838422400977,0.13384684097105065,0.12370400254864967,STOP_REJECT,ci_upper_below_break_even,5.8033826701453665e-08,0.01,0.20800000000000002,False,False,counterfactual_after_stop,0.6701325645439747,0.0024070879176787663,0.2783878403860994,0.10190077186210313,0.00021901901059459864
NFP_202102_REL_20210305,2021-03-05,1,0.27655966806287735,63.5128838585354,0.27345666719043266,0.10862582277895116,0.4934998637380932,0.384874040959142,STOP_ABSTAIN,wide_ci_and_review_evsi_below_cost,0.00622753207602568,0.01,0.20800000000000002,True,True,executed,0.5440381241336482,0.0028795643093244803,0.3689320053579682,0.11418076849870659,0.0007031571637593035
NFP_202102_REL_20210305,2021-03-05,2,0.5016200838141279,21.06495016347412,0.1373036851248538,0.0391427650909696,0.2954061041709078,0.2562633390799382,STOP_REJECT,next_review_evsi_below_cost,0.0028946091063235205,0.01,0.20800000000000002,False,False,counterfactual_after_stop,0.5815207795875512,0.002560613064952294,0.3108344370893536,0.10589249994624791,0.0003885950660851118
NFP_202102_REL_20210305,2021-03-05,3,0.42176124492683287,14.861855942812628,0.05809230295888937,0.010523623979289484,0.14414873818960738,0.1336251142103179,STOP_REJECT,ci_upper_below_break_even,9.923336938200303e-07,0.01,0.20800000000000002,False,False,counterfactual_after_stop,0.6288102344620639,0.002260907633067577,0.25181459817340307,0.09787501889376043,0.00022269538559319815
NFP_202104_REL_20210507,2021-05-07,1,0.26437573636867023,63.5128838585354,0.2614396649384025,0.10939012624314422,0.4639073861962849,0.3545172599531407,STOP_ABSTAIN,wide_ci_and_review_evsi_below_cost,0.006625028447140108,0.01,0.20800000000000002,True,True,executed,0.5313924889440657,0.0031787054000737163,0.4145051509808659,0.12354440056819067,0.0007067967566126321
NFP_202104_REL_20210507,2021-05-07,2,0.49818190873904655,21.06495016347412,0.13047758371250978,0.038259423621752504,0.2719002701864063,0.23364084656465378,STOP_REJECT,next_review_evsi_below_cost,0.001512542269482286,0.01,0.20800000000000002,False,False,counterfactual_after_stop,0.5768727316010972,0.002797427159704447,0.35213458294495775,0.11930506915101778,0.00039210176037131214
NFP_202104_REL_20210507,2021-05-07,3,0.42945655297931656,14.861855942812628,0.05600064510106638,0.009799976306597458,0.1367665891858836,0.12696661287928615,STOP_REJECT,ci_upper_below_break_even,9.218737121850123e-08,0.01,0.20800000000000002,False,False,counterfactual_after_stop,0.6474129092617524,0.002504473882588298,0.29713967041851136,0.10817968915817813,0.0002279794595612556
NFP_202105_REL_20210604,2021-06-04,1,0.271690582190515,63.5128838585354,0.26861370798463347,0.11069737458593872,0.49016421731675913,0.37946684273082043,STOP_ABSTAIN,wide_ci_and_review_evsi_below_cost,0.006813408051360048,0.01,0.20800000000000002,True,True,executed,0.5299240714327318,0.0028389018558521556,0.368178769261581,0.11291461893669237,0.0007046846820877101
NFP_202105_REL_20210604,2021-06-04,2,0.5011462495321534,21.06495016347412,0.13432217695619603,0.03855417821172317,0.2803217904353814,0.24176761222365825,STOP_REJECT,next_review_evsi_below_cost,0.002011596525336623,0.01,0.20800000000000002,False,False,counterfactual_after_stop,0.5933475301939503,0.002631510602049976,0.3253230925695377,0.11590788667617993,0.000408278149574192
NFP_202105_REL_20210604,2021-06-04,3,0.42564073867028884,14.861855942812628,0.05738356853453111,0.010516886572194288,0.14486766292853032,0.13435077635633602,STOP_REJECT,ci_upper_below_break_even,3.699289487541746e-07,0.01,0.20800000000000002,False,False,counterfactual_after_stop,0.6211835295985944,0.0022616292589232164,0.2724901139948383,0.10536396906319671,0.00023335744964352083
NFP_202106_REL_20210702,2021-07-02,1,0.4454975134480463,63.5128838585354,0.44041020651214113,0.22258602685263273,0.6712625379780536,0.44867651112542084,STOP_ABSTAIN,wide_ci_and_review_evsi_below_cost,1.942890293094024e-15,0.01,0.20800000000000002,True,True,executed,0.5351585784355383,0.0034792829142222177,0.41318450392039063,0.12884062684709727,0.0013233960787896134
NFP_202106_REL_20210702,2021-07-02,2,0.5328728239144713,21.06495016347412,0.23448022169974975,0.08993395617452324,0.4248790097878947,0.33494505361337146,CONTINUE,next_review_evsi_exceeds_cost,0.01461219145479626,0.01,0.20800000000000002,False,False,counterfactual_after_stop,0.6131339014595794,0.0033159103129378614,0.36532281274956796,0.1283341556979547,0.0006605630544253472
NFP_202106_REL_20210702,2021-07-02,3,0.3819004430139328,14.861855942812628,0.09006572198822055,0.020971964311731386,0.19942076273040024,0.17844879841866884,STOP_REJECT,ci_upper_below_break_even,6.24042470621796e-05,0.01,0.20800000000000002,False,False,counterfactual_after_stop,0.6346085541809023,0.002768628349397264,0.29925982694660835,0.11615988557663295,0.0003077878788833218
NFP_202107_REL_20210806,2021-08-06,1,0.44839699495611773,63.5128838585354,0.44320237333784085,0.22544696901446942,0.6722274452461672,0.44678047623169775,STOP_ABSTAIN,wide_ci_and_review_evsi_below_cost,2.4980018054066022e-15,0.01,0.20800000000000002,True,True,executed,0.5275329721714804,0.0032951486375891476,0.4241738388683163,0.12685655373454957,0.0014392162774519302
NFP_202107_REL_20210806,2021-08-06,2,0.5256367443280904,21.06495016347412,0.23309501064404375,0.08739411800547806,0.41454836074691487,0.3271542427414368,CONTINUE,next_review_evsi_exceeds_cost,0.01537007135923904,0.01,0.20800000000000002,False,False,counterfactual_after_stop,0.5891473214667332,0.003040376002141977,0.35376830332242015,0.12371862148379434,0.0006903202973296482
NFP_202107_REL_20210806,2021-08-06,3,0.3827753652497713,14.861855942812628,0.08955920806130874,0.021877575958582744,0.20257179852204482,0.18069422256346207,STOP_REJECT,ci_upper_below_break_even,5.358893257420905e-05,0.01,0.20800000000000002,False,False,counterfactual_after_stop,0.6054755774083815,0.0027410440616585595,0.29341586960878385,0.11258808703546394,0.0003291832331206208
NFP_202108_REL_20210903,2021-09-03,1,0.26758098366756766,63.5128838585354,0.2646389667481521,0.10819061577031217,0.4733336499795769,0.36514303420926475,STOP_ABSTAIN,wide_ci_and_review_evsi_below_cost,0.006781073813006966,0.01,0.20800000000000002,True,True,executed,0.49931578376060914,0.00285800533635763,0.3978127074740502,0.11938823319244685,0.0006739785523070551
NFP_202108_REL_20210903,2021-09-03,2,0.49528266253970765,21.06495016347412,0.13108332247537147,0.038111312652747656,0.2748909078550058,0.23677959520225816,STOP_REJECT,next_review_evsi_below_cost,0.0017536625823261823,0.01,0.20800000000000002,False,False,counterfactual_after_stop,0.5700717513440344,0.0026109558611126433,0.3354808336873745,0.11377166464834995,0.0003723684057327971
NFP_202108_REL_20210903,2021-09-03,3,0.42776247490156594,14.861855942812628,0.055719681319024356,0.011032929897554382,0.13806644896061165,0.12703351906305727,STOP_REJECT,ci_upper_below_break_even,1.0932102213305015e-07,0.01,0.20800000000000002,False,False,counterfactual_after_stop,0.6284026952412038,0.002438553193408185,0.30314647620377627,0.10763571477344197,0.00021909230707008724
NFP_202109_REL_20211008,2021-10-08,1,0.2657594643597463,63.5128838585354,0.2626650023587745,0.10791215226044638,0.46685132856334316,0.3589391763028968,STOP_ABSTAIN,wide_ci_and_review_evsi_below_cost,0.006546926770873762,0.01,0.20800000000000002,True,True,executed,0.5523147366555933,0.0030963159408973952,0.40999271437607676,0.11622803325603266,0.0007474542072932874
NFP_202109_REL_20211008,2021-10-08,2,0.5031532479281953,21.06495016347412,0.13259847894618332,0.03673562928886012,0.2788423772622644,0.24210674797340428,STOP_REJECT,next_review_evsi_below_cost,0.0018041520611444704,0.01,0.20800000000000002,False,False,counterfactual_after_stop,0.6041688526647565,0.0026524020396829703,0.32911079436912305,0.11063541408110865,0.0004094615718103545
NFP_202109_REL_20211008,2021-10-08,3,0.42722772333538445,14.861855942812628,0.056810718483309416,0.010434917061397072,0.14098976183822504,0.13055484477682797,STOP_REJECT,ci_upper_below_break_even,2.1785971808337314e-07,0.01,0.20800000000000002,False,False,counterfactual_after_stop,0.6421359311531484,0.0023128327992489937,0.27158150760490657,0.09928409987569747,0.00023349610806565124
NFP_202110_REL_20211105,2021-11-05,1,0.44877573179600166,63.5128838585354,0.4437331261481036,0.22618585803108104,0.6805831932668914,0.4543973352358104,STOP_ABSTAIN,wide_ci_and_review_evsi_below_cost,1.2212453270876722e-15,0.01,0.20800000000000002,True,True,executed,0.5447474524931988,0.003177903930994377,0.40417620039770596,0.1269712857425668,0.0012951469889894206
NFP_202110_REL_20211105,2021-11-05,2,0.5299741553191288,21.06495016347412,0.2354662723024249,0.08743414716531359,0.42281908921990263,0.335384942054589,CONTINUE,next_review_evsi_exceeds_cost,0.014850221849421578,0.01,0.20800000000000002,False,False,counterfactual_after_stop,0.5919479424285399,0.0029831176690431394,0.37040095697768405,0.12318409642626839,0.0006407994654623433
NFP_202110_REL_20211105,2021-11-05,3,0.3831486312362357,14.861855942812628,0.09041848315258091,0.020654794638855847,0.20157060327783904,0.1809158086389832,STOP_REJECT,ci_upper_below_break_even,7.662993342065631e-05,0.01,0.20800000000000002,False,False,counterfactual_after_stop,0.619371677738373,0.002596509413923779,0.30436303684587657,0.11220828541766271,0.00029785789785529007
NFP_202111_REL_20211203,2021-12-03,1,0.27128105071695857,63.5128838585354,0.26822631490316773,0.10883302701541805,0.4817867694955527,0.3729537424801347,STOP_ABSTAIN,wide_ci_and_review_evsi_below_cost,0.0065653093173758115,0.01,0.20800000000000002,True,True,executed,0.5584913390922768,0.002911744992235922,0.4080831181519476,0.11608735971907981,0.0006623763854261726
NFP_202111_REL_20211203,2021-12-03,2,0.49884785362941414,21.06495016347412,0.13453218085700405,0.037302094713971216,0.2862361307815477,0.24893403606757647,STOP_REJECT,next_review_evsi_below_cost,0.0024304041035269224,0.01,0.20800000000000002,False,False,counterfactual_after_stop,0.5671599519589405,0.0024803101489483978,0.31947159602606695,0.10522271122886004,0.00035607250523057914
NFP_202111_REL_20211203,2021-12-03,3,0.4206623761946117,14.861855942812628,0.056759758854054286,0.010033507761806797,0.14538196916481844,0.13534846140301163,STOP_REJECT,ci_upper_below_break_even,1.1145744627000287e-06,0.01,0.20800000000000002,False,False,counterfactual_after_stop,0.5931270666207042,0.0021692260867794025,0.26078682571650025,0.09589234985240153,0.00019881631010919723
NFP_202112_REL_20220107,2022-01-07,1,0.274135614424179,63.5128838585354,0.27091465742152454,0.10755151757315784,0.4893301373993705,0.38177861982621264,STOP_ABSTAIN,wide_ci_and_review_evsi_below_cost,0.006667387617450754,0.01,0.20800000000000002,True,True,executed,0.5342223026617079,0.0028260251773667244,0.3942215457388046,0.11368243838085851,0.0007543806293156149
NFP_202112_REL_20220107,2022-01-07,2,0.5004349523203725,21.06495016347412,0.13598614443053925,0.03828726369708596,0.28895528802143183,0.2506680243243459,STOP_REJECT,next_review_evsi_below_cost,0.0026613935319484278,0.01,0.20800000000000002,False,False,counterfactual_after_stop,0.5642138649399971,0.002481127345021088,0.32553649703179993,0.10649086466721731,0.00041978020802671995
NFP_202112_REL_20220107,2022-01-07,3,0.42726563122891154,14.861855942812628,0.05815810397893261,0.010731389823040201,0.1478339700553296,0.1371025802322894,STOP_REJECT,ci_upper_below_break_even,1.1231843762659804e-06,0.01,0.20800000000000002,False,False,counterfactual_after_stop,0.6272921866848395,0.0022487671770772912,0.2687470203236249,0.09671698791760326,0.0002406910270664456
NFP_202201_REL_20220204,2022-02-04,1,0.4548601559642423,63.5128838585354,0.44985387819998984,0.22805315554019653,0.6830995186335084,0.4550463630933118,STOP_ABSTAIN,wide_ci_and_review_evsi_below_cost,0.0,0.01,0.20800000000000002,True,True,executed,0.5228661560308858,0.0032102750803370797,0.41167122980599724,0.1249974120489814,0.0012487736987152427
NFP_202201_REL_20220204,2022-02-04,2,0.5303696854769555,21.06495016347412,0.23981001506456565,0.08487029156912132,0.43710179205809613,0.3522315004889748,CONTINUE,next_review_evsi_exceeds_cost,0.014567338910385884,0.01,0.20800000000000002,False,False,counterfactual_after_stop,0.5400348692562825,0.0028303316024870075,0.33432697706284403,0.11907798605578362,0.0005868493432685511
NFP_202201_REL_20220204,2022-02-04,3,0.38087807462452283,14.861855942812628,0.09128133976580463,0.021617433825581473,0.2079163116064697,0.18629887778088822,STOP_REJECT,ci_upper_below_break_even,7.954908021100859e-05,0.01,0.20800000000000002,False,False,counterfactual_after_stop,0.5927920762210626,0.0026693834376559033,0.30119085122738903,0.11340651706538463,0.0002890113542330181
NFP_202202_REL_20220304,2022-03-04,1,0.45274917276318605,63.5128838585354,0.44770135946831857,0.23130632749006025,0.6790231897572682,0.4477168622672079,STOP_ABSTAIN,wide_ci_and_review_evsi_below_cost,3.2751579226442118e-15,0.01,0.20800000000000002,True,True,executed,0.515190724004176,0.0032961627240150992,0.4285486715821472,0.12271818614624788,0.0013262368079034702
NFP_202202_REL_20220304,2022-03-04,2,0.529515950770206,21.06495016347412,0.23758294058890497,0.08822939379536625,0.4380473915591246,0.3498179977637583,CONTINUE,next_review_evsi_exceeds_cost,0.01414985572702307,0.01,0.20800000000000002,False,False,counterfactual_after_stop,0.5615706239788075,0.0029148479928310924,0.3707419898635287,0.11915879160816492,0.0006410379695238245
NFP_202202_REL_20220304,2022-03-04,3,0.3820304070774705,14.861855942812628,0.0908331805895586,0.02153044623243666,0.2038533906546884,0.18232294442225175,STOP_REJECT,ci_upper_below_break_even,7.15665169230808e-05,0.01,0.20800000000000002,False,False,counterfactual_after_stop,0.5920952211856402,0.002633550430686685,0.3144943413958462,0.11172211948033813,0.00030434688349244683
NFP_202203_REL_20220401,2022-04-01,1,0.2740946694334673,63.5128838585354,0.27107527166105033,0.10958415767156211,0.48912358768138153,0.37953943000981943,STOP_ABSTAIN,wide_ci_and_review_evsi_below_cost,0.006654680990132153,0.01,0.20800000000000002,True,True,executed,0.5537241891991095,0.0028868983656697555,0.4012723589444558,0.11054701108591458,0.0006500169820519484
NFP_202203_REL_20220401,2022-04-01,2,0.4964458701905231,21.06495016347412,0.13463351932609935,0.039043682970366,0.2846976566426454,0.2456539736722794,STOP_REJECT,next_review_evsi_below_cost,0.0024066652698432277,0.01,0.20800000000000002,False,False,counterfactual_after_stop,0.6265543789053115,0.0025543326931214594,0.339546231964052,0.10586143768798702,0.0003594716478650142
NFP_202203_REL_20220401,2022-04-01,3,0.42866565070603563,14.861855942812628,0.057648470713634256,0.010416983019200805,0.14673033335207347,0.13631335033287267,STOP_REJECT,ci_upper_below_break_even,9.795661942555593e-07,0.01,0.20800000000000002,False,False,counterfactual_after_stop,0.6446532796104769,0.0022919027870560685,0.2808746716823962,0.09736988584934096,0.00020668941910811944
NFP_202204_REL_20220506,2022-05-06,1,0.2768693860630249,63.5128838585354,0.27378114161281153,0.10900426710780795,0.4963061246924002,0.38730185758459224,STOP_ABSTAIN,wide_ci_and_review_evsi_below_cost,0.006352383407490794,0.01,0.20800000000000002,True,True,executed,0.556029080881727,0.002849593086017639,0.41354070360441536,0.11410525711015677,0.0006544438815264658
NFP_202204_REL_20220506,2022-05-06,2,0.49824847961599095,21.06495016347412,0.136504281932571,0.03717160494877066,0.287969030053181,0.25079742510441033,STOP_REJECT,next_review_evsi_below_cost,0.002608467095523602,0.01,0.20800000000000002,False,False,counterfactual_after_stop,0.6157963762912765,0.002621080096096328,0.3463615884297835,0.11257480015875922,0.00036838168182744843
NFP_202204_REL_20220506,2022-05-06,3,0.4181947352697006,14.861855942812628,0.05720673826454169,0.009845296356672549,0.14388650645431536,0.1340412100976428,STOP_REJECT,ci_upper_below_break_even,9.033382679544854e-07,0.01,0.20800000000000002,False,False,counterfactual_after_stop,0.6733072950046666,0.002306986427004577,0.288446749143671,0.10118567647793526,0.00020603946451829737
NFP_202205_REL_20220603,2022-06-03,1,0.272046186258917,63.5128838585354,0.269002239901302,0.10658619336847354,0.48693097925137885,0.3803447858829053,STOP_ABSTAIN,wide_ci_and_review_evsi_below_cost,0.006619639774192637,0.01,0.20800000000000002,True,True,executed,0.5629754218310679,0.0028905609101421885,0.4043689547915641,0.10739664922693935,0.0007036854173552615
NFP_202205_REL_20220603,2022-06-03,2,0.4973656229960029,21.06495016347412,0.13460804972945903,0.03754812349495713,0.2835070903138224,0.24595896681886525,STOP_REJECT,next_review_evsi_below_cost,0.0027485942227099395,0.01,0.20800000000000002,False,False,counterfactual_after_stop,0.6205222318761832,0.0024085609232291794,0.3124353063710344,0.09593307570094639,0.00037156893009983815
NFP_202205_REL_20220603,2022-06-03,3,0.4274354121502657,14.861855942812628,0.05710872710217954,0.010302047454884038,0.1417096023863115,0.13140755493142747,STOP_REJECT,ci_upper_below_break_even,9.763447937449539e-07,0.01,0.20800000000000002,False,False,counterfactual_after_stop,0.6537589386876875,0.002174554125441985,0.2750130639368191,0.09181006679977652,0.0002172459263524407
NFP_202206_REL_20220708,2022-07-08,1,0.2741204559329069,63.5128838585354,0.27104803843075936,0.10813791959363168,0.49196665796461136,0.3838287383709797,STOP_ABSTAIN,wide_ci_and_review_evsi_below_cost,0.006664485690230676,0.01,0.20800000000000002,True,True,executed,0.5606004375420097,0.0027824607879087387,0.42080609575503863,0.11517950078836725,0.0007054597636493026
NFP_202206_REL_20220708,2022-07-08,2,0.5013360105542924,21.06495016347412,0.13650315087108705,0.036226775972131274,0.28963131450378743,0.2534045385316562,STOP_REJECT,next_review_evsi_below_cost,0.0031116884461024207,0.01,0.20800000000000002,False,False,counterfactual_after_stop,0.6031321875090276,0.0023369926270808117,0.3315410385677719,0.1036225619716677,0.0003819861472161878
NFP_202206_REL_20220708,2022-07-08,3,0.423607483692028,14.861855942812628,0.05766486133798051,0.010202118559353228,0.14335492518372497,0.13315280662437173,STOP_REJECT,ci_upper_below_break_even,9.96935070416385e-07,0.01,0.20800000000000002,False,False,counterfactual_after_stop,0.623806467768144,0.002244812264254352,0.30574753901903357,0.09732418285944316,0.00022429756314389416
NFP_202207_REL_20220805,2022-08-05,1,0.45066192147927053,63.5128838585354,0.4455979172753675,0.22067428081585605,0.6806915348404039,0.46001725402454785,STOP_ABSTAIN,wide_ci_and_review_evsi_below_cost,0.0,0.01,0.20800000000000002,True,True,executed,0.5448596922953538,0.003111888057571179,0.4250418805541008,0.11703091525521889,0.0013001361267945774
NFP_202207_REL_20220805,2022-08-05,2,0.5264517760353482,21.06495016347412,0.23534789365525532,0.08221116351689595,0.4307434230723833,0.34853225955548733,CONTINUE,next_review_evsi_exceeds_cost,0.016331600054787745,0.01,0.20800000000000002,False,False,counterfactual_after_stop,0.5772684242340497,0.0027692416655274886,0.362278246382432,0.11204031523618413,0.000614483923459605
NFP_202207_REL_20220805,2022-08-05,3,0.37866186518925166,14.861855942812628,0.08893527375743525,0.021170101691233192,0.20024684531231504,0.17907674362108184,STOP_REJECT,ci_upper_below_break_even,7.332544663611429e-05,0.01,0.20800000000000002,False,False,counterfactual_after_stop,0.6408518698777743,0.00267853540789912,0.31919766918404263,0.1051671555008062,0.0002947607776226071
NFP_202208_REL_20220902,2022-09-02,1,0.27319769695838386,63.5128838585354,0.2701469441534284,0.106274217623102,0.4924626302069227,0.3861884125838207,STOP_ABSTAIN,wide_ci_and_review_evsi_below_cost,0.007134157259252608,0.01,0.20800000000000002,True,True,executed,0.516933075602312,0.0027456613861008184,0.41467322836766635,0.11333224331817134,0.0006345179750358844
NFP_202208_REL_20220902,2022-09-02,2,0.4985467178254573,21.06495016347412,0.13507571321048192,0.036512667892424286,0.29646429541461516,0.25995162752219086,STOP_REJECT,next_review_evsi_below_cost,0.0028569953249020334,0.01,0.20800000000000002,False,False,counterfactual_after_stop,0.5795993933969963,0.0024624204578139303,0.3449253838236263,0.1071843871685378,0.0003497371615505701
NFP_202208_REL_20220902,2022-09-02,3,0.4263825569444891,14.861855942812628,0.057966342470155426,0.009909931461957911,0.1484823690147201,0.1385724375527622,STOP_REJECT,ci_upper_below_break_even,2.1695864201308147e-06,0.01,0.20800000000000002,False,False,counterfactual_after_stop,0.5768522723504663,0.002055538102850013,0.2761370694792829,0.09389018797501306,0.00019430070766572691
NFP_202209_REL_20221007,2022-10-07,1,0.2686000473662534,63.5128838585354,0.2655380638421177,0.10833815917919029,0.48251365305005917,0.3741754938708689,STOP_ABSTAIN,wide_ci_and_review_evsi_below_cost,0.007074044903181101,0.01,0.20800000000000002,True,True,executed,0.5460724172918646,0.0028722628542805174,0.440031578755048,0.11332201647878874,0.0007000925652464326
NFP_202209_REL_20221007,2022-10-07,2,0.49588538937987875,21.06495016347412,0.1317989678822082,0.03754755839713632,0.2839621012350908,0.2464145428379545,STOP_REJECT,next_review_evsi_below_cost,0.0020449314309152265,0.01,0.20800000000000002,False,False,counterfactual_after_stop,0.5964084693329137,0.002513822292316751,0.37049436294318183,0.10444211445169141,0.00038130323472486356
NFP_202209_REL_20221007,2022-10-07,3,0.42568325668340423,14.861855942812628,0.05633140805988867,0.01005512524292403,0.14576778830405124,0.1357126630611272,STOP_REJECT,ci_upper_below_break_even,6.128871495407133e-07,0.01,0.20800000000000002,False,False,counterfactual_after_stop,0.6311884942288492,0.002199864763815742,0.3058706262674281,0.09577262518414817,0.0002200363130684216
NFP_202210_REL_20221104,2022-11-04,1,0.27209837029375955,63.5128838585354,0.2689925988439138,0.10820380675741396,0.484460748167756,0.376256941410342,STOP_ABSTAIN,wide_ci_and_review_evsi_below_cost,0.007200975619031033,0.01,0.20800000000000002,True,True,executed,0.5023851673738805,0.0029059766670861504,0.40793528673454027,0.11319683917879828,0.0007054744916010787
NFP_202210_REL_20221104,2022-11-04,2,0.49950695601351913,21.06495016347412,0.1345928806240461,0.03719523615971354,0.28895835188195773,0.2517631157222442,STOP_REJECT,next_review_evsi_below_cost,0.0025407284035049607,0.01,0.20800000000000002,False,False,counterfactual_after_stop,0.5609717254735476,0.002483721333167363,0.3485605872961246,0.1065585625445263,0.0003945719136096606
NFP_202210_REL_20221104,2022-11-04,3,0.42087874799034214,14.861855942812628,0.05710159535509206,0.009586973115067543,0.14661585865565324,0.1370288855405857,STOP_REJECT,ci_upper_below_break_even,1.3913364654315982e-06,0.01,0.20800000000000002,False,False,counterfactual_after_stop,0.5481606397769468,0.0020831410388654423,0.2765863733443731,0.09306009484648924,0.00022012023695957682
NFP_202211_REL_20221202,2022-12-02,1,0.2752374532621013,63.5128838585354,0.272119754751288,0.11054838852955634,0.4889737265142179,0.37842533798466155,STOP_ABSTAIN,wide_ci_and_review_evsi_below_cost,0.006151466550160425,0.01,0.20800000000000002,True,True,executed,0.5461023532494408,0.0029580214836253827,0.42194933116295763,0.11464006447200215,0.0007007938618496911
NFP_202211_REL_20221202,2022-12-02,2,0.4944010031272279,21.06495016347412,0.13481539173252496,0.036595964918648104,0.2874424264080118,0.25084646148936374,STOP_REJECT,next_review_evsi_below_cost,0.002464021505633958,0.01,0.20800000000000002,False,False,counterfactual_after_stop,0.5679158230464533,0.0024693160418021013,0.33477950179062177,0.10713756399478083,0.0003760533899755868
NFP_202211_REL_20221202,2022-12-02,3,0.43196776631300127,14.861855942812628,0.058373810975036945,0.010466381663307394,0.149055434571242,0.1385890529079346,STOP_REJECT,ci_upper_below_break_even,1.1832583492091735e-06,0.01,0.20800000000000002,False,False,counterfactual_after_stop,0.5683566887476481,0.0021792541650439714,0.2861376343473637,0.09741577179704045,0.00021757727355315977
NFP_202212_REL_20230106,2023-01-06,1,0.2719389982710312,63.5128838585354,0.26886738097139223,0.1071674336032231,0.4884956958173356,0.3813282622141125,STOP_ABSTAIN,wide_ci_and_review_evsi_below_cost,0.007267352517814893,0.01,0.20800000000000002,True,True,executed,0.5167662025414691,0.002652670608556786,0.433819600040512,0.1120985782318037,0.0006711771362084655
NFP_202212_REL_20230106,2023-01-06,2,0.4997018951757203,21.06495016347412,0.13480813356088941,0.0353993258920835,0.29259760019373965,0.25719827430165615,STOP_REJECT,next_review_evsi_below_cost,0.0028533443374655068,0.01,0.20800000000000002,False,False,counterfactual_after_stop,0.5546616534141711,0.002379907526745965,0.3465749708030668,0.10102552191353015,0.0003684022421550711
NFP_202212_REL_20230106,2023-01-06,3,0.4220341413227054,14.861855942812628,0.05723805285758875,0.009860287750504255,0.14337869487236435,0.13351840712186008,STOP_REJECT,ci_upper_below_break_even,1.7776517084023325e-06,0.01,0.20800000000000002,False,False,counterfactual_after_stop,0.5739700809934866,0.0021216247455675204,0.2853361172772976,0.0903615182858129,0.00020601842083540505
NFP_202301_REL_20230203,2023-02-03,1,0.4514196295780036,63.5128838585354,0.4462833430299075,0.21853603084795434,0.6901850649847154,0.47164903413676107,STOP_ABSTAIN,wide_ci_and_review_evsi_below_cost,3.885780586188048e-16,0.01,0.20800000000000002,True,True,executed,0.5049708899618182,0.0030123812499305617,0.4331779035042023,0.11868811360551625,0.0012931008378247448
NFP_202301_REL_20230203,2023-02-03,2,0.526087166315643,21.06495016347412,0.23566051758766385,0.0851685997134002,0.4322939870758973,0.3471253873624971,CONTINUE,next_review_evsi_exceeds_cost,0.016463780684264906,0.01,0.20800000000000002,False,False,counterfactual_after_stop,0.5417649279625435,0.0027661497965109382,0.37702723259373305,0.120519574793738,0.0006257885045265532
NFP_202301_REL_20230203,2023-02-03,3,0.3776954988254662,14.861855942812628,0.08941491872192185,0.019997126896642927,0.20885146545357197,0.18885433855692904,STOP_ABSTAIN,terminal_ci_straddles_break_even,9.647414813460377e-05,0.01,0.20800000000000002,False,False,counterfactual_after_stop,0.5617021587252935,0.0025032710384512466,0.30479549109442133,0.10544196973599024,0.00029128552955933655
NFP_202302_REL_20230310,2023-03-10,1,0.2721156470535458,63.5128838585354,0.2690996106122419,0.10480765390454301,0.48170371668200457,0.37689606277746157,STOP_ABSTAIN,wide_ci_and_review_evsi_below_cost,0.007334470004014992,0.01,0.20800000000000002,True,True,executed,0.5239798433108649,0.00273469177873739,0.4172402169648525,0.10517265173025499,0.0006033035594981421
NFP_202302_REL_20230310,2023-03-10,2,0.5005151053814172,21.06495016347412,0.1353676156491225,0.03766438245438508,0.2941531331195567,0.2564887506651716,STOP_REJECT,next_review_evsi_below_cost,0.003101206310239089,0.01,0.20800000000000002,False,False,counterfactual_after_stop,0.5645655336365606,0.002435940810702043,0.33491443099126234,0.09881557229240588,0.00032996271838502475
NFP_202302_REL_20230310,2023-03-10,3,0.4226162720227321,14.861855942812628,0.057627979449245574,0.00993982375803547,0.1487307604055163,0.13879093664748082,STOP_REJECT,ci_upper_below_break_even,2.2439357272486507e-06,0.01,0.20800000000000002,False,False,counterfactual_after_stop,0.579734226074569,0.002053738705792086,0.2765498370497506,0.08620449100008884,0.00018346087255788335
NFP_202304_REL_20230505,2023-05-05,1,0.27328859542427075,63.5128838585354,0.2702400515358885,0.10723558394602209,0.49057191126205757,0.3833363273160355,STOP_ABSTAIN,wide_ci_and_review_evsi_below_cost,0.007049489723878935,0.01,0.20800000000000002,True,True,executed,0.513821858174048,0.0028987718802382474,0.43126334518334974,0.11201287957368963,0.0006669261712448799
NFP_202304_REL_20230505,2023-05-05,2,0.4984863961847359,21.06495016347412,0.1346470819721863,0.03537248316996154,0.28739993883275605,0.2520274556627945,STOP_REJECT,next_review_evsi_below_cost,0.002450248179950157,0.01,0.20800000000000002,False,False,counterfactual_after_stop,0.6015849074359179,0.0025459179558327627,0.38362155820510496,0.10843408859848049,0.00037560560643890386
NFP_202304_REL_20230505,2023-05-05,3,0.4191485657383166,14.861855942812628,0.056758560477846554,0.009679702619522182,0.14806902924890325,0.13838932662938108,STOP_REJECT,ci_upper_below_break_even,1.636341483328308e-06,0.01,0.20800000000000002,False,False,counterfactual_after_stop,0.6001972347575237,0.002118097452659469,0.2981709453226631,0.09197757775437937,0.00020248430846095904
NFP_202305_REL_20230602,2023-06-02,1,0.4556206490704893,63.5128838585354,0.4503827653319579,0.22782387473197632,0.6899007527159938,0.46207687798401753,STOP_ABSTAIN,wide_ci_and_review_evsi_below_cost,1.1102230246251565e-16,0.01,0.20800000000000002,True,True,executed,0.5248759570772944,0.0031171339856119933,0.4565642199039892,0.11708077901931083,0.0013119877822830202
NFP_202305_REL_20230602,2023-06-02,2,0.5293813894044387,21.06495016347412,0.23855760947048998,0.0893143795940699,0.43355712175174954,0.34424274215767964,CONTINUE,next_review_evsi_exceeds_cost,0.014556048385980083,0.01,0.20800000000000002,False,False,counterfactual_after_stop,0.5953259789945677,0.002861162886095554,0.39527101410613397,0.11614656994769372,0.0006323240049418019
NFP_202305_REL_20230602,2023-06-02,3,0.38019345135579224,14.861855942812628,0.09100185133391579,0.020569216870158866,0.21219080905128537,0.1916215921811265,STOP_ABSTAIN,terminal_ci_straddles_break_even,0.00013223519281550602,0.01,0.20800000000000002,False,False,counterfactual_after_stop,0.5718889536089358,0.0024136845130035747,0.31550485359421715,0.09787096204664641,0.00027546563207541243
NFP_202306_REL_20230707,2023-07-07,1,0.27424705130459304,63.5128838585354,0.27124513039758696,0.10451965390847781,0.49758165980383456,0.3930620058953568,STOP_ABSTAIN,wide_ci_and_review_evsi_below_cost,0.007504224201631632,0.01,0.20800000000000002,True,True,executed,0.5232997996675083,0.0028097983459927653,0.40870572361471347,0.1042936609607558,0.0006163576395109061
NFP_202306_REL_20230707,2023-07-07,2,0.49938332157359444,21.06495016347412,0.13565887684024802,0.03601699836244246,0.295394263236509,0.25937726487406654,STOP_REJECT,next_review_evsi_below_cost,0.0032120369981447293,0.01,0.20800000000000002,False,False,counterfactual_after_stop,0.5789015213358696,0.002493344939000919,0.34924660554344855,0.10155496273439373,0.00034412592859563265
NFP_202306_REL_20230707,2023-07-07,3,0.4187576532326126,14.861855942812628,0.05701186140839337,0.009315902408034298,0.145804645210791,0.13648874280275672,STOP_REJECT,ci_upper_below_break_even,1.546504959987527e-06,0.01,0.20800000000000002,False,False,counterfactual_after_stop,0.6315957509564807,0.0022017956628760417,0.2930934409103563,0.09262201641145697,0.00019636463667281015
NFP_202307_REL_20230804,2023-08-04,1,0.27624022404966936,63.5128838585354,0.2731670166356861,0.10934475556910785,0.49088649234160664,0.3815417367724988,STOP_ABSTAIN,wide_ci_and_review_evsi_below_cost,0.006548977287371319,0.01,0.20800000000000002,True,True,executed,0.5118544910940004,0.0028128662768229493,0.4412706230134214,0.10641120194603529,0.0006780712115645692
NFP_202307_REL_20230804,2023-08-04,2,0.5015725931316258,21.06495016347412,0.13693178548648907,0.03777817648616905,0.28784835816191484,0.2500701816757458,STOP_REJECT,next_review_evsi_below_cost,0.0031132565871059875,0.01,0.20800000000000002,False,False,counterfactual_after_stop,0.5568345719121137,0.0024737905238890125,0.3924640248832779,0.10088095130474753,0.0003723669802386502
NFP_202307_REL_20230804,2023-08-04,3,0.4197348982031956,14.861855942812628,0.05759110150422887,0.009900586082409964,0.14617468688213078,0.13627410079972083,STOP_REJECT,ci_upper_below_break_even,2.039679343274244e-06,0.01,0.20800000000000002,False,False,counterfactual_after_stop,0.5857647333093499,0.002060613809219483,0.3172069235247853,0.09216012804841792,0.00020250199727748496
NFP_202308_REL_20230901,2023-09-01,1,0.27238647939298816,63.5128838585354,0.26926807860094665,0.10782986427038058,0.48962996303899053,0.38180009876861,STOP_ABSTAIN,wide_ci_and_review_evsi_below_cost,0.007019056657741746,0.01,0.20800000000000002,True,True,executed,0.5564127679618065,0.002828576935875776,0.4418398852985368,0.10876028874628908,0.0006855677862021419
NFP_202308_REL_20230901,2023-09-01,2,0.5017456692877741,21.06495016347412,0.13527839089989352,0.036888449287334604,0.28775771560149316,0.25086926631415857,STOP_REJECT,next_review_evsi_below_cost,0.0026597508744469877,0.01,0.20800000000000002,False,False,counterfactual_after_stop,0.5960559083464494,0.002482335458511644,0.3624174638589959,0.10705589400890922,0.0003810011454445818
NFP_202308_REL_20230901,2023-09-01,3,0.42513864879871016,14.861855942812628,0.057608384425440654,0.01013961239224852,0.14564922401350977,0.13550961162126124,STOP_REJECT,ci_upper_below_break_even,1.5285496191067513e-06,0.01,0.20800000000000002,False,False,counterfactual_after_stop,0.6086393675363935,0.002134149657375673,0.3113143589967296,0.09626144989837593,0.0002126519331108022
NFP_202309_REL_20231006,2023-10-06,1,0.45204709632260437,63.5128838585354,0.44701820795038955,0.2271661308406426,0.6807973181830075,0.45363118734236485,STOP_ABSTAIN,wide_ci_and_review_evsi_below_cost,0.0,0.01,0.20800000000000002,True,True,executed,0.5285758199911234,0.003156668571948602,0.4487515299286261,0.11814494860347585,0.001262259570982778
NFP_202309_REL_20231006,2023-10-06,2,0.5287753678699768,21.06495016347412,0.2365681746496846,0.08791829068683323,0.4310250097216429,0.3431067190348097,CONTINUE,next_review_evsi_exceeds_cost,0.015632478384519116,0.01,0.20800000000000002,False,False,counterfactual_after_stop,0.5708262020234413,0.002946169131262266,0.3965880951949577,0.1150738632936862,0.0006010093042701404
NFP_202309_REL_20231006,2023-10-06,3,0.3804923930018203,14.861855942812628,0.09073455350719167,0.019936815255514554,0.20744201234878137,0.18750519709326682,STOP_REJECT,ci_upper_below_break_even,0.00013116322821545264,0.01,0.20800000000000002,False,False,counterfactual_after_stop,0.5523016452384618,0.0023484020724620367,0.3135901625961507,0.0950495968174045,0.0002650393030451812
NFP_202310_REL_20231103,2023-11-03,1,0.2700620590608222,63.5128838585354,0.2670757467722964,0.10318836589730908,0.4875019056403156,0.3843135397430065,STOP_ABSTAIN,wide_ci_and_review_evsi_below_cost,0.007516151023501047,0.01,0.20800000000000002,True,True,executed,0.5344028268405542,0.0028241370563741215,0.43434094419975666,0.1069649766357462,0.0006306854439843767
NFP_202310_REL_20231103,2023-11-03,2,0.5033258163300414,21.06495016347412,0.13480373769339696,0.03522560554216334,0.28754153917376823,0.25231593363160487,STOP_REJECT,next_review_evsi_below_cost,0.0024727394242360853,0.01,0.20800000000000002,False,False,counterfactual_after_stop,0.5994261529967555,0.002514044188863832,0.3841919010561514,0.10522582657777264,0.00035964368648060564
NFP_202310_REL_20231103,2023-11-03,3,0.426454877040838,14.861855942812628,0.05717365137020116,0.009950099905184816,0.1422538817119061,0.13230378180672128,STOP_REJECT,ci_upper_below_break_even,7.687609180264283e-07,0.01,0.20800000000000002,False,False,counterfactual_after_stop,0.6550079781433829,0.002320506436748386,0.32386687661854346,0.09482744815230089,0.0002080603056523433
NFP_202311_REL_20231208,2023-12-08,1,0.2739876570099198,63.5128838585354,0.2708725188645434,0.10394105393994676,0.48962002867585785,0.38567897473591106,STOP_ABSTAIN,wide_ci_and_review_evsi_below_cost,0.007188846839682461,0.01,0.20800000000000002,True,True,executed,0.5292382376544078,0.0026952531608050462,0.4420465024308651,0.11372070424750838,0.0006188497921826179
NFP_202311_REL_20231208,2023-12-08,2,0.49912488184334863,21.06495016347412,0.1357615822297649,0.03577280672875746,0.28792441681874764,0.2521516100899902,STOP_REJECT,next_review_evsi_below_cost,0.002994896243396525,0.01,0.20800000000000002,False,False,counterfactual_after_stop,0.5846110044165026,0.0023591333458177735,0.38454254319752873,0.1058516783021377,0.0003448428206642403
NFP_202311_REL_20231208,2023-12-08,3,0.42234779550698076,14.861855942812628,0.05741810952730124,0.009424470269948122,0.14650130989558693,0.13707683962563882,STOP_REJECT,ci_upper_below_break_even,1.6920625273836462e-06,0.01,0.20800000000000002,False,False,counterfactual_after_stop,0.6369572600167602,0.0020433820746541325,0.31377602000449106,0.09425341039569973,0.00019322727410877525
NFP_202312_REL_20240105,2024-01-05,1,0.2800590170513081,63.5128838585354,0.27688925073423126,0.11045175493116227,0.49748256017687975,0.3870308052457175,STOP_ABSTAIN,wide_ci_and_review_evsi_below_cost,0.006063909651894461,0.01,0.20800000000000002,True,True,executed,0.5610510103362595,0.0028283575252295253,0.4530162000615796,0.11143052930463926,0.0006224327636062109
NFP_202312_REL_20240105,2024-01-05,2,0.49451194594493325,21.06495016347412,0.13744758217560216,0.03716136941898566,0.2955868408665297,0.258425471447544,STOP_REJECT,next_review_evsi_below_cost,0.00330204131841832,0.01,0.20800000000000002,False,False,counterfactual_after_stop,0.5956441830623203,0.002540449155747919,0.37379564470953863,0.10332628088065482,0.0003361978277833145
NFP_202312_REL_20240105,2024-01-05,3,0.4225684711750091,14.861855942812628,0.0581417926576796,0.009838906930873578,0.14982300455765565,0.13998409762678207,STOP_REJECT,ci_upper_below_break_even,1.8051917051328319e-06,0.01,0.20800000000000002,False,False,counterfactual_after_stop,0.6124697215187136,0.0021765221418289103,0.30386561246674254,0.09267350849554204,0.00018896287598975825
NFP_202401_REL_20240202,2024-02-02,1,0.45428584458785726,63.5128838585354,0.4492047645941904,0.2209354983186826,0.691067390494049,0.4701318921753664,STOP_ABSTAIN,wide_ci_and_review_evsi_below_cost,0.0,0.01,0.20800000000000002,True,True,executed,0.5080400305506056,0.002792728272247065,0.44112119452662674,0.11581103937710809,0.0012303188179305883
NFP_202401_REL_20240202,2024-02-02,2,0.526849836947738,21.06495016347412,0.23676826699682432,0.0827229848641985,0.4373580396167232,0.3546350547525247,CONTINUE,next_review_evsi_exceeds_cost,0.016336754707063042,0.01,0.20800000000000002,False,False,counterfactual_after_stop,0.5567344207845001,0.002748280196326188,0.38068421064205465,0.11171051187200459,0.0005999498343297952
NFP_202401_REL_20240202,2024-02-02,3,0.37688117995466486,14.861855942812628,0.08951366429364913,0.018991619971084964,0.2062886448071538,0.18729702483606886,STOP_REJECT,ci_upper_below_break_even,0.00010206045790355747,0.01,0.20800000000000002,False,False,counterfactual_after_stop,0.629760968599382,0.0024771544009400863,0.3311990241154764,0.09936718068039353,0.0002794243192196597
NFP_202402_REL_20240308,2024-03-08,1,0.45370240469479634,63.5128838585354,0.4486251142018184,0.22340380068982935,0.6888240859916923,0.46542028530186297,STOP_ABSTAIN,wide_ci_and_review_evsi_below_cost,0.0,0.01,0.20800000000000002,True,True,executed,0.5171685555136857,0.003048931002417535,0.46607303546239404,0.11646751648457845,0.0012313551718891094
NFP_202402_REL_20240308,2024-03-08,2,0.5267088437643936,21.06495016347412,0.2364099421340988,0.08502988945566209,0.43562591094590775,0.35059602149024566,CONTINUE,next_review_evsi_exceeds_cost,0.016176640499524227,0.01,0.20800000000000002,False,False,counterfactual_after_stop,0.5788700693489938,0.002938717133816178,0.4047293790266181,0.11602353211376079,0.0005980891409049357
NFP_202402_REL_20240308,2024-03-08,3,0.37591170797128554,14.861855942812628,0.08916467970248013,0.01927047802096937,0.20454625324217368,0.1852757752212043,STOP_REJECT,ci_upper_below_break_even,0.00010312717349906023,0.01,0.20800000000000002,False,False,counterfactual_after_stop,0.5981500688172454,0.002506843860287973,0.3337172969595487,0.10167860372146607,0.0002727983441831588
NFP_202403_REL_20240405,2024-04-05,1,0.45623791652395085,63.5128838585354,0.45104577239700494,0.22736359671181042,0.6881296170236034,0.46076602031179303,STOP_ABSTAIN,wide_ci_and_review_evsi_below_cost,2.220446049250313e-16,0.01,0.20800000000000002,True,True,executed,0.5195981031792357,0.002944061897561494,0.4646554880859783,0.1183095287455655,0.001390143598557546
NFP_202403_REL_20240405,2024-04-05,2,0.5322623501421602,21.06495016347412,0.2400830464685438,0.08866172934821998,0.4399174433168926,0.3512557139686726,CONTINUE,next_review_evsi_exceeds_cost,0.014592063976797423,0.01,0.20800000000000002,False,False,counterfactual_after_stop,0.5721245885560737,0.0027964636406324125,0.3920242527057475,0.11733659831960498,0.0006698454095127504
NFP_202403_REL_20240405,2024-04-05,3,0.37554820354323903,14.861855942812628,0.09060516408464733,0.020347562770109233,0.20848698879841965,0.1881394260283104,STOP_ABSTAIN,terminal_ci_straddles_break_even,0.00011105788314106336,0.01,0.20800000000000002,False,False,counterfactual_after_stop,0.6305902820501414,0.0024567041782300523,0.33049575524500213,0.10070965011316727,0.00030631426650117624
NFP_202404_REL_20240503,2024-05-03,1,0.2739646261771095,63.5128838585354,0.27097679759656934,0.10317989683366319,0.5002817328124555,0.3971018359787923,STOP_ABSTAIN,wide_ci_and_review_evsi_below_cost,0.007988505522723358,0.01,0.20800000000000002,True,True,executed,0.5025813690906578,0.0025514724782192,0.4361164125412197,0.10438012386012366,0.000566891491465295
NFP_202404_REL_20240503,2024-05-03,2,0.49633923962415055,21.06495016347412,0.1353031633791718,0.035666602367074314,0.2955581405040251,0.2598915381369508,STOP_REJECT,next_review_evsi_below_cost,0.004001649512031471,0.01,0.20800000000000002,False,False,counterfactual_after_stop,0.5488104364109603,0.00212034919449632,0.35042650706941225,0.09757917059306245,0.0003034603038607766
NFP_202404_REL_20240503,2024-05-03,3,0.4224251769399939,14.861855942812628,0.05723656575997735,0.009557805957554953,0.14817907795861163,0.13862127200105667,STOP_REJECT,ci_upper_below_break_even,2.7110482959749175e-06,0.01,0.20800000000000002,False,False,counterfactual_after_stop,0.6065824252076415,0.001958096051297588,0.30045976419720516,0.09065356728027145,0.0001758124950833262
NFP_202405_REL_20240607,2024-06-07,1,0.45151414301474363,63.5128838585354,0.44648142446927147,0.2232970545088376,0.6855473657347407,0.4622503112259031,STOP_ABSTAIN,wide_ci_and_review_evsi_below_cost,2.7755575615628914e-15,0.01,0.20800000000000002,True,True,executed,0.5245737028194827,0.0029528558873125527,0.49301807153573096,0.12108709699791016,0.001213503513565
NFP_202405_REL_20240607,2024-06-07,2,0.5235670593986312,21.06495016347412,0.23334453322981363,0.08446837013654246,0.42971543568989773,0.34524706555335527,CONTINUE,next_review_evsi_exceeds_cost,0.017153263483632337,0.01,0.20800000000000002,False,False,counterfactual_after_stop,0.573959158382467,0.002858107002499367,0.4295270199428536,0.11968010985166168,0.000580293054854859
NFP_202405_REL_20240607,2024-06-07,3,0.38036136750612964,14.861855942812628,0.08941988535456297,0.01980483097550909,0.2055940147523698,0.1857891837768607,STOP_REJECT,ci_upper_below_break_even,0.00012079727395439563,0.01,0.20800000000000002,False,False,counterfactual_after_stop,0.5768301244929391,0.0023048786688537938,0.33591579344495176,0.09957614998428205,0.00025720733110389497
NFP_202406_REL_20240705,2024-07-05,1,0.2769257052178811,63.5128838585354,0.2738782027383271,0.10786799754674649,0.5027442771305288,0.39487627958378235,STOP_ABSTAIN,wide_ci_and_review_evsi_below_cost,0.007026214368268446,0.01,0.20800000000000002,True,True,executed,0.5114250973470835,0.002716178987990515,0.4827948747221799,0.1009259343444194,0.0006428766540296677
NFP_202406_REL_20240705,2024-07-05,2,0.4973763066045786,21.06495016347412,0.13670433345710864,0.03658107528792632,0.29546475560691116,0.25888368031898484,STOP_REJECT,next_review_evsi_below_cost,0.003477664250641154,0.01,0.20800000000000002,False,False,counterfactual_after_stop,0.5755002486860059,0.0023446532784971,0.3931728440372617,0.09982011577032215,0.00035332684182723026
NFP_202406_REL_20240705,2024-07-05,3,0.4222096032493873,14.861855942812628,0.05787389545366711,0.009396924076690839,0.149378402055199,0.13998147797850816,STOP_REJECT,ci_upper_below_break_even,2.0709106944101427e-06,0.01,0.20800000000000002,False,False,counterfactual_after_stop,0.6196704350904656,0.0021138331904587775,0.3260434664489495,0.09038788570358729,0.00020029648458402426
NFP_202407_REL_20240802,2024-08-02,1,0.27447405845068995,63.5128838585354,0.2714394752126681,0.10921063719754494,0.4996731505538351,0.3904625133562902,STOP_ABSTAIN,wide_ci_and_review_evsi_below_cost,0.007023581247669816,0.01,0.20800000000000002,True,True,executed,0.5218034670095298,0.0028136108383536597,0.4682349575739703,0.11039400906823849,0.0006694909498675807
NFP_202407_REL_20240802,2024-08-02,2,0.498528222854378,21.06495016347412,0.13557834720084677,0.03788818843389494,0.29544152709259974,0.2575533386587048,STOP_REJECT,next_review_evsi_below_cost,0.003174874716660548,0.01,0.20800000000000002,False,False,counterfactual_after_stop,0.5693673728078685,0.0024183896036441624,0.3876632534173293,0.10565071406765077,0.00036314740259458974
NFP_202407_REL_20240802,2024-08-02,3,0.4289147728610367,14.861855942812628,0.058855322295502666,0.009982905755684446,0.15352789260473054,0.1435449868490461,STOP_REJECT,ci_upper_below_break_even,3.24582476775694e-06,0.01,0.20800000000000002,False,False,counterfactual_after_stop,0.5454174620927579,0.0019534107912476044,0.3147378801668334,0.09158859721142311,0.0001999345006719872
NFP_202408_REL_20240906,2024-09-06,1,0.27650510395136374,63.5128838585354,0.27347689209202825,0.10385666144657438,0.5029031893254171,0.39904652787884276,STOP_ABSTAIN,wide_ci_and_review_evsi_below_cost,0.007257798212693928,0.01,0.20800000000000002,True,True,executed,0.5035923547168156,0.0026334451943162583,0.4576129485560472,0.10732323775985282,0.0006129731929046978
NFP_202408_REL_20240906,2024-09-06,2,0.49589011636903485,21.06495016347412,0.1358398384677967,0.03536057699316654,0.29122606352553865,0.2558654865323721,STOP_REJECT,next_review_evsi_below_cost,0.003746671166240556,0.01,0.20800000000000002,False,False,counterfactual_after_stop,0.5128168954464255,0.0022670593666907907,0.3671990082803727,0.09696706481878783,0.0003278761760973687
NFP_202408_REL_20240906,2024-09-06,3,0.4229840116683753,14.861855942812628,0.05801343213027725,0.009423607335925368,0.15149207090752417,0.1420684635715988,STOP_REJECT,ci_upper_below_break_even,3.7549624716580188e-06,0.01,0.20800000000000002,False,False,counterfactual_after_stop,0.5092277091569126,0.0018711176956465881,0.28687391815909064,0.08263945820107056,0.00018020886511786567
NFP_202409_REL_20241004,2024-10-04,1,0.45482479116771074,63.5128838585354,0.4498098292656133,0.22561154917170836,0.6950532668389212,0.4694417176672129,STOP_ABSTAIN,wide_ci_and_review_evsi_below_cost,0.0,0.01,0.20800000000000002,True,True,executed,0.48621208586292236,0.002906460840639515,0.4510245209722511,0.11481533540455792,0.0011927064855802591
NFP_202409_REL_20241004,2024-10-04,2,0.5334111163803077,21.06495016347412,0.2399888879203876,0.08423178749980124,0.4416974987846485,0.3574657112848472,CONTINUE,next_review_evsi_exceeds_cost,0.01530550784937771,0.01,0.20800000000000002,False,False,counterfactual_after_stop,0.5553014056306964,0.0028034471687329006,0.40096039706220554,0.11297228202533727,0.0005856498896188446
NFP_202409_REL_20241004,2024-10-04,3,0.38268919888374536,14.861855942812628,0.09263508348404303,0.020041868846928698,0.2225222322123197,0.202480363365391,STOP_ABSTAIN,terminal_ci_straddles_break_even,0.00021803557139282915,0.01,0.20800000000000002,False,False,counterfactual_after_stop,0.5441339957600192,0.002285996021759049,0.32974056085623665,0.09402408037503274,0.00025923608927933716
NFP_202410_REL_20241101,2024-11-01,1,0.2691489162189564,63.5128838585354,0.2661786046077742,0.10122630812914986,0.4849918614352981,0.38376555330614825,STOP_ABSTAIN,wide_ci_and_review_evsi_below_cost,0.008216064137218343,0.01,0.20800000000000002,True,True,executed,0.5025793404672356,0.0026503405953335986,0.4569705181281547,0.10368525622128896,0.0005934168823162397
NFP_202410_REL_20241101,2024-11-01,2,0.49503273651254276,21.06495016347412,0.13139364944974882,0.03517224861393215,0.2792708792805086,0.24409863066657644,STOP_REJECT,next_review_evsi_below_cost,0.00205707992900841,0.01,0.20800000000000002,False,False,counterfactual_after_stop,0.583628106239784,0.0024560454078053533,0.40307233032808754,0.10401784644071947,0.00034598132390466755
NFP_202410_REL_20241101,2024-11-01,3,0.4249522379443299,14.861855942812628,0.05618729652050117,0.009291659554886682,0.14311918599406145,0.13382752643917478,STOP_REJECT,ci_upper_below_break_even,1.395662609908247e-06,0.01,0.20800000000000002,False,False,counterfactual_after_stop,0.5941366259175473,0.0021287421895248735,0.3200785081650793,0.09153805391523501,0.0001893801710091493
NFP_202411_REL_20241206,2024-12-06,1,0.4568384727408386,63.5128838585354,0.4517892595475839,0.21971057885116252,0.6973974997279362,0.47768692087677367,STOP_ABSTAIN,wide_ci_and_review_evsi_below_cost,1.1657341758564144e-15,0.01,0.20800000000000002,True,True,executed,0.5148624796580574,0.0027982148582541616,0.48055209938194593,0.10617287304991346,0.001159842269155048
NFP_202411_REL_20241206,2024-12-06,2,0.5260104413927652,21.06495016347412,0.23833361289746405,0.08434695807116513,0.4447206726007947,0.3603737145296295,CONTINUE,next_review_evsi_exceeds_cost,0.016618451035524423,0.01,0.20800000000000002,False,False,counterfactual_after_stop,0.5611293880609124,0.0026478503057243427,0.4157936269872431,0.10541543155101706,0.0005668776482282296
NFP_202411_REL_20241206,2024-12-06,3,0.38065224036795176,14.861855942812628,0.09034717757903361,0.019897437856899958,0.202616478853387,0.18271904099648703,STOP_REJECT,ci_upper_below_break_even,9.906025828208344e-05,0.01,0.20800000000000002,False,False,counterfactual_after_stop,0.598003278720624,0.0026621991480451474,0.36475149285442704,0.09982371445364699,0.00027874482833284837
NFP_202412_REL_20250110,2025-01-10,1,0.4551897007006674,63.5128838585354,0.4500678736861968,0.21847391350642378,0.6966477169489226,0.4781738034424988,STOP_ABSTAIN,wide_ci_and_review_evsi_below_cost,0.0,0.01,0.20800000000000002,True,True,executed,0.4950641660878202,0.0029180132554289945,0.4786331499079858,0.1096104592938895,0.001213046194931108
NFP_202412_REL_20250110,2025-01-10,2,0.5303254793670573,21.06495016347412,0.23838303455079762,0.08585434417488444,0.4444993583237027,0.3586450141488182,CONTINUE,next_review_evsi_exceeds_cost,0.016131244227334522,0.01,0.20800000000000002,False,False,counterfactual_after_stop,0.5440230898381044,0.0027068592202200417,0.4090192236720118,0.11140162599611174,0.0005926322462880179
NFP_202412_REL_20250110,2025-01-10,3,0.3745729786721935,14.861855942812628,0.08965260365754485,0.02037196349710055,0.21080513415078525,0.1904331706536847,STOP_ABSTAIN,terminal_ci_straddles_break_even,0.00011710113739617091,0.01,0.20800000000000002,False,False,counterfactual_after_stop,0.6014849046603103,0.0024365742501035945,0.3284268159575263,0.09824708514339216,0.0002724195975037748
