event_id,topic,reference_period,release_date,release_time_local,split,evidence_status,root_actual,root_expected,root_response,root_scale,root_z,root_source_id,external_cutoff,scheduled_cutoff,cutoff_reason,policy_h15_2y_response,policy_h15_2y_scale,policy_h15_2y_z,policy_h15_2y_previous_date,policy_h15_2y_scale_last_date,policy_h15_2y_source_id,policy_h15_1y_response,policy_h15_1y_scale,policy_h15_1y_z,policy_h15_1y_previous_date,policy_h15_1y_scale_last_date,policy_h15_1y_source_id,policy_zt_response,policy_zt_scale,policy_zt_z,policy_zt_previous_date,policy_zt_scale_last_date,policy_zt_source_id,inflation_be5_response,inflation_be5_scale,inflation_be5_z,inflation_be5_previous_date,inflation_be5_scale_last_date,inflation_be5_source_id,inflation_be10_response,inflation_be10_scale,inflation_be10_z,inflation_be10_previous_date,inflation_be10_scale_last_date,inflation_be10_source_id,real_h15_5y_response,real_h15_5y_scale,real_h15_5y_z,real_h15_5y_previous_date,real_h15_5y_scale_last_date,real_h15_5y_source_id,real_h15_10y_response,real_h15_10y_scale,real_h15_10y_z,real_h15_10y_previous_date,real_h15_10y_scale_last_date,real_h15_10y_source_id,real_tip_response,real_tip_scale,real_tip_z,real_tip_previous_date,real_tip_scale_last_date,real_tip_source_id,gold_gld_response,gold_gld_scale,gold_gld_z,gold_gld_previous_date,gold_gld_scale_last_date,gold_gld_source_id,gold_gc_response,gold_gc_scale,gold_gc_z,gold_gc_previous_date,gold_gc_scale_last_date,gold_gc_source_id,dollar_dxy_response,dollar_dxy_scale,dollar_dxy_z,dollar_dxy_previous_date,dollar_dxy_scale_last_date,dollar_dxy_source_id,dollar_uup_response,dollar_uup_scale,dollar_uup_z,dollar_uup_scale_last_date,dollar_uup_source_id,primary_complete,source_bundle_sha256
NFP_200501_REL_20050204,nfp,2005:01,2005-02-04,2005-02-04T08:30:00 America/New_York,development,development_seen,146.0,128.0,18.0,168.14664264326953,0.10704941661064139,philadelphia_fed_employ_first_releases,0,0,,-0.04999999999999982,0.03418295739504097,-1.4627172079398103,2005-02-03,2005-02-03,federal_reserve_h15_nominal:RIFLGFCY02_N.B,-0.029999999999999805,0.026003041977630148,-1.1537111706318113,2005-02-03,2005-02-03,federal_reserve_h15_nominal:RIFLGFCY01_N.B,0.10470261244235528,0.06915584273746797,-1.5140096381997874,2005-02-03,2005-02-03,yahoo:ZT=F,0.010000000000000675,0.022689254282303017,0.4407372704091203,2005-02-03,2005-02-03,derived:H15_5Y_nominal_minus_5Y_real,-0.009999999999999787,0.02211615458856524,-0.4521581706238437,2005-02-03,2005-02-03,derived:H15_10Y_nominal_minus_10Y_real,-0.08999999999999986,0.03519878978402363,-2.5569060911534502,2005-02-03,2005-02-03,federal_reserve_h15_real:RIFLGFCY05_XII_N.B,-0.08000000000000007,0.03659057332834749,-2.1863554659861637,2005-02-03,2005-02-03,federal_reserve_h15_real:RIFLGFCY10_XII_N.B,0.6447527174498038,0.3161100291371673,-2.0396465091907316,2005-02-03,2005-02-03,yahoo:TIP,-0.5051101072885614,0.8330024454298242,-0.606372898494827,2005-02-03,2005-02-03,yahoo:GLD,-0.6260569652338799,0.8618584407838569,-0.7264034737125549,2005-02-03,2005-02-03,yahoo:GC=F,0.49892972045208217,0.5535816896118817,0.901275692123928,2005-02-03,2005-02-03,yahoo:DX-Y.NYB,,,,,yahoo:UUP,1,"{""alfred_employment_situation_release_dates"":""b796dbd0eac6d9fd3e17ef1280bf85abe0e8b6e91df1205809e70b9ba0cf5a4b"",""federal_reserve_h15_nominal"":""dd00d34890aea66542962d4e00c3650e37e7303bdcdea95963616a6ca09fce87"",""federal_reserve_h15_real"":""5be7cb777f2a50c090ec837ab67ad98e90e36ff23935d9d8e1e1bbdb97ea0142"",""philadelphia_fed_employ_first_releases"":""8af43817875de1075966ebb668f42ddd7367db908d7897a59744917ef167f755"",""yahoo_DX-Y.NYB"":""2abdecea5830986f7a96a4a77f51a66ae7015a1d96488f3b6807200e2e1f0585"",""yahoo_GC=F"":""dde2a4acfa0b6fafad13fd03b21e79cf06b521cf30e1ed0662dd6da52c3e6f78"",""yahoo_GLD"":""cffc9bd91365864e1969d125a13ee2eeae3f44374a8337e4a94eddc8ffad287e"",""yahoo_TIP"":""9198e3f8407f96f1376cec3bff2883b5a1730e9692a4acc4b4e124d9001589b9"",""yahoo_UUP"":""a4840dacc2e010d8281489df6cb8f77cc34ce1661bdac1c6031f392e01b7aedb"",""yahoo_ZT=F"":""1f36bff6184615be1adeb576578d5ad37ce794b249c13a30005be74f8262dee4""}"
NFP_200502_REL_20050304,nfp,2005:02,2005-03-04,2005-03-04T08:30:00 America/New_York,development,development_seen,262.0,145.0,117.0,166.82033537247582,0.7013533436362109,philadelphia_fed_employ_first_releases,0,0,,-0.020000000000000018,0.03368347178048069,-0.593763022123802,2005-03-03,2005-03-03,federal_reserve_h15_nominal:RIFLGFCY02_N.B,0.010000000000000231,0.025411305816050375,0.393525624869069,2005-03-03,2005-03-03,federal_reserve_h15_nominal:RIFLGFCY01_N.B,0.029958470486982334,0.06873225355018082,-0.4358720824584911,2005-03-03,2005-03-03,yahoo:ZT=F,-0.019999999999999574,0.02550008308394578,-0.7843111700522685,2005-03-03,2005-03-03,derived:H15_5Y_nominal_minus_5Y_real,-0.02999999999999936,0.022912262031768812,-1.3093425676785253,2005-03-03,2005-03-03,derived:H15_10Y_nominal_minus_10Y_real,-0.029999999999999805,0.03866267269456426,-0.7759422178854599,2005-03-03,2005-03-03,federal_reserve_h15_real:RIFLGFCY05_XII_N.B,-0.040000000000000036,0.037348186109230484,-1.071002481432804,2005-03-03,2005-03-03,federal_reserve_h15_real:RIFLGFCY10_XII_N.B,0.40706553774840165,0.32601132076193656,-1.2486239336628846,2005-03-03,2005-03-03,yahoo:TIP,0.9496303825856959,0.8007907405080887,1.1858658380380007,2005-03-03,2005-03-03,yahoo:GLD,0.9952676253323852,0.8520708953377013,1.1680572952065575,2005-03-03,2005-03-03,yahoo:GC=F,-0.8925374232535869,0.5418614363026405,-1.6471691164142686,2005-03-03,2005-03-03,yahoo:DX-Y.NYB,,,,,yahoo:UUP,1,"{""alfred_employment_situation_release_dates"":""b796dbd0eac6d9fd3e17ef1280bf85abe0e8b6e91df1205809e70b9ba0cf5a4b"",""federal_reserve_h15_nominal"":""dd00d34890aea66542962d4e00c3650e37e7303bdcdea95963616a6ca09fce87"",""federal_reserve_h15_real"":""5be7cb777f2a50c090ec837ab67ad98e90e36ff23935d9d8e1e1bbdb97ea0142"",""philadelphia_fed_employ_first_releases"":""8af43817875de1075966ebb668f42ddd7367db908d7897a59744917ef167f755"",""yahoo_DX-Y.NYB"":""2abdecea5830986f7a96a4a77f51a66ae7015a1d96488f3b6807200e2e1f0585"",""yahoo_GC=F"":""dde2a4acfa0b6fafad13fd03b21e79cf06b521cf30e1ed0662dd6da52c3e6f78"",""yahoo_GLD"":""cffc9bd91365864e1969d125a13ee2eeae3f44374a8337e4a94eddc8ffad287e"",""yahoo_TIP"":""9198e3f8407f96f1376cec3bff2883b5a1730e9692a4acc4b4e124d9001589b9"",""yahoo_UUP"":""a4840dacc2e010d8281489df6cb8f77cc34ce1661bdac1c6031f392e01b7aedb"",""yahoo_ZT=F"":""1f36bff6184615be1adeb576578d5ad37ce794b249c13a30005be74f8262dee4""}"
NFP_200503_REL_20050401,nfp,2005:03,2005-04-01,2005-04-01T08:30:00 America/New_York,development,development_seen,110.0,151.5,-41.5,165.87077282280973,-0.25019477086739134,philadelphia_fed_employ_first_releases,0,0,,-0.04999999999999982,0.038671439409319865,-1.2929438563372886,2005-03-31,2005-03-31,federal_reserve_h15_nominal:RIFLGFCY02_N.B,-0.010000000000000231,0.025302687380998962,-0.3952149370311442,2005-03-31,2005-03-31,federal_reserve_h15_nominal:RIFLGFCY01_N.B,-0.23360826613613409,0.062373721409790334,3.745299476382795,2005-03-31,2005-03-31,yahoo:ZT=F,-0.020000000000000018,0.02769639679597738,-0.7221155931339348,2005-03-31,2005-03-31,derived:H15_5Y_nominal_minus_5Y_real,-0.020000000000000018,0.024858923985058394,-0.8045400521768817,2005-03-31,2005-03-31,derived:H15_10Y_nominal_minus_10Y_real,-0.030000000000000027,0.043743926132050914,-0.6858094975160267,2005-03-31,2005-03-31,federal_reserve_h15_real:RIFLGFCY05_XII_N.B,-0.020000000000000018,0.04193720083123483,-0.4769035511093057,2005-03-31,2005-03-31,federal_reserve_h15_real:RIFLGFCY10_XII_N.B,0.13036701046083393,0.34155076135788176,-0.3816914649598263,2005-03-31,2005-03-31,yahoo:TIP,-0.4681674425482663,0.7144179518017649,-0.6553130998003985,2005-03-31,2005-03-31,yahoo:GLD,-0.6552839480159439,0.7637071053305278,-0.8580304457588371,2005-03-31,2005-03-31,yahoo:GC=F,0.43919917625949434,0.5095913949374978,0.8618653702214945,2005-03-31,2005-03-31,yahoo:DX-Y.NYB,,,,,yahoo:UUP,1,"{""alfred_employment_situation_release_dates"":""b796dbd0eac6d9fd3e17ef1280bf85abe0e8b6e91df1205809e70b9ba0cf5a4b"",""federal_reserve_h15_nominal"":""dd00d34890aea66542962d4e00c3650e37e7303bdcdea95963616a6ca09fce87"",""federal_reserve_h15_real"":""5be7cb777f2a50c090ec837ab67ad98e90e36ff23935d9d8e1e1bbdb97ea0142"",""philadelphia_fed_employ_first_releases"":""8af43817875de1075966ebb668f42ddd7367db908d7897a59744917ef167f755"",""yahoo_DX-Y.NYB"":""2abdecea5830986f7a96a4a77f51a66ae7015a1d96488f3b6807200e2e1f0585"",""yahoo_GC=F"":""dde2a4acfa0b6fafad13fd03b21e79cf06b521cf30e1ed0662dd6da52c3e6f78"",""yahoo_GLD"":""cffc9bd91365864e1969d125a13ee2eeae3f44374a8337e4a94eddc8ffad287e"",""yahoo_TIP"":""9198e3f8407f96f1376cec3bff2883b5a1730e9692a4acc4b4e124d9001589b9"",""yahoo_UUP"":""a4840dacc2e010d8281489df6cb8f77cc34ce1661bdac1c6031f392e01b7aedb"",""yahoo_ZT=F"":""1f36bff6184615be1adeb576578d5ad37ce794b249c13a30005be74f8262dee4""}"
NFP_200504_REL_20050506,nfp,2005:04,2005-05-06,2005-05-06T08:30:00 America/New_York,development,development_seen,274.0,145.0,129.0,163.8896510643326,0.7871149835407413,philadelphia_fed_employ_first_releases,0,0,,0.1499999999999999,0.0452971981273907,3.311463097080537,2005-05-05,2005-05-05,federal_reserve_h15_nominal:RIFLGFCY02_N.B,0.08000000000000007,0.02690010816351937,2.973965737003698,2005-05-05,2005-05-05,federal_reserve_h15_nominal:RIFLGFCY01_N.B,-0.3007069534756162,0.07627707990519099,3.942297658082632,2005-05-05,2005-05-05,yahoo:ZT=F,0.04000000000000048,0.029309858351929452,1.3647285333048123,2005-05-05,2005-05-05,derived:H15_5Y_nominal_minus_5Y_real,0.020000000000000018,0.02536680067078193,0.7884321030297086,2005-05-05,2005-05-05,derived:H15_10Y_nominal_minus_10Y_real,0.09000000000000008,0.04626715592636015,1.9452243864577738,2005-05-05,2005-05-05,federal_reserve_h15_real:RIFLGFCY05_XII_N.B,0.06999999999999984,0.04163162368194975,1.6814141224655088,2005-05-05,2005-05-05,federal_reserve_h15_real:RIFLGFCY10_XII_N.B,-0.3484722105544222,0.36516708217326216,0.9542815537493637,2005-05-05,2005-05-05,yahoo:TIP,-0.9130331207844171,0.6840888106907335,-1.3346704499705464,2005-05-05,2005-05-05,yahoo:GLD,-0.8645880976749575,0.7129757858214886,-1.2126472102818775,2005-05-05,2005-05-05,yahoo:GC=F,0.7950183159534654,0.4507640317855111,1.7637128517205254,2005-05-05,2005-05-05,yahoo:DX-Y.NYB,,,,,yahoo:UUP,1,"{""alfred_employment_situation_release_dates"":""b796dbd0eac6d9fd3e17ef1280bf85abe0e8b6e91df1205809e70b9ba0cf5a4b"",""federal_reserve_h15_nominal"":""dd00d34890aea66542962d4e00c3650e37e7303bdcdea95963616a6ca09fce87"",""federal_reserve_h15_real"":""5be7cb777f2a50c090ec837ab67ad98e90e36ff23935d9d8e1e1bbdb97ea0142"",""philadelphia_fed_employ_first_releases"":""8af43817875de1075966ebb668f42ddd7367db908d7897a59744917ef167f755"",""yahoo_DX-Y.NYB"":""2abdecea5830986f7a96a4a77f51a66ae7015a1d96488f3b6807200e2e1f0585"",""yahoo_GC=F"":""dde2a4acfa0b6fafad13fd03b21e79cf06b521cf30e1ed0662dd6da52c3e6f78"",""yahoo_GLD"":""cffc9bd91365864e1969d125a13ee2eeae3f44374a8337e4a94eddc8ffad287e"",""yahoo_TIP"":""9198e3f8407f96f1376cec3bff2883b5a1730e9692a4acc4b4e124d9001589b9"",""yahoo_UUP"":""a4840dacc2e010d8281489df6cb8f77cc34ce1661bdac1c6031f392e01b7aedb"",""yahoo_ZT=F"":""1f36bff6184615be1adeb576578d5ad37ce794b249c13a30005be74f8262dee4""}"
NFP_200505_REL_20050603,nfp,2005:05,2005-06-03,2005-06-03T08:30:00 America/New_York,development,development_seen,78.0,145.0,-67.0,164.41214811914764,-0.40751246648420314,philadelphia_fed_employ_first_releases,0,0,,0.04999999999999982,0.050259215081067156,0.9948424367422128,2005-06-02,2005-06-02,federal_reserve_h15_nominal:RIFLGFCY02_N.B,0.020000000000000018,0.029768883766073034,0.6718424566121486,2005-06-02,2005-06-02,federal_reserve_h15_nominal:RIFLGFCY01_N.B,-0.09744751156762102,0.08958009550020749,1.087825493191122,2005-06-02,2005-06-02,yahoo:ZT=F,0.0,0.029920327349488754,0.0,2005-06-02,2005-06-02,derived:H15_5Y_nominal_minus_5Y_real,0.03000000000000025,0.025978587445234836,1.1547971983943663,2005-06-02,2005-06-02,derived:H15_10Y_nominal_minus_10Y_real,0.08000000000000007,0.045736595393536784,1.7491463741812574,2005-06-02,2005-06-02,federal_reserve_h15_real:RIFLGFCY05_XII_N.B,0.06000000000000005,0.04045503886404663,1.483127978238664,2005-06-02,2005-06-02,federal_reserve_h15_real:RIFLGFCY10_XII_N.B,-0.3264507803315176,0.36619760842219284,0.8914607108934182,2005-06-02,2005-06-02,yahoo:TIP,0.16613198934977114,0.6275865550961276,0.2647156603352101,2005-06-02,2005-06-02,yahoo:GLD,0.2362949991611014,0.7039518704216038,0.3356692539499639,2005-06-02,2005-06-02,yahoo:GC=F,0.32994047112787644,0.44752580671510966,0.7372546257157259,2005-06-02,2005-06-02,yahoo:DX-Y.NYB,,,,,yahoo:UUP,1,"{""alfred_employment_situation_release_dates"":""b796dbd0eac6d9fd3e17ef1280bf85abe0e8b6e91df1205809e70b9ba0cf5a4b"",""federal_reserve_h15_nominal"":""dd00d34890aea66542962d4e00c3650e37e7303bdcdea95963616a6ca09fce87"",""federal_reserve_h15_real"":""5be7cb777f2a50c090ec837ab67ad98e90e36ff23935d9d8e1e1bbdb97ea0142"",""philadelphia_fed_employ_first_releases"":""8af43817875de1075966ebb668f42ddd7367db908d7897a59744917ef167f755"",""yahoo_DX-Y.NYB"":""2abdecea5830986f7a96a4a77f51a66ae7015a1d96488f3b6807200e2e1f0585"",""yahoo_GC=F"":""dde2a4acfa0b6fafad13fd03b21e79cf06b521cf30e1ed0662dd6da52c3e6f78"",""yahoo_GLD"":""cffc9bd91365864e1969d125a13ee2eeae3f44374a8337e4a94eddc8ffad287e"",""yahoo_TIP"":""9198e3f8407f96f1376cec3bff2883b5a1730e9692a4acc4b4e124d9001589b9"",""yahoo_UUP"":""a4840dacc2e010d8281489df6cb8f77cc34ce1661bdac1c6031f392e01b7aedb"",""yahoo_ZT=F"":""1f36bff6184615be1adeb576578d5ad37ce794b249c13a30005be74f8262dee4""}"
NFP_200506_REL_20050708,nfp,2005:06,2005-07-08,2005-07-08T08:30:00 America/New_York,development,development_seen,146.0,128.0,18.0,164.4541259254334,0.10945301553675546,philadelphia_fed_employ_first_releases,0,0,,0.06999999999999984,0.04957446034647342,1.4120173877995514,2005-07-07,2005-07-07,federal_reserve_h15_nominal:RIFLGFCY02_N.B,0.040000000000000036,0.03082848488372382,1.297501325506866,2005-07-07,2005-07-07,federal_reserve_h15_nominal:RIFLGFCY01_N.B,-0.12058177745783569,0.09824030048909646,1.2274166188164182,2005-07-07,2005-07-07,yahoo:ZT=F,0.0,0.02899980518150023,0.0,2005-07-07,2005-07-07,derived:H15_5Y_nominal_minus_5Y_real,4.440892098500626e-16,0.025517801474468676,1.7403114068991687e-14,2005-07-07,2005-07-07,derived:H15_10Y_nominal_minus_10Y_real,0.06000000000000005,0.042219161847656846,1.4211556405715344,2005-07-07,2005-07-07,federal_reserve_h15_real:RIFLGFCY05_XII_N.B,0.06000000000000005,0.03644669507542353,1.6462397996810092,2005-07-07,2005-07-07,federal_reserve_h15_real:RIFLGFCY10_XII_N.B,-0.46531514477872304,0.34233869036799913,1.3592245278455952,2005-07-07,2005-07-07,yahoo:TIP,-0.2363562671597049,0.659158143655596,-0.3585729303880054,2005-07-07,2005-07-07,yahoo:GLD,-0.09453886431840887,0.6891924244585548,-0.13717339448802088,2005-07-07,2005-07-07,yahoo:GC=F,-0.03323412150428126,0.48644220510999603,-0.0683208018448281,2005-07-07,2005-07-07,yahoo:DX-Y.NYB,,,,,yahoo:UUP,1,"{""alfred_employment_situation_release_dates"":""b796dbd0eac6d9fd3e17ef1280bf85abe0e8b6e91df1205809e70b9ba0cf5a4b"",""federal_reserve_h15_nominal"":""dd00d34890aea66542962d4e00c3650e37e7303bdcdea95963616a6ca09fce87"",""federal_reserve_h15_real"":""5be7cb777f2a50c090ec837ab67ad98e90e36ff23935d9d8e1e1bbdb97ea0142"",""philadelphia_fed_employ_first_releases"":""8af43817875de1075966ebb668f42ddd7367db908d7897a59744917ef167f755"",""yahoo_DX-Y.NYB"":""2abdecea5830986f7a96a4a77f51a66ae7015a1d96488f3b6807200e2e1f0585"",""yahoo_GC=F"":""dde2a4acfa0b6fafad13fd03b21e79cf06b521cf30e1ed0662dd6da52c3e6f78"",""yahoo_GLD"":""cffc9bd91365864e1969d125a13ee2eeae3f44374a8337e4a94eddc8ffad287e"",""yahoo_TIP"":""9198e3f8407f96f1376cec3bff2883b5a1730e9692a4acc4b4e124d9001589b9"",""yahoo_UUP"":""a4840dacc2e010d8281489df6cb8f77cc34ce1661bdac1c6031f392e01b7aedb"",""yahoo_ZT=F"":""1f36bff6184615be1adeb576578d5ad37ce794b249c13a30005be74f8262dee4""}"
NFP_200507_REL_20050805,nfp,2005:07,2005-08-05,2005-08-05T08:30:00 America/New_York,development,development_seen,207.0,145.0,62.0,160.9031999678285,0.38532484134806816,philadelphia_fed_employ_first_releases,0,0,,0.07000000000000028,0.039199259188203474,1.7857480332451259,2005-08-04,2005-08-04,federal_reserve_h15_nominal:RIFLGFCY02_N.B,0.040000000000000036,0.0290158733102211,1.3785557847024952,2005-08-04,2005-08-04,federal_reserve_h15_nominal:RIFLGFCY01_N.B,-0.1363963073091984,0.07982265874598471,1.7087417213606595,2005-08-04,2005-08-04,yahoo:ZT=F,0.029999999999999805,0.030055974146929575,0.9981376698470614,2005-08-04,2005-08-04,derived:H15_5Y_nominal_minus_5Y_real,0.020000000000000018,0.027411903060140363,0.7296100513751638,2005-08-04,2005-08-04,derived:H15_10Y_nominal_minus_10Y_real,0.06000000000000005,0.04080094991693569,1.4705539974473782,2005-08-04,2005-08-04,federal_reserve_h15_real:RIFLGFCY05_XII_N.B,0.06000000000000005,0.03890412668916148,1.5422528432366993,2005-08-04,2005-08-04,federal_reserve_h15_real:RIFLGFCY10_XII_N.B,-0.5626715602053908,0.32201565208782185,1.747342269101677,2005-08-04,2005-08-04,yahoo:TIP,-0.18332230655092424,0.6136694435622388,-0.29873135850918664,2005-08-04,2005-08-04,yahoo:GLD,-0.15997756458885606,0.6355956962799812,-0.25169705447216495,2005-08-04,2005-08-04,yahoo:GC=F,0.2956837204125448,0.5465424694991547,0.5410077659353828,2005-08-04,2005-08-04,yahoo:DX-Y.NYB,,,,,yahoo:UUP,1,"{""alfred_employment_situation_release_dates"":""b796dbd0eac6d9fd3e17ef1280bf85abe0e8b6e91df1205809e70b9ba0cf5a4b"",""federal_reserve_h15_nominal"":""dd00d34890aea66542962d4e00c3650e37e7303bdcdea95963616a6ca09fce87"",""federal_reserve_h15_real"":""5be7cb777f2a50c090ec837ab67ad98e90e36ff23935d9d8e1e1bbdb97ea0142"",""philadelphia_fed_employ_first_releases"":""8af43817875de1075966ebb668f42ddd7367db908d7897a59744917ef167f755"",""yahoo_DX-Y.NYB"":""2abdecea5830986f7a96a4a77f51a66ae7015a1d96488f3b6807200e2e1f0585"",""yahoo_GC=F"":""dde2a4acfa0b6fafad13fd03b21e79cf06b521cf30e1ed0662dd6da52c3e6f78"",""yahoo_GLD"":""cffc9bd91365864e1969d125a13ee2eeae3f44374a8337e4a94eddc8ffad287e"",""yahoo_TIP"":""9198e3f8407f96f1376cec3bff2883b5a1730e9692a4acc4b4e124d9001589b9"",""yahoo_UUP"":""a4840dacc2e010d8281489df6cb8f77cc34ce1661bdac1c6031f392e01b7aedb"",""yahoo_ZT=F"":""1f36bff6184615be1adeb576578d5ad37ce794b249c13a30005be74f8262dee4""}"
NFP_200508_REL_20050902,nfp,2005:08,2005-09-02,2005-09-02T08:30:00 America/New_York,development,development_seen,169.0,146.0,23.0,153.7465839499245,0.14959681970879518,philadelphia_fed_employ_first_releases,0,0,,0.029999999999999805,0.04554007361747172,0.6587604634106284,2005-09-01,2005-09-01,federal_reserve_h15_nominal:RIFLGFCY02_N.B,0.009999999999999787,0.0342077402282791,0.2923314996333174,2005-09-01,2005-09-01,federal_reserve_h15_nominal:RIFLGFCY01_N.B,0.0,0.08775127215003709,-0.0,2005-09-01,2005-09-01,yahoo:ZT=F,0.06000000000000005,0.027707104067715274,2.1655096055279532,2005-09-01,2005-09-01,derived:H15_5Y_nominal_minus_5Y_real,0.030000000000001137,0.025895814726302504,1.1584883625820042,2005-09-01,2005-09-01,derived:H15_10Y_nominal_minus_10Y_real,-0.05999999999999983,0.04494315304526061,-1.33501981802603,2005-09-01,2005-09-01,federal_reserve_h15_real:RIFLGFCY05_XII_N.B,-0.020000000000000018,0.04092020621693099,-0.4887560901813074,2005-09-01,2005-09-01,federal_reserve_h15_real:RIFLGFCY10_XII_N.B,0.03783861891699852,0.31508155367051877,-0.12009150798007814,2005-09-01,2005-09-01,yahoo:TIP,0.06781684194120494,0.717584537534699,0.09450711155816346,2005-09-01,2005-09-01,yahoo:GLD,0.42865816659661377,0.7226329247620522,0.5931893661470821,2005-09-01,2005-09-01,yahoo:GC=F,-0.2892683430692105,0.530369925407058,-0.5454086463277449,2005-09-01,2005-09-01,yahoo:DX-Y.NYB,,,,,yahoo:UUP,1,"{""alfred_employment_situation_release_dates"":""b796dbd0eac6d9fd3e17ef1280bf85abe0e8b6e91df1205809e70b9ba0cf5a4b"",""federal_reserve_h15_nominal"":""dd00d34890aea66542962d4e00c3650e37e7303bdcdea95963616a6ca09fce87"",""federal_reserve_h15_real"":""5be7cb777f2a50c090ec837ab67ad98e90e36ff23935d9d8e1e1bbdb97ea0142"",""philadelphia_fed_employ_first_releases"":""8af43817875de1075966ebb668f42ddd7367db908d7897a59744917ef167f755"",""yahoo_DX-Y.NYB"":""2abdecea5830986f7a96a4a77f51a66ae7015a1d96488f3b6807200e2e1f0585"",""yahoo_GC=F"":""dde2a4acfa0b6fafad13fd03b21e79cf06b521cf30e1ed0662dd6da52c3e6f78"",""yahoo_GLD"":""cffc9bd91365864e1969d125a13ee2eeae3f44374a8337e4a94eddc8ffad287e"",""yahoo_TIP"":""9198e3f8407f96f1376cec3bff2883b5a1730e9692a4acc4b4e124d9001589b9"",""yahoo_UUP"":""a4840dacc2e010d8281489df6cb8f77cc34ce1661bdac1c6031f392e01b7aedb"",""yahoo_ZT=F"":""1f36bff6184615be1adeb576578d5ad37ce794b249c13a30005be74f8262dee4""}"
NFP_200509_REL_20051007,nfp,2005:09,2005-10-07,2005-10-07T08:30:00 America/New_York,development,development_seen,-35.0,151.5,-186.5,147.44849622681141,-1.2648484370645459,philadelphia_fed_employ_first_releases,0,0,,-0.020000000000000462,0.04457710896937796,-0.4486607692243876,2005-10-06,2005-10-06,federal_reserve_h15_nominal:RIFLGFCY02_N.B,-0.010000000000000675,0.034875079733825406,-0.2867376956933995,2005-10-06,2005-10-06,federal_reserve_h15_nominal:RIFLGFCY01_N.B,0.0,0.07805476218158117,-0.0,2005-10-06,2005-10-06,yahoo:ZT=F,0.0,0.03054310652065697,0.0,2005-10-06,2005-10-06,derived:H15_5Y_nominal_minus_5Y_real,-0.010000000000000231,0.0244856697396431,-0.4084021432262441,2005-10-06,2005-10-06,derived:H15_10Y_nominal_minus_10Y_real,0.0,0.04788492562064718,0.0,2005-10-06,2005-10-06,federal_reserve_h15_real:RIFLGFCY05_XII_N.B,-0.010000000000000009,0.04041591676163755,-0.24742727126486774,2005-10-06,2005-10-06,federal_reserve_h15_real:RIFLGFCY10_XII_N.B,0.16352371411114303,0.3136698714584245,-0.5213242615582776,2005-10-06,2005-10-06,yahoo:TIP,0.3172288297702827,0.7671374297393897,0.4135228154335411,2005-10-06,2005-10-06,yahoo:GLD,0.5915965474102135,0.7303423442378665,0.8100263555546157,2005-10-06,2005-10-06,yahoo:GC=F,0.5735768990365059,0.4757004699570482,1.2057522227974573,2005-10-06,2005-10-06,yahoo:DX-Y.NYB,,,,,yahoo:UUP,1,"{""alfred_employment_situation_release_dates"":""b796dbd0eac6d9fd3e17ef1280bf85abe0e8b6e91df1205809e70b9ba0cf5a4b"",""federal_reserve_h15_nominal"":""dd00d34890aea66542962d4e00c3650e37e7303bdcdea95963616a6ca09fce87"",""federal_reserve_h15_real"":""5be7cb777f2a50c090ec837ab67ad98e90e36ff23935d9d8e1e1bbdb97ea0142"",""philadelphia_fed_employ_first_releases"":""8af43817875de1075966ebb668f42ddd7367db908d7897a59744917ef167f755"",""yahoo_DX-Y.NYB"":""2abdecea5830986f7a96a4a77f51a66ae7015a1d96488f3b6807200e2e1f0585"",""yahoo_GC=F"":""dde2a4acfa0b6fafad13fd03b21e79cf06b521cf30e1ed0662dd6da52c3e6f78"",""yahoo_GLD"":""cffc9bd91365864e1969d125a13ee2eeae3f44374a8337e4a94eddc8ffad287e"",""yahoo_TIP"":""9198e3f8407f96f1376cec3bff2883b5a1730e9692a4acc4b4e124d9001589b9"",""yahoo_UUP"":""a4840dacc2e010d8281489df6cb8f77cc34ce1661bdac1c6031f392e01b7aedb"",""yahoo_ZT=F"":""1f36bff6184615be1adeb576578d5ad37ce794b249c13a30005be74f8262dee4""}"
NFP_200510_REL_20051104,nfp,2005:10,2005-11-04,2005-11-04T08:30:00 America/New_York,development,development_seen,56.0,151.5,-95.5,149.3955249709841,-0.6392427083645792,philadelphia_fed_employ_first_releases,0,0,,0.0,0.044047996420956116,0.0,2005-11-03,2005-11-03,federal_reserve_h15_nominal:RIFLGFCY02_N.B,0.009999999999999787,0.034301339928696016,0.2915338007432744,2005-11-03,2005-11-03,federal_reserve_h15_nominal:RIFLGFCY01_N.B,0.0,0.0764009006878796,-0.0,2005-11-03,2005-11-03,yahoo:ZT=F,0.020000000000000018,0.02787938103698946,0.7173760412207383,2005-11-03,2005-11-03,derived:H15_5Y_nominal_minus_5Y_real,-0.020000000000000462,0.02470789804877588,-0.8094577677355818,2005-11-03,2005-11-03,derived:H15_10Y_nominal_minus_10Y_real,-0.010000000000000009,0.04525976499810415,-0.22094679458496727,2005-11-03,2005-11-03,federal_reserve_h15_real:RIFLGFCY05_XII_N.B,0.03000000000000025,0.03788885023000054,0.7917896641858541,2005-11-03,2005-11-03,federal_reserve_h15_real:RIFLGFCY10_XII_N.B,-0.07796871540127315,0.2923402348513707,0.26670538675907335,2005-11-03,2005-11-03,yahoo:TIP,-0.9839387913189087,0.8836324538788575,-1.1135159047177807,2005-11-03,2005-11-03,yahoo:GLD,-0.8293409245899916,0.8697820301121801,-0.9535043216321996,2005-11-03,2005-11-03,yahoo:GC=F,0.9025924502905427,0.4983340988636814,1.8112195259137698,2005-11-03,2005-11-03,yahoo:DX-Y.NYB,,,,,yahoo:UUP,1,"{""alfred_employment_situation_release_dates"":""b796dbd0eac6d9fd3e17ef1280bf85abe0e8b6e91df1205809e70b9ba0cf5a4b"",""federal_reserve_h15_nominal"":""dd00d34890aea66542962d4e00c3650e37e7303bdcdea95963616a6ca09fce87"",""federal_reserve_h15_real"":""5be7cb777f2a50c090ec837ab67ad98e90e36ff23935d9d8e1e1bbdb97ea0142"",""philadelphia_fed_employ_first_releases"":""8af43817875de1075966ebb668f42ddd7367db908d7897a59744917ef167f755"",""yahoo_DX-Y.NYB"":""2abdecea5830986f7a96a4a77f51a66ae7015a1d96488f3b6807200e2e1f0585"",""yahoo_GC=F"":""dde2a4acfa0b6fafad13fd03b21e79cf06b521cf30e1ed0662dd6da52c3e6f78"",""yahoo_GLD"":""cffc9bd91365864e1969d125a13ee2eeae3f44374a8337e4a94eddc8ffad287e"",""yahoo_TIP"":""9198e3f8407f96f1376cec3bff2883b5a1730e9692a4acc4b4e124d9001589b9"",""yahoo_UUP"":""a4840dacc2e010d8281489df6cb8f77cc34ce1661bdac1c6031f392e01b7aedb"",""yahoo_ZT=F"":""1f36bff6184615be1adeb576578d5ad37ce794b249c13a30005be74f8262dee4""}"
NFP_200511_REL_20051202,nfp,2005:11,2005-12-02,2005-12-02T08:30:00 America/New_York,development,development_seen,215.0,146.0,69.0,149.27827571919136,0.46222398850450613,philadelphia_fed_employ_first_releases,0,0,,-0.020000000000000462,0.037469384866313,-0.5337691043330028,2005-12-01,2005-12-01,federal_reserve_h15_nominal:RIFLGFCY02_N.B,-0.010000000000000675,0.030963346291370444,-0.3229625088289536,2005-12-01,2005-12-01,federal_reserve_h15_nominal:RIFLGFCY01_N.B,0.015305500951849073,0.0671297620010811,-0.22799873700732892,2005-12-01,2005-12-01,yahoo:ZT=F,-0.009999999999999787,0.02827628021149293,-0.3536533067717752,2005-12-01,2005-12-01,derived:H15_5Y_nominal_minus_5Y_real,-0.010000000000000231,0.024707898048775833,-0.4047288838677917,2005-12-01,2005-12-01,derived:H15_10Y_nominal_minus_10Y_real,0.009999999999999787,0.042699845856375054,0.23419288288851736,2005-12-01,2005-12-01,federal_reserve_h15_real:RIFLGFCY05_XII_N.B,0.010000000000000231,0.03768138805364951,0.2653830051526383,2005-12-01,2005-12-01,federal_reserve_h15_real:RIFLGFCY10_XII_N.B,0.0392653406274391,0.30361811254882415,-0.12932476359138467,2005-12-01,2005-12-01,yahoo:TIP,0.2985404328326618,0.9312090208644679,0.3205944381375496,2005-12-01,2005-12-01,yahoo:GLD,0.15907495950969805,0.8647979618354393,0.18394465127100762,2005-12-01,2005-12-01,yahoo:GC=F,0.1414782363566175,0.4853581005158155,0.2914924798952797,2005-12-01,2005-12-01,yahoo:DX-Y.NYB,,,,,yahoo:UUP,1,"{""alfred_employment_situation_release_dates"":""b796dbd0eac6d9fd3e17ef1280bf85abe0e8b6e91df1205809e70b9ba0cf5a4b"",""federal_reserve_h15_nominal"":""dd00d34890aea66542962d4e00c3650e37e7303bdcdea95963616a6ca09fce87"",""federal_reserve_h15_real"":""5be7cb777f2a50c090ec837ab67ad98e90e36ff23935d9d8e1e1bbdb97ea0142"",""philadelphia_fed_employ_first_releases"":""8af43817875de1075966ebb668f42ddd7367db908d7897a59744917ef167f755"",""yahoo_DX-Y.NYB"":""2abdecea5830986f7a96a4a77f51a66ae7015a1d96488f3b6807200e2e1f0585"",""yahoo_GC=F"":""dde2a4acfa0b6fafad13fd03b21e79cf06b521cf30e1ed0662dd6da52c3e6f78"",""yahoo_GLD"":""cffc9bd91365864e1969d125a13ee2eeae3f44374a8337e4a94eddc8ffad287e"",""yahoo_TIP"":""9198e3f8407f96f1376cec3bff2883b5a1730e9692a4acc4b4e124d9001589b9"",""yahoo_UUP"":""a4840dacc2e010d8281489df6cb8f77cc34ce1661bdac1c6031f392e01b7aedb"",""yahoo_ZT=F"":""1f36bff6184615be1adeb576578d5ad37ce794b249c13a30005be74f8262dee4""}"
NFP_200512_REL_20060106,nfp,2005:12,2006-01-06,2006-01-06T08:30:00 America/New_York,development,development_seen,108.0,151.5,-43.5,148.47024945002084,-0.2929879902615998,philadelphia_fed_employ_first_releases,0,0,,0.040000000000000036,0.036813777818747895,1.0865497205133214,2006-01-05,2006-01-05,federal_reserve_h15_nominal:RIFLGFCY02_N.B,0.019999999999999574,0.03011231330252425,0.6641801245579833,2006-01-05,2006-01-05,federal_reserve_h15_nominal:RIFLGFCY01_N.B,-0.06844366973147281,0.06372629973887799,1.0740254810325487,2006-01-05,2006-01-05,yahoo:ZT=F,0.04999999999999982,0.0263285413647524,1.899079759387576,2006-01-05,2006-01-05,derived:H15_5Y_nominal_minus_5Y_real,0.009999999999999787,0.02513466555236773,0.39785689525746526,2006-01-05,2006-01-05,derived:H15_10Y_nominal_minus_10Y_real,-0.019999999999999796,0.03844836584509401,-0.5201781547902065,2006-01-05,2006-01-05,federal_reserve_h15_real:RIFLGFCY05_XII_N.B,0.009999999999999787,0.036270717827903774,0.2757044965982612,2006-01-05,2006-01-05,federal_reserve_h15_real:RIFLGFCY10_XII_N.B,-0.04869416034191499,0.2809916644143493,0.17329396743282305,2006-01-05,2006-01-05,yahoo:TIP,2.602449436115473,1.1103848174571003,2.3437365093620066,2006-01-05,2006-01-05,yahoo:GLD,2.5142083077098185,1.0533050177584051,2.386970787493674,2006-01-05,2006-01-05,yahoo:GC=F,-0.5387860784384177,0.5067898730011646,-1.063135052892384,2006-01-05,2006-01-05,yahoo:DX-Y.NYB,,,,,yahoo:UUP,1,"{""alfred_employment_situation_release_dates"":""b796dbd0eac6d9fd3e17ef1280bf85abe0e8b6e91df1205809e70b9ba0cf5a4b"",""federal_reserve_h15_nominal"":""dd00d34890aea66542962d4e00c3650e37e7303bdcdea95963616a6ca09fce87"",""federal_reserve_h15_real"":""5be7cb777f2a50c090ec837ab67ad98e90e36ff23935d9d8e1e1bbdb97ea0142"",""philadelphia_fed_employ_first_releases"":""8af43817875de1075966ebb668f42ddd7367db908d7897a59744917ef167f755"",""yahoo_DX-Y.NYB"":""2abdecea5830986f7a96a4a77f51a66ae7015a1d96488f3b6807200e2e1f0585"",""yahoo_GC=F"":""dde2a4acfa0b6fafad13fd03b21e79cf06b521cf30e1ed0662dd6da52c3e6f78"",""yahoo_GLD"":""cffc9bd91365864e1969d125a13ee2eeae3f44374a8337e4a94eddc8ffad287e"",""yahoo_TIP"":""9198e3f8407f96f1376cec3bff2883b5a1730e9692a4acc4b4e124d9001589b9"",""yahoo_UUP"":""a4840dacc2e010d8281489df6cb8f77cc34ce1661bdac1c6031f392e01b7aedb"",""yahoo_ZT=F"":""1f36bff6184615be1adeb576578d5ad37ce794b249c13a30005be74f8262dee4""}"
NFP_200601_REL_20060203,nfp,2006:01,2006-02-03,2006-02-03T08:30:00 America/New_York,development,development_seen,193.0,146.0,47.0,148.21581336182882,0.31710516532579563,philadelphia_fed_employ_first_releases,0,0,,0.0,0.03745279514811652,0.0,2006-02-02,2006-02-02,federal_reserve_h15_nominal:RIFLGFCY02_N.B,0.009999999999999787,0.02807174021805659,0.3562301418551702,2006-02-02,2006-02-02,federal_reserve_h15_nominal:RIFLGFCY01_N.B,0.0,0.06720784741320754,-0.0,2006-02-02,2006-02-02,yahoo:ZT=F,0.020000000000000462,0.029100934809377785,0.6872631457033282,2006-02-02,2006-02-02,derived:H15_5Y_nominal_minus_5Y_real,0.009999999999999787,0.024620853776381676,0.4061597575301227,2006-02-02,2006-02-02,derived:H15_10Y_nominal_minus_10Y_real,-0.030000000000000027,0.04039179588903223,-0.7427250841338814,2006-02-02,2006-02-02,federal_reserve_h15_real:RIFLGFCY05_XII_N.B,-0.040000000000000036,0.033773506147779915,-1.1843603037533434,2006-02-02,2006-02-02,federal_reserve_h15_real:RIFLGFCY10_XII_N.B,0.4863846247498573,0.2780146438918665,-1.7494928250579351,2006-02-02,2006-02-02,yahoo:TIP,-0.8459682883606469,1.1852361216177574,-0.7137550678137993,2006-02-02,2006-02-02,yahoo:GLD,-0.8948170025688186,1.0946461176352946,-0.8174486604875042,2006-02-02,2006-02-02,yahoo:GC=F,0.5801607669317835,0.4964636206254582,1.168586665425518,2006-02-02,2006-02-02,yahoo:DX-Y.NYB,,,,,yahoo:UUP,1,"{""alfred_employment_situation_release_dates"":""b796dbd0eac6d9fd3e17ef1280bf85abe0e8b6e91df1205809e70b9ba0cf5a4b"",""federal_reserve_h15_nominal"":""dd00d34890aea66542962d4e00c3650e37e7303bdcdea95963616a6ca09fce87"",""federal_reserve_h15_real"":""5be7cb777f2a50c090ec837ab67ad98e90e36ff23935d9d8e1e1bbdb97ea0142"",""philadelphia_fed_employ_first_releases"":""8af43817875de1075966ebb668f42ddd7367db908d7897a59744917ef167f755"",""yahoo_DX-Y.NYB"":""2abdecea5830986f7a96a4a77f51a66ae7015a1d96488f3b6807200e2e1f0585"",""yahoo_GC=F"":""dde2a4acfa0b6fafad13fd03b21e79cf06b521cf30e1ed0662dd6da52c3e6f78"",""yahoo_GLD"":""cffc9bd91365864e1969d125a13ee2eeae3f44374a8337e4a94eddc8ffad287e"",""yahoo_TIP"":""9198e3f8407f96f1376cec3bff2883b5a1730e9692a4acc4b4e124d9001589b9"",""yahoo_UUP"":""a4840dacc2e010d8281489df6cb8f77cc34ce1661bdac1c6031f392e01b7aedb"",""yahoo_ZT=F"":""1f36bff6184615be1adeb576578d5ad37ce794b249c13a30005be74f8262dee4""}"
NFP_200602_REL_20060310,nfp,2006:02,2006-03-10,2006-03-10T08:30:00 America/New_York,development,development_seen,243.0,157.5,85.5,147.11324162556517,0.5811849365512309,philadelphia_fed_employ_first_releases,0,0,,0.020000000000000462,0.031054444626710816,0.6440301940804277,2006-03-09,2006-03-09,federal_reserve_h15_nominal:RIFLGFCY02_N.B,0.009999999999999787,0.023076267555516485,0.43334564291829086,2006-03-09,2006-03-09,federal_reserve_h15_nominal:RIFLGFCY01_N.B,-0.0536131441632241,0.049668625888780904,1.0794166982448006,2006-03-09,2006-03-09,yahoo:ZT=F,-0.04000000000000048,0.02539796246109391,-1.5749294874057251,2006-03-09,2006-03-09,derived:H15_5Y_nominal_minus_5Y_real,-0.010000000000000231,0.022269535320473807,-0.44904394528639274,2006-03-09,2006-03-09,derived:H15_10Y_nominal_minus_10Y_real,0.06000000000000005,0.03658594092607604,1.6399742218256308,2006-03-09,2006-03-09,federal_reserve_h15_real:RIFLGFCY05_XII_N.B,0.029999999999999805,0.030251301508164165,0.9916928695416116,2006-03-09,2006-03-09,federal_reserve_h15_real:RIFLGFCY10_XII_N.B,-0.11867392646621852,0.2678406009636167,0.4430766882961822,2006-03-09,2006-03-09,yahoo:TIP,-0.7587707988952681,1.44223934641059,-0.5261060175508859,2006-03-09,2006-03-09,yahoo:GLD,-1.0318822829284373,1.3568679283353546,-0.760488372803078,2006-03-09,2006-03-09,yahoo:GC=F,0.11013049016348256,0.47163219814983093,0.23350926971380281,2006-03-09,2006-03-09,yahoo:DX-Y.NYB,,,,,yahoo:UUP,1,"{""alfred_employment_situation_release_dates"":""b796dbd0eac6d9fd3e17ef1280bf85abe0e8b6e91df1205809e70b9ba0cf5a4b"",""federal_reserve_h15_nominal"":""dd00d34890aea66542962d4e00c3650e37e7303bdcdea95963616a6ca09fce87"",""federal_reserve_h15_real"":""5be7cb777f2a50c090ec837ab67ad98e90e36ff23935d9d8e1e1bbdb97ea0142"",""philadelphia_fed_employ_first_releases"":""8af43817875de1075966ebb668f42ddd7367db908d7897a59744917ef167f755"",""yahoo_DX-Y.NYB"":""2abdecea5830986f7a96a4a77f51a66ae7015a1d96488f3b6807200e2e1f0585"",""yahoo_GC=F"":""dde2a4acfa0b6fafad13fd03b21e79cf06b521cf30e1ed0662dd6da52c3e6f78"",""yahoo_GLD"":""cffc9bd91365864e1969d125a13ee2eeae3f44374a8337e4a94eddc8ffad287e"",""yahoo_TIP"":""9198e3f8407f96f1376cec3bff2883b5a1730e9692a4acc4b4e124d9001589b9"",""yahoo_UUP"":""a4840dacc2e010d8281489df6cb8f77cc34ce1661bdac1c6031f392e01b7aedb"",""yahoo_ZT=F"":""1f36bff6184615be1adeb576578d5ad37ce794b249c13a30005be74f8262dee4""}"
NFP_200603_REL_20060407,nfp,2006:03,2006-04-07,2006-04-07T08:30:00 America/New_York,development,development_seen,211.0,157.5,53.5,147.5167097688155,0.36267077867886194,philadelphia_fed_employ_first_releases,0,0,,0.04999999999999982,0.03454751906354968,1.4472819280604643,2006-04-06,2006-04-06,federal_reserve_h15_nominal:RIFLGFCY02_N.B,0.010000000000000675,0.024431964799311576,0.4092998693368471,2006-04-06,2006-04-06,federal_reserve_h15_nominal:RIFLGFCY01_N.B,-0.09969708253215494,0.06042854217698106,1.6498343157140134,2006-04-06,2006-04-06,yahoo:ZT=F,-0.010000000000000231,0.024894693464910564,-0.4016920318418613,2006-04-06,2006-04-06,derived:H15_5Y_nominal_minus_5Y_real,0.01999999999999913,0.0213624889046991,0.9362204979589123,2006-04-06,2006-04-06,derived:H15_10Y_nominal_minus_10Y_real,0.06000000000000005,0.04244338202789807,1.4136479501224009,2006-04-06,2006-04-06,federal_reserve_h15_real:RIFLGFCY05_XII_N.B,0.050000000000000266,0.034171385921838326,1.463212528586561,2006-04-06,2006-04-06,federal_reserve_h15_real:RIFLGFCY10_XII_N.B,-0.40090710155954773,0.29617150668998227,1.3536315698970918,2006-04-06,2006-04-06,yahoo:TIP,-1.17079242346427,1.2905264242070185,-0.9072208065663431,2006-04-06,2006-04-06,yahoo:GLD,-1.1490473808436956,1.2215486264326474,-0.9406480888111012,2006-04-06,2006-04-06,yahoo:GC=F,0.7503234514890031,0.4394219942178024,1.7075236591755585,2006-04-06,2006-04-06,yahoo:DX-Y.NYB,,,,,yahoo:UUP,1,"{""alfred_employment_situation_release_dates"":""b796dbd0eac6d9fd3e17ef1280bf85abe0e8b6e91df1205809e70b9ba0cf5a4b"",""federal_reserve_h15_nominal"":""dd00d34890aea66542962d4e00c3650e37e7303bdcdea95963616a6ca09fce87"",""federal_reserve_h15_real"":""5be7cb777f2a50c090ec837ab67ad98e90e36ff23935d9d8e1e1bbdb97ea0142"",""philadelphia_fed_employ_first_releases"":""8af43817875de1075966ebb668f42ddd7367db908d7897a59744917ef167f755"",""yahoo_DX-Y.NYB"":""2abdecea5830986f7a96a4a77f51a66ae7015a1d96488f3b6807200e2e1f0585"",""yahoo_GC=F"":""dde2a4acfa0b6fafad13fd03b21e79cf06b521cf30e1ed0662dd6da52c3e6f78"",""yahoo_GLD"":""cffc9bd91365864e1969d125a13ee2eeae3f44374a8337e4a94eddc8ffad287e"",""yahoo_TIP"":""9198e3f8407f96f1376cec3bff2883b5a1730e9692a4acc4b4e124d9001589b9"",""yahoo_UUP"":""a4840dacc2e010d8281489df6cb8f77cc34ce1661bdac1c6031f392e01b7aedb"",""yahoo_ZT=F"":""1f36bff6184615be1adeb576578d5ad37ce794b249c13a30005be74f8262dee4""}"
NFP_200604_REL_20060505,nfp,2006:04,2006-05-05,2006-05-05T08:30:00 America/New_York,development,development_seen,138.0,181.0,-43.0,144.70932558902132,-0.2971474010052486,philadelphia_fed_employ_first_releases,0,0,,-0.02999999999999936,0.03778619602671712,-0.7939407284815743,2006-05-04,2006-05-04,federal_reserve_h15_nominal:RIFLGFCY02_N.B,-0.019999999999999574,0.02745052045856918,-0.7285836357888147,2006-05-04,2006-05-04,federal_reserve_h15_nominal:RIFLGFCY01_N.B,0.04608648979337058,0.06380019383377152,-0.7223565795653665,2006-05-04,2006-05-04,yahoo:ZT=F,0.009999999999999787,0.02833217013232088,0.35295566676666074,2006-05-04,2006-05-04,derived:H15_5Y_nominal_minus_5Y_real,0.0,0.02200154077809485,0.0,2006-05-04,2006-05-04,derived:H15_10Y_nominal_minus_10Y_real,-0.04999999999999982,0.048531834738147366,-1.030251591965849,2006-05-04,2006-05-04,federal_reserve_h15_real:RIFLGFCY05_XII_N.B,-0.040000000000000036,0.038580387863312325,-1.0367962121510363,2006-05-04,2006-05-04,federal_reserve_h15_real:RIFLGFCY10_XII_N.B,0.5661292201779571,0.32641663718751174,-1.7343761183739577,2006-05-04,2006-05-04,yahoo:TIP,0.7529296693737568,1.5447414073260897,0.48741469983449204,2006-05-04,2006-05-04,yahoo:GLD,1.1796066972260721,1.29053514637638,0.9140446120651751,2006-05-04,2006-05-04,yahoo:GC=F,-0.8422997799893894,0.4217952384714646,-1.996939991645669,2006-05-04,2006-05-04,yahoo:DX-Y.NYB,,,,,yahoo:UUP,1,"{""alfred_employment_situation_release_dates"":""b796dbd0eac6d9fd3e17ef1280bf85abe0e8b6e91df1205809e70b9ba0cf5a4b"",""federal_reserve_h15_nominal"":""dd00d34890aea66542962d4e00c3650e37e7303bdcdea95963616a6ca09fce87"",""federal_reserve_h15_real"":""5be7cb777f2a50c090ec837ab67ad98e90e36ff23935d9d8e1e1bbdb97ea0142"",""philadelphia_fed_employ_first_releases"":""8af43817875de1075966ebb668f42ddd7367db908d7897a59744917ef167f755"",""yahoo_DX-Y.NYB"":""2abdecea5830986f7a96a4a77f51a66ae7015a1d96488f3b6807200e2e1f0585"",""yahoo_GC=F"":""dde2a4acfa0b6fafad13fd03b21e79cf06b521cf30e1ed0662dd6da52c3e6f78"",""yahoo_GLD"":""cffc9bd91365864e1969d125a13ee2eeae3f44374a8337e4a94eddc8ffad287e"",""yahoo_TIP"":""9198e3f8407f96f1376cec3bff2883b5a1730e9692a4acc4b4e124d9001589b9"",""yahoo_UUP"":""a4840dacc2e010d8281489df6cb8f77cc34ce1661bdac1c6031f392e01b7aedb"",""yahoo_ZT=F"":""1f36bff6184615be1adeb576578d5ad37ce794b249c13a30005be74f8262dee4""}"
NFP_200605_REL_20060602,nfp,2006:05,2006-06-02,2006-06-02T08:30:00 America/New_York,development,development_seen,75.0,157.5,-82.5,137.45085690883033,-0.6002145192497517,philadelphia_fed_employ_first_releases,0,0,,-0.1200000000000001,0.038064396817560936,-3.1525522544110913,2006-06-01,2006-06-01,federal_reserve_h15_nominal:RIFLGFCY02_N.B,-0.0699999999999994,0.02764586380113184,-2.5320243383798173,2006-06-01,2006-06-01,federal_reserve_h15_nominal:RIFLGFCY01_N.B,0.20746098339554175,0.06592761446179392,-3.146799487425237,2006-06-01,2006-06-01,yahoo:ZT=F,-0.03000000000000025,0.029571325246531627,-1.014496298353044,2006-06-01,2006-06-01,derived:H15_5Y_nominal_minus_5Y_real,-0.020000000000000462,0.02163578851423653,-0.9243943194785942,2006-06-01,2006-06-01,derived:H15_10Y_nominal_minus_10Y_real,-0.09999999999999964,0.04677720967130007,-2.137793183960568,2006-06-01,2006-06-01,federal_reserve_h15_real:RIFLGFCY05_XII_N.B,-0.08999999999999986,0.03689196320545361,-2.4395557237977368,2006-06-01,2006-06-01,federal_reserve_h15_real:RIFLGFCY10_XII_N.B,0.7630404900088954,0.3193667779734759,-2.3892293833777147,2006-06-01,2006-06-01,yahoo:TIP,1.4913787710007853,1.7863951585163778,0.834853791385884,2006-06-01,2006-06-01,yahoo:GLD,1.2509108671305156,1.6723602147822467,0.7479912856533681,2006-06-01,2006-06-01,yahoo:GC=F,-0.8765725950036193,0.48658313397776565,-1.8014857766189531,2006-06-01,2006-06-01,yahoo:DX-Y.NYB,,,,,yahoo:UUP,1,"{""alfred_employment_situation_release_dates"":""b796dbd0eac6d9fd3e17ef1280bf85abe0e8b6e91df1205809e70b9ba0cf5a4b"",""federal_reserve_h15_nominal"":""dd00d34890aea66542962d4e00c3650e37e7303bdcdea95963616a6ca09fce87"",""federal_reserve_h15_real"":""5be7cb777f2a50c090ec837ab67ad98e90e36ff23935d9d8e1e1bbdb97ea0142"",""philadelphia_fed_employ_first_releases"":""8af43817875de1075966ebb668f42ddd7367db908d7897a59744917ef167f755"",""yahoo_DX-Y.NYB"":""2abdecea5830986f7a96a4a77f51a66ae7015a1d96488f3b6807200e2e1f0585"",""yahoo_GC=F"":""dde2a4acfa0b6fafad13fd03b21e79cf06b521cf30e1ed0662dd6da52c3e6f78"",""yahoo_GLD"":""cffc9bd91365864e1969d125a13ee2eeae3f44374a8337e4a94eddc8ffad287e"",""yahoo_TIP"":""9198e3f8407f96f1376cec3bff2883b5a1730e9692a4acc4b4e124d9001589b9"",""yahoo_UUP"":""a4840dacc2e010d8281489df6cb8f77cc34ce1661bdac1c6031f392e01b7aedb"",""yahoo_ZT=F"":""1f36bff6184615be1adeb576578d5ad37ce794b249c13a30005be74f8262dee4""}"
NFP_200606_REL_20060707,nfp,2006:06,2006-07-07,2006-07-07T08:30:00 America/New_York,development,development_seen,121.0,157.5,-36.5,136.9541396601669,-0.26651257194977673,philadelphia_fed_employ_first_releases,0,0,,-0.04999999999999982,0.04031339097031436,-1.2402826653014232,2006-07-06,2006-07-06,federal_reserve_h15_nominal:RIFLGFCY02_N.B,-0.03000000000000025,0.02944831726653504,-1.0187339306511798,2006-07-06,2006-07-06,federal_reserve_h15_nominal:RIFLGFCY01_N.B,0.07710695115627886,0.06682174147276461,-1.1539201082885024,2006-07-06,2006-07-06,yahoo:ZT=F,-8.881784197001252e-16,0.029251973712925698,-3.036302536083785e-14,2006-07-06,2006-07-06,derived:H15_5Y_nominal_minus_5Y_real,-0.010000000000000675,0.02200667592597156,-0.4544075640337395,2006-07-06,2006-07-06,derived:H15_10Y_nominal_minus_10Y_real,-0.04999999999999982,0.0474106355323562,-1.0546156877790946,2006-07-06,2006-07-06,federal_reserve_h15_real:RIFLGFCY05_XII_N.B,-0.040000000000000036,0.03872107996812982,-1.0330290382634695,2006-07-06,2006-07-06,federal_reserve_h15_real:RIFLGFCY10_XII_N.B,0.29315372807934564,0.32563741019820414,-0.9002458528979002,2006-07-06,2006-07-06,yahoo:TIP,-0.6207730001220553,2.1317762106798654,-0.2911998909698305,2006-07-06,2006-07-06,yahoo:GLD,-0.20522350411335544,2.0929019349161266,-0.09805691355604762,2006-07-06,2006-07-06,yahoo:GC=F,-0.4344457173251997,0.5124839022878053,-0.8477255878394787,2006-07-06,2006-07-06,yahoo:DX-Y.NYB,,,,,yahoo:UUP,1,"{""alfred_employment_situation_release_dates"":""b796dbd0eac6d9fd3e17ef1280bf85abe0e8b6e91df1205809e70b9ba0cf5a4b"",""federal_reserve_h15_nominal"":""dd00d34890aea66542962d4e00c3650e37e7303bdcdea95963616a6ca09fce87"",""federal_reserve_h15_real"":""5be7cb777f2a50c090ec837ab67ad98e90e36ff23935d9d8e1e1bbdb97ea0142"",""philadelphia_fed_employ_first_releases"":""8af43817875de1075966ebb668f42ddd7367db908d7897a59744917ef167f755"",""yahoo_DX-Y.NYB"":""2abdecea5830986f7a96a4a77f51a66ae7015a1d96488f3b6807200e2e1f0585"",""yahoo_GC=F"":""dde2a4acfa0b6fafad13fd03b21e79cf06b521cf30e1ed0662dd6da52c3e6f78"",""yahoo_GLD"":""cffc9bd91365864e1969d125a13ee2eeae3f44374a8337e4a94eddc8ffad287e"",""yahoo_TIP"":""9198e3f8407f96f1376cec3bff2883b5a1730e9692a4acc4b4e124d9001589b9"",""yahoo_UUP"":""a4840dacc2e010d8281489df6cb8f77cc34ce1661bdac1c6031f392e01b7aedb"",""yahoo_ZT=F"":""1f36bff6184615be1adeb576578d5ad37ce794b249c13a30005be74f8262dee4""}"
NFP_200607_REL_20060804,nfp,2006:07,2006-08-04,2006-08-04T08:30:00 America/New_York,development,development_seen,113.0,153.5,-40.5,135.10637653429237,-0.2997637938259738,philadelphia_fed_employ_first_releases,0,0,,-0.07000000000000028,0.04056765291801879,-1.725512692130844,2006-08-03,2006-08-03,federal_reserve_h15_nominal:RIFLGFCY02_N.B,-0.04999999999999982,0.03016854724606164,-1.6573552445925974,2006-08-03,2006-08-03,federal_reserve_h15_nominal:RIFLGFCY01_N.B,0.12282184702050161,0.06764956977244017,-1.8155599131472693,2006-08-03,2006-08-03,yahoo:ZT=F,-4.440892098500626e-16,0.022706055838727587,-1.955818364071057e-14,2006-08-03,2006-08-03,derived:H15_5Y_nominal_minus_5Y_real,4.440892098500626e-16,0.018210166651942798,2.438688334588546e-14,2006-08-03,2006-08-03,derived:H15_10Y_nominal_minus_10Y_real,-0.06000000000000005,0.03948682108688948,-1.5194943109745902,2006-08-03,2006-08-03,federal_reserve_h15_real:RIFLGFCY05_XII_N.B,-0.050000000000000266,0.03572335639452704,-1.3996445196191158,2006-08-03,2006-08-03,federal_reserve_h15_real:RIFLGFCY10_XII_N.B,0.67564480398421,0.280237694369024,-2.410970463860954,2006-08-03,2006-08-03,yahoo:TIP,0.24921513025285713,1.9242851781518853,0.1295104972393995,2006-08-03,2006-08-03,yahoo:GLD,-0.1396577769106378,2.1254682401599343,-0.06570682839284817,2006-08-03,2006-08-03,yahoo:GC=F,-0.5306893261024794,0.5137041298456209,-1.033064161391817,2006-08-03,2006-08-03,yahoo:DX-Y.NYB,,,,,yahoo:UUP,1,"{""alfred_employment_situation_release_dates"":""b796dbd0eac6d9fd3e17ef1280bf85abe0e8b6e91df1205809e70b9ba0cf5a4b"",""federal_reserve_h15_nominal"":""dd00d34890aea66542962d4e00c3650e37e7303bdcdea95963616a6ca09fce87"",""federal_reserve_h15_real"":""5be7cb777f2a50c090ec837ab67ad98e90e36ff23935d9d8e1e1bbdb97ea0142"",""philadelphia_fed_employ_first_releases"":""8af43817875de1075966ebb668f42ddd7367db908d7897a59744917ef167f755"",""yahoo_DX-Y.NYB"":""2abdecea5830986f7a96a4a77f51a66ae7015a1d96488f3b6807200e2e1f0585"",""yahoo_GC=F"":""dde2a4acfa0b6fafad13fd03b21e79cf06b521cf30e1ed0662dd6da52c3e6f78"",""yahoo_GLD"":""cffc9bd91365864e1969d125a13ee2eeae3f44374a8337e4a94eddc8ffad287e"",""yahoo_TIP"":""9198e3f8407f96f1376cec3bff2883b5a1730e9692a4acc4b4e124d9001589b9"",""yahoo_UUP"":""a4840dacc2e010d8281489df6cb8f77cc34ce1661bdac1c6031f392e01b7aedb"",""yahoo_ZT=F"":""1f36bff6184615be1adeb576578d5ad37ce794b249c13a30005be74f8262dee4""}"
NFP_200608_REL_20060901,nfp,2006:08,2006-09-01,2006-09-01T08:30:00 America/New_York,development,development_seen,128.0,129.5,-1.5,134.74392196180767,-0.01113222754808314,philadelphia_fed_employ_first_releases,0,0,,-0.020000000000000462,0.03962073017861999,-0.5047862548175046,2006-08-31,2006-08-31,federal_reserve_h15_nominal:RIFLGFCY02_N.B,-0.019999999999999574,0.031292315982490417,-0.6391345406070472,2006-08-31,2006-08-31,federal_reserve_h15_nominal:RIFLGFCY01_N.B,0.030627871602365127,0.06505772849775632,-0.47077991054393187,2006-08-31,2006-08-31,yahoo:ZT=F,-0.04000000000000048,0.021203213699494777,-1.8865064780700478,2006-08-31,2006-08-31,derived:H15_5Y_nominal_minus_5Y_real,-0.019999999999999574,0.016861013768772515,-1.1861682977236294,2006-08-31,2006-08-31,derived:H15_10Y_nominal_minus_10Y_real,0.020000000000000018,0.0372258339310808,0.5372613018428986,2006-08-31,2006-08-31,federal_reserve_h15_real:RIFLGFCY05_XII_N.B,0.009999999999999787,0.03385912990562664,0.2953413164446972,2006-08-31,2006-08-31,federal_reserve_h15_real:RIFLGFCY10_XII_N.B,-0.03772073809403865,0.2608082703587653,0.14463014551705117,2006-08-31,2006-08-31,yahoo:TIP,-0.24110198211758468,1.7020017261456215,-0.1416578951794531,2006-08-31,2006-08-31,yahoo:GLD,-0.23994251956736498,1.78663573022865,-0.13429851172665042,2006-08-31,2006-08-31,yahoo:GC=F,-0.1294201095956073,0.4363990716879055,-0.2965636684217403,2006-08-31,2006-08-31,yahoo:DX-Y.NYB,,,,,yahoo:UUP,1,"{""alfred_employment_situation_release_dates"":""b796dbd0eac6d9fd3e17ef1280bf85abe0e8b6e91df1205809e70b9ba0cf5a4b"",""federal_reserve_h15_nominal"":""dd00d34890aea66542962d4e00c3650e37e7303bdcdea95963616a6ca09fce87"",""federal_reserve_h15_real"":""5be7cb777f2a50c090ec837ab67ad98e90e36ff23935d9d8e1e1bbdb97ea0142"",""philadelphia_fed_employ_first_releases"":""8af43817875de1075966ebb668f42ddd7367db908d7897a59744917ef167f755"",""yahoo_DX-Y.NYB"":""2abdecea5830986f7a96a4a77f51a66ae7015a1d96488f3b6807200e2e1f0585"",""yahoo_GC=F"":""dde2a4acfa0b6fafad13fd03b21e79cf06b521cf30e1ed0662dd6da52c3e6f78"",""yahoo_GLD"":""cffc9bd91365864e1969d125a13ee2eeae3f44374a8337e4a94eddc8ffad287e"",""yahoo_TIP"":""9198e3f8407f96f1376cec3bff2883b5a1730e9692a4acc4b4e124d9001589b9"",""yahoo_UUP"":""a4840dacc2e010d8281489df6cb8f77cc34ce1661bdac1c6031f392e01b7aedb"",""yahoo_ZT=F"":""1f36bff6184615be1adeb576578d5ad37ce794b249c13a30005be74f8262dee4""}"
NFP_200609_REL_20061006,nfp,2006:09,2006-10-06,2006-10-06T08:30:00 America/New_York,development,development_seen,51.0,124.5,-73.5,133.01698921906163,-0.5525609956406027,philadelphia_fed_employ_first_releases,0,0,,0.08999999999999986,0.0406917584903817,2.211750077629924,2006-10-05,2006-10-05,federal_reserve_h15_nominal:RIFLGFCY02_N.B,0.040000000000000036,0.029584695997899604,1.352050398044985,2006-10-05,2006-10-05,federal_reserve_h15_nominal:RIFLGFCY01_N.B,-0.17576711567279926,0.07009782301291717,2.507454698563321,2006-10-05,2006-10-05,yahoo:ZT=F,0.009999999999999787,0.024376982752908456,0.41022304119268704,2006-10-05,2006-10-05,derived:H15_5Y_nominal_minus_5Y_real,0.029999999999999805,0.017790367481905565,1.6863058073709019,2006-10-05,2006-10-05,derived:H15_10Y_nominal_minus_10Y_real,0.08000000000000007,0.03534295253350112,2.263534715277936,2006-10-05,2006-10-05,federal_reserve_h15_real:RIFLGFCY05_XII_N.B,0.06000000000000005,0.031032605415434487,1.933450291935792,2006-10-05,2006-10-05,federal_reserve_h15_real:RIFLGFCY10_XII_N.B,-0.2885602461720749,0.25432030811237866,1.1346331258947921,2006-10-05,2006-10-05,yahoo:TIP,0.12291022461254299,1.3866338337781303,0.08863927997317954,2006-10-05,2006-10-05,yahoo:GLD,0.24488806783855852,1.4670737286405977,0.1669228090298323,2006-10-05,2006-10-05,yahoo:GC=F,0.6033950433229281,0.35012248215176345,1.7233827419896492,2006-10-05,2006-10-05,yahoo:DX-Y.NYB,,,,,yahoo:UUP,1,"{""alfred_employment_situation_release_dates"":""b796dbd0eac6d9fd3e17ef1280bf85abe0e8b6e91df1205809e70b9ba0cf5a4b"",""federal_reserve_h15_nominal"":""dd00d34890aea66542962d4e00c3650e37e7303bdcdea95963616a6ca09fce87"",""federal_reserve_h15_real"":""5be7cb777f2a50c090ec837ab67ad98e90e36ff23935d9d8e1e1bbdb97ea0142"",""philadelphia_fed_employ_first_releases"":""8af43817875de1075966ebb668f42ddd7367db908d7897a59744917ef167f755"",""yahoo_DX-Y.NYB"":""2abdecea5830986f7a96a4a77f51a66ae7015a1d96488f3b6807200e2e1f0585"",""yahoo_GC=F"":""dde2a4acfa0b6fafad13fd03b21e79cf06b521cf30e1ed0662dd6da52c3e6f78"",""yahoo_GLD"":""cffc9bd91365864e1969d125a13ee2eeae3f44374a8337e4a94eddc8ffad287e"",""yahoo_TIP"":""9198e3f8407f96f1376cec3bff2883b5a1730e9692a4acc4b4e124d9001589b9"",""yahoo_UUP"":""a4840dacc2e010d8281489df6cb8f77cc34ce1661bdac1c6031f392e01b7aedb"",""yahoo_ZT=F"":""1f36bff6184615be1adeb576578d5ad37ce794b249c13a30005be74f8262dee4""}"
NFP_200610_REL_20061103,nfp,2006:10,2006-11-03,2006-11-03T08:30:00 America/New_York,development,development_seen,92.0,124.5,-32.5,129.37075520479846,-0.2512159718674546,philadelphia_fed_employ_first_releases,0,0,,0.15000000000000036,0.040135364177083514,3.7373524091665606,2006-11-02,2006-11-02,federal_reserve_h15_nominal:RIFLGFCY02_N.B,0.08999999999999986,0.027277088334765456,3.2994723958602354,2006-11-02,2006-11-02,federal_reserve_h15_nominal:RIFLGFCY01_N.B,-0.2677787453738503,0.07233230844311513,3.7020627591948307,2006-11-02,2006-11-02,yahoo:ZT=F,0.07000000000000028,0.02468959844117442,2.8352020453788542,2006-11-02,2006-11-02,derived:H15_5Y_nominal_minus_5Y_real,0.040000000000000036,0.017560227274181356,2.2778748461195417,2006-11-02,2006-11-02,derived:H15_10Y_nominal_minus_10Y_real,0.08000000000000007,0.036584010585342816,2.1867476725488273,2006-11-02,2006-11-02,federal_reserve_h15_real:RIFLGFCY05_XII_N.B,0.08000000000000007,0.0322748612183951,2.478709341572752,2006-11-02,2006-11-02,federal_reserve_h15_real:RIFLGFCY10_XII_N.B,-0.5607448011554125,0.2516986408019869,2.227841991393805,2006-11-02,2006-11-02,yahoo:TIP,0.6118213837013629,1.3205630803167898,0.46330341414254367,2006-11-02,2006-11-02,yahoo:GLD,0.23955931627758484,1.3558879280756684,0.17668076491954407,2006-11-02,2006-11-02,yahoo:GC=F,0.4326259381243656,0.32088828033813527,1.3482135828347706,2006-11-02,2006-11-02,yahoo:DX-Y.NYB,,,,,yahoo:UUP,1,"{""alfred_employment_situation_release_dates"":""b796dbd0eac6d9fd3e17ef1280bf85abe0e8b6e91df1205809e70b9ba0cf5a4b"",""federal_reserve_h15_nominal"":""dd00d34890aea66542962d4e00c3650e37e7303bdcdea95963616a6ca09fce87"",""federal_reserve_h15_real"":""5be7cb777f2a50c090ec837ab67ad98e90e36ff23935d9d8e1e1bbdb97ea0142"",""philadelphia_fed_employ_first_releases"":""8af43817875de1075966ebb668f42ddd7367db908d7897a59744917ef167f755"",""yahoo_DX-Y.NYB"":""2abdecea5830986f7a96a4a77f51a66ae7015a1d96488f3b6807200e2e1f0585"",""yahoo_GC=F"":""dde2a4acfa0b6fafad13fd03b21e79cf06b521cf30e1ed0662dd6da52c3e6f78"",""yahoo_GLD"":""cffc9bd91365864e1969d125a13ee2eeae3f44374a8337e4a94eddc8ffad287e"",""yahoo_TIP"":""9198e3f8407f96f1376cec3bff2883b5a1730e9692a4acc4b4e124d9001589b9"",""yahoo_UUP"":""a4840dacc2e010d8281489df6cb8f77cc34ce1661bdac1c6031f392e01b7aedb"",""yahoo_ZT=F"":""1f36bff6184615be1adeb576578d5ad37ce794b249c13a30005be74f8262dee4""}"
NFP_200611_REL_20061208,nfp,2006:11,2006-12-08,2006-12-08T08:30:00 America/New_York,development,development_seen,132.0,124.5,7.5,118.24191035502928,0.06342928643051136,philadelphia_fed_employ_first_releases,0,0,,0.09999999999999964,0.048088900724401674,2.079481928129349,2006-12-07,2006-12-07,federal_reserve_h15_nominal:RIFLGFCY02_N.B,0.04999999999999982,0.029041174743947143,1.7216934383971843,2006-12-07,2006-12-07,federal_reserve_h15_nominal:RIFLGFCY01_N.B,-0.16805442806319218,0.08373045917583409,2.007088336996667,2006-12-07,2006-12-07,yahoo:ZT=F,0.010000000000000231,0.02324701548185399,0.4301627453126604,2006-12-07,2006-12-07,derived:H15_5Y_nominal_minus_5Y_real,0.009999999999999343,0.017799892083720317,0.5618011588477712,2006-12-07,2006-12-07,derived:H15_10Y_nominal_minus_10Y_real,0.06999999999999984,0.04182658576594741,1.6735767148603715,2006-12-07,2006-12-07,federal_reserve_h15_real:RIFLGFCY05_XII_N.B,0.06000000000000005,0.035787745274945826,1.6765515552611432,2006-12-07,2006-12-07,federal_reserve_h15_real:RIFLGFCY10_XII_N.B,-0.3077104372042587,0.2712443428789984,1.1344400179491587,2006-12-07,2006-12-07,yahoo:TIP,-1.0899295456230593,1.171359173141908,-0.9304827849681392,2006-12-07,2006-12-07,yahoo:GLD,-0.922112865797464,1.220077218000067,-0.7557823817979145,2006-12-07,2006-12-07,yahoo:GC=F,0.6380552119458548,0.33404849154501315,1.9100676341772274,2006-12-07,2006-12-07,yahoo:DX-Y.NYB,,,,,yahoo:UUP,1,"{""alfred_employment_situation_release_dates"":""b796dbd0eac6d9fd3e17ef1280bf85abe0e8b6e91df1205809e70b9ba0cf5a4b"",""federal_reserve_h15_nominal"":""dd00d34890aea66542962d4e00c3650e37e7303bdcdea95963616a6ca09fce87"",""federal_reserve_h15_real"":""5be7cb777f2a50c090ec837ab67ad98e90e36ff23935d9d8e1e1bbdb97ea0142"",""philadelphia_fed_employ_first_releases"":""8af43817875de1075966ebb668f42ddd7367db908d7897a59744917ef167f755"",""yahoo_DX-Y.NYB"":""2abdecea5830986f7a96a4a77f51a66ae7015a1d96488f3b6807200e2e1f0585"",""yahoo_GC=F"":""dde2a4acfa0b6fafad13fd03b21e79cf06b521cf30e1ed0662dd6da52c3e6f78"",""yahoo_GLD"":""cffc9bd91365864e1969d125a13ee2eeae3f44374a8337e4a94eddc8ffad287e"",""yahoo_TIP"":""9198e3f8407f96f1376cec3bff2883b5a1730e9692a4acc4b4e124d9001589b9"",""yahoo_UUP"":""a4840dacc2e010d8281489df6cb8f77cc34ce1661bdac1c6031f392e01b7aedb"",""yahoo_ZT=F"":""1f36bff6184615be1adeb576578d5ad37ce794b249c13a30005be74f8262dee4""}"
NFP_200612_REL_20070105,nfp,2006:12,2007-01-05,2007-01-05T08:30:00 America/New_York,development,development_seen,167.0,124.5,42.5,111.87677467582093,0.3798822420752643,philadelphia_fed_employ_first_releases,0,0,,0.04999999999999982,0.04677479402340759,1.0689517943142248,2007-01-04,2007-01-04,federal_reserve_h15_nominal:RIFLGFCY02_N.B,0.03000000000000025,0.027339154678429105,1.0973272711928646,2007-01-04,2007-01-04,federal_reserve_h15_nominal:RIFLGFCY01_N.B,-0.06882049592979694,0.07875537453970553,0.8738514207065349,2007-01-04,2007-01-04,yahoo:ZT=F,0.020000000000000018,0.023640432663070626,0.8460082048854618,2007-01-04,2007-01-04,derived:H15_5Y_nominal_minus_5Y_real,0.010000000000000231,0.01823496981883391,0.5483968495342271,2007-01-04,2007-01-04,derived:H15_10Y_nominal_minus_10Y_real,0.020000000000000018,0.04146027981405675,0.4823894119792986,2007-01-04,2007-01-04,federal_reserve_h15_real:RIFLGFCY05_XII_N.B,0.020000000000000018,0.03689158034789203,0.5421291202870037,2007-01-04,2007-01-04,federal_reserve_h15_real:RIFLGFCY10_XII_N.B,-0.2823440753576778,0.27474723954969205,1.027650271647631,2007-01-04,2007-01-04,yahoo:TIP,-2.429939556012064,0.9927168038714898,-2.447767124053465,2007-01-04,2007-01-04,yahoo:GLD,-3.092694277474991,1.0212639620084571,-3.0283006083880397,2007-01-04,2007-01-04,yahoo:GC=F,0.36697000542191643,0.3696877965098321,0.992648415464146,2007-01-04,2007-01-04,yahoo:DX-Y.NYB,,,,,yahoo:UUP,1,"{""alfred_employment_situation_release_dates"":""b796dbd0eac6d9fd3e17ef1280bf85abe0e8b6e91df1205809e70b9ba0cf5a4b"",""federal_reserve_h15_nominal"":""dd00d34890aea66542962d4e00c3650e37e7303bdcdea95963616a6ca09fce87"",""federal_reserve_h15_real"":""5be7cb777f2a50c090ec837ab67ad98e90e36ff23935d9d8e1e1bbdb97ea0142"",""philadelphia_fed_employ_first_releases"":""8af43817875de1075966ebb668f42ddd7367db908d7897a59744917ef167f755"",""yahoo_DX-Y.NYB"":""2abdecea5830986f7a96a4a77f51a66ae7015a1d96488f3b6807200e2e1f0585"",""yahoo_GC=F"":""dde2a4acfa0b6fafad13fd03b21e79cf06b521cf30e1ed0662dd6da52c3e6f78"",""yahoo_GLD"":""cffc9bd91365864e1969d125a13ee2eeae3f44374a8337e4a94eddc8ffad287e"",""yahoo_TIP"":""9198e3f8407f96f1376cec3bff2883b5a1730e9692a4acc4b4e124d9001589b9"",""yahoo_UUP"":""a4840dacc2e010d8281489df6cb8f77cc34ce1661bdac1c6031f392e01b7aedb"",""yahoo_ZT=F"":""1f36bff6184615be1adeb576578d5ad37ce794b249c13a30005be74f8262dee4""}"
NFP_200701_REL_20070202,nfp,2007:01,2007-02-02,2007-02-02T08:30:00 America/New_York,development,development_seen,111.0,130.0,-19.0,111.65824321041487,-0.17016208972762867,philadelphia_fed_employ_first_releases,0,0,,-0.019999999999999574,0.04056243008577368,-0.493067105637098,2007-02-01,2007-02-01,federal_reserve_h15_nominal:RIFLGFCY02_N.B,-0.009999999999999787,0.021972633209733687,-0.4551115883357063,2007-02-01,2007-02-01,federal_reserve_h15_nominal:RIFLGFCY01_N.B,0.030705458136387146,0.06775729532722985,-0.453168297053431,2007-02-01,2007-02-01,yahoo:ZT=F,0.010000000000000675,0.021869541288243664,0.45725696155210815,2007-02-01,2007-02-01,derived:H15_5Y_nominal_minus_5Y_real,-0.009999999999999787,0.018970688064741247,-0.5271290090202737,2007-02-01,2007-02-01,derived:H15_10Y_nominal_minus_10Y_real,-0.03000000000000025,0.03930864397973324,-0.7631909158572769,2007-02-01,2007-02-01,federal_reserve_h15_real:RIFLGFCY05_XII_N.B,0.0,0.03369688748220973,0.0,2007-02-01,2007-02-01,federal_reserve_h15_real:RIFLGFCY10_XII_N.B,0.18221248670319956,0.261564074492557,-0.696626580147514,2007-02-01,2007-02-01,yahoo:TIP,-1.451766719896375,1.0294926923404533,-1.4101768091193752,2007-02-01,2007-02-01,yahoo:GLD,-1.7183626086538162,0.995824271253178,-1.7255681130279865,2007-02-01,2007-02-01,yahoo:GC=F,0.3891765489633679,0.3585410306186453,1.0854449441723937,2007-02-01,2007-02-01,yahoo:DX-Y.NYB,,,,,yahoo:UUP,1,"{""alfred_employment_situation_release_dates"":""b796dbd0eac6d9fd3e17ef1280bf85abe0e8b6e91df1205809e70b9ba0cf5a4b"",""federal_reserve_h15_nominal"":""dd00d34890aea66542962d4e00c3650e37e7303bdcdea95963616a6ca09fce87"",""federal_reserve_h15_real"":""5be7cb777f2a50c090ec837ab67ad98e90e36ff23935d9d8e1e1bbdb97ea0142"",""philadelphia_fed_employ_first_releases"":""8af43817875de1075966ebb668f42ddd7367db908d7897a59744917ef167f755"",""yahoo_DX-Y.NYB"":""2abdecea5830986f7a96a4a77f51a66ae7015a1d96488f3b6807200e2e1f0585"",""yahoo_GC=F"":""dde2a4acfa0b6fafad13fd03b21e79cf06b521cf30e1ed0662dd6da52c3e6f78"",""yahoo_GLD"":""cffc9bd91365864e1969d125a13ee2eeae3f44374a8337e4a94eddc8ffad287e"",""yahoo_TIP"":""9198e3f8407f96f1376cec3bff2883b5a1730e9692a4acc4b4e124d9001589b9"",""yahoo_UUP"":""a4840dacc2e010d8281489df6cb8f77cc34ce1661bdac1c6031f392e01b7aedb"",""yahoo_ZT=F"":""1f36bff6184615be1adeb576578d5ad37ce794b249c13a30005be74f8262dee4""}"
NFP_200702_REL_20070309,nfp,2007:02,2007-03-09,2007-03-09T08:30:00 America/New_York,development,development_seen,97.0,124.5,-27.5,111.8426744480103,-0.24588110160744847,philadelphia_fed_employ_first_releases,0,0,,0.10000000000000053,0.043871924538500306,2.2793620533387906,2007-03-08,2007-03-08,federal_reserve_h15_nominal:RIFLGFCY02_N.B,0.07000000000000028,0.024692458648832332,2.8348736347204726,2007-03-08,2007-03-08,federal_reserve_h15_nominal:RIFLGFCY01_N.B,-0.20624076362854918,0.06881159983157044,2.9971801866743824,2007-03-08,2007-03-08,yahoo:ZT=F,0.029999999999999805,0.022735894615229096,1.3194994306450127,2007-03-08,2007-03-08,derived:H15_5Y_nominal_minus_5Y_real,0.0,0.020041623354076537,0.0,2007-03-08,2007-03-08,derived:H15_10Y_nominal_minus_10Y_real,0.06999999999999984,0.038510032444417086,1.8177081543889466,2007-03-08,2007-03-08,federal_reserve_h15_real:RIFLGFCY05_XII_N.B,0.08000000000000007,0.03497537471076175,2.287323600149578,2007-03-08,2007-03-08,federal_reserve_h15_real:RIFLGFCY10_XII_N.B,-0.4568749005516863,0.2683863045882183,1.702303331955271,2007-03-08,2007-03-08,yahoo:TIP,-0.3573426484667515,1.2507306673866125,-0.2857071132775651,2007-03-08,2007-03-08,yahoo:GLD,-0.5217173641936624,1.1419493672675467,-0.45686558366596086,2007-03-08,2007-03-08,yahoo:GC=F,0.16632936315817937,0.32839546286361265,0.5064910510875673,2007-03-08,2007-03-08,yahoo:DX-Y.NYB,,,,,yahoo:UUP,1,"{""alfred_employment_situation_release_dates"":""b796dbd0eac6d9fd3e17ef1280bf85abe0e8b6e91df1205809e70b9ba0cf5a4b"",""federal_reserve_h15_nominal"":""dd00d34890aea66542962d4e00c3650e37e7303bdcdea95963616a6ca09fce87"",""federal_reserve_h15_real"":""5be7cb777f2a50c090ec837ab67ad98e90e36ff23935d9d8e1e1bbdb97ea0142"",""philadelphia_fed_employ_first_releases"":""8af43817875de1075966ebb668f42ddd7367db908d7897a59744917ef167f755"",""yahoo_DX-Y.NYB"":""2abdecea5830986f7a96a4a77f51a66ae7015a1d96488f3b6807200e2e1f0585"",""yahoo_GC=F"":""dde2a4acfa0b6fafad13fd03b21e79cf06b521cf30e1ed0662dd6da52c3e6f78"",""yahoo_GLD"":""cffc9bd91365864e1969d125a13ee2eeae3f44374a8337e4a94eddc8ffad287e"",""yahoo_TIP"":""9198e3f8407f96f1376cec3bff2883b5a1730e9692a4acc4b4e124d9001589b9"",""yahoo_UUP"":""a4840dacc2e010d8281489df6cb8f77cc34ce1661bdac1c6031f392e01b7aedb"",""yahoo_ZT=F"":""1f36bff6184615be1adeb576578d5ad37ce794b249c13a30005be74f8262dee4""}"
NFP_200703_REL_20070406,nfp,2007:03,2007-04-06,2007-04-06T08:30:00 America/New_York,development,development_seen,180.0,117.0,63.0,110.3462613186584,0.5709300817910661,philadelphia_fed_employ_first_releases,0,0,,0.1200000000000001,0.046609327162394,2.5745919820275844,2007-04-05,2007-04-05,federal_reserve_h15_nominal:RIFLGFCY02_N.B,0.05000000000000071,0.026478325002070195,1.8883369698080028,2007-04-05,2007-04-05,federal_reserve_h15_nominal:RIFLGFCY01_N.B,,,,,,yahoo:ZT=F,0.03999999999999959,0.019177287649245946,2.085800699848834,2007-04-05,2007-04-05,derived:H15_5Y_nominal_minus_5Y_real,0.03000000000000025,0.018085640588052856,1.6587745318691043,2007-04-05,2007-04-05,derived:H15_10Y_nominal_minus_10Y_real,0.06000000000000005,0.03782617095397774,1.5862033741929817,2007-04-05,2007-04-05,federal_reserve_h15_real:RIFLGFCY05_XII_N.B,0.04999999999999982,0.03479195634034827,1.4371137831652994,2007-04-05,2007-04-05,federal_reserve_h15_real:RIFLGFCY10_XII_N.B,,,,,,yahoo:TIP,,,,,,yahoo:GLD,,,,,,yahoo:GC=F,,,,,,yahoo:DX-Y.NYB,,,,,yahoo:UUP,0,"{""alfred_employment_situation_release_dates"":""b796dbd0eac6d9fd3e17ef1280bf85abe0e8b6e91df1205809e70b9ba0cf5a4b"",""federal_reserve_h15_nominal"":""dd00d34890aea66542962d4e00c3650e37e7303bdcdea95963616a6ca09fce87"",""federal_reserve_h15_real"":""5be7cb777f2a50c090ec837ab67ad98e90e36ff23935d9d8e1e1bbdb97ea0142"",""philadelphia_fed_employ_first_releases"":""8af43817875de1075966ebb668f42ddd7367db908d7897a59744917ef167f755"",""yahoo_DX-Y.NYB"":""2abdecea5830986f7a96a4a77f51a66ae7015a1d96488f3b6807200e2e1f0585"",""yahoo_GC=F"":""dde2a4acfa0b6fafad13fd03b21e79cf06b521cf30e1ed0662dd6da52c3e6f78"",""yahoo_GLD"":""cffc9bd91365864e1969d125a13ee2eeae3f44374a8337e4a94eddc8ffad287e"",""yahoo_TIP"":""9198e3f8407f96f1376cec3bff2883b5a1730e9692a4acc4b4e124d9001589b9"",""yahoo_UUP"":""a4840dacc2e010d8281489df6cb8f77cc34ce1661bdac1c6031f392e01b7aedb"",""yahoo_ZT=F"":""1f36bff6184615be1adeb576578d5ad37ce794b249c13a30005be74f8262dee4""}"
NFP_200704_REL_20070504,nfp,2007:04,2007-05-04,2007-05-04T08:30:00 America/New_York,development,development_seen,88.0,117.0,-29.0,108.81469112968946,-0.26650813138307494,philadelphia_fed_employ_first_releases,0,0,,-0.03000000000000025,0.05038383742279197,-0.5954290410287257,2007-05-03,2007-05-03,federal_reserve_h15_nominal:RIFLGFCY02_N.B,-0.019999999999999574,0.027745310592729146,-0.7208425342061485,2007-05-03,2007-05-03,federal_reserve_h15_nominal:RIFLGFCY01_N.B,0.06115273084628482,0.0828443749784088,-0.7381639473074988,2007-05-03,2007-05-03,yahoo:ZT=F,-0.029999999999999805,0.021378351159644753,-1.4032887651611725,2007-05-03,2007-05-03,derived:H15_5Y_nominal_minus_5Y_real,-0.019999999999999574,0.017352282124125703,-1.152586147282185,2007-05-03,2007-05-03,derived:H15_10Y_nominal_minus_10Y_real,-0.010000000000000231,0.03742563247430425,-0.26719655324104535,2007-05-03,2007-05-03,federal_reserve_h15_real:RIFLGFCY05_XII_N.B,-0.009999999999999787,0.034179238420173286,-0.2925752726572627,2007-05-03,2007-05-03,federal_reserve_h15_real:RIFLGFCY10_XII_N.B,0.049711024063392645,0.2580795744768961,-0.19261897871674805,2007-05-03,2007-05-03,yahoo:TIP,1.0318555232789657,1.1397604522006561,0.9053266599017828,2007-05-03,2007-05-03,yahoo:GLD,0.7889046633799369,0.9960595292303255,0.7920256171732415,2007-05-03,2007-05-03,yahoo:GC=F,-0.25658159488980137,0.27346433075017795,-0.9382634809663725,2007-05-03,2007-05-03,yahoo:DX-Y.NYB,-0.3651866600533315,0.3366378282307347,-1.08480577471831,2007-05-03,yahoo:UUP,1,"{""alfred_employment_situation_release_dates"":""b796dbd0eac6d9fd3e17ef1280bf85abe0e8b6e91df1205809e70b9ba0cf5a4b"",""federal_reserve_h15_nominal"":""dd00d34890aea66542962d4e00c3650e37e7303bdcdea95963616a6ca09fce87"",""federal_reserve_h15_real"":""5be7cb777f2a50c090ec837ab67ad98e90e36ff23935d9d8e1e1bbdb97ea0142"",""philadelphia_fed_employ_first_releases"":""8af43817875de1075966ebb668f42ddd7367db908d7897a59744917ef167f755"",""yahoo_DX-Y.NYB"":""2abdecea5830986f7a96a4a77f51a66ae7015a1d96488f3b6807200e2e1f0585"",""yahoo_GC=F"":""dde2a4acfa0b6fafad13fd03b21e79cf06b521cf30e1ed0662dd6da52c3e6f78"",""yahoo_GLD"":""cffc9bd91365864e1969d125a13ee2eeae3f44374a8337e4a94eddc8ffad287e"",""yahoo_TIP"":""9198e3f8407f96f1376cec3bff2883b5a1730e9692a4acc4b4e124d9001589b9"",""yahoo_UUP"":""a4840dacc2e010d8281489df6cb8f77cc34ce1661bdac1c6031f392e01b7aedb"",""yahoo_ZT=F"":""1f36bff6184615be1adeb576578d5ad37ce794b249c13a30005be74f8262dee4""}"
NFP_200705_REL_20070601,nfp,2007:05,2007-06-01,2007-06-01T08:30:00 America/New_York,development,development_seen,157.0,112.0,45.0,107.64652968446008,0.41803484173532285,philadelphia_fed_employ_first_releases,0,0,,0.04999999999999982,0.04012550930736141,1.2460901023585722,2007-05-31,2007-05-31,federal_reserve_h15_nominal:RIFLGFCY02_N.B,0.03000000000000025,0.02409667440777099,1.24498507521542,2007-05-31,2007-05-31,federal_reserve_h15_nominal:RIFLGFCY01_N.B,-0.09987324611523231,0.07234903308954108,1.3804365013645246,2007-05-31,2007-05-31,yahoo:ZT=F,0.009999999999999343,0.023584803112451595,0.4240018435735783,2007-05-31,2007-05-31,derived:H15_5Y_nominal_minus_5Y_real,0.020000000000000018,0.01736611415671201,1.1516681175489112,2007-05-31,2007-05-31,derived:H15_10Y_nominal_minus_10Y_real,0.050000000000000266,0.03358772980152633,1.4886388659029917,2007-05-31,2007-05-31,federal_reserve_h15_real:RIFLGFCY05_XII_N.B,0.029999999999999805,0.028342138877618096,1.0584945663254417,2007-05-31,2007-05-31,federal_reserve_h15_real:RIFLGFCY10_XII_N.B,-0.3362706452500644,0.22168694173469783,1.5168716867973837,2007-05-31,2007-05-31,yahoo:TIP,1.3638664251469168,0.8106946532518489,1.6823429384617152,2007-05-31,2007-05-31,yahoo:GLD,1.531333348818606,0.8043271019430832,1.903868892542885,2007-05-31,2007-05-31,yahoo:GC=F,0.02429430546850053,0.25632622112020675,0.09477885392422444,2007-05-31,2007-05-31,yahoo:DX-Y.NYB,0.040132829415847796,0.30156566133586604,0.13308156252959524,2007-05-31,yahoo:UUP,1,"{""alfred_employment_situation_release_dates"":""b796dbd0eac6d9fd3e17ef1280bf85abe0e8b6e91df1205809e70b9ba0cf5a4b"",""federal_reserve_h15_nominal"":""dd00d34890aea66542962d4e00c3650e37e7303bdcdea95963616a6ca09fce87"",""federal_reserve_h15_real"":""5be7cb777f2a50c090ec837ab67ad98e90e36ff23935d9d8e1e1bbdb97ea0142"",""philadelphia_fed_employ_first_releases"":""8af43817875de1075966ebb668f42ddd7367db908d7897a59744917ef167f755"",""yahoo_DX-Y.NYB"":""2abdecea5830986f7a96a4a77f51a66ae7015a1d96488f3b6807200e2e1f0585"",""yahoo_GC=F"":""dde2a4acfa0b6fafad13fd03b21e79cf06b521cf30e1ed0662dd6da52c3e6f78"",""yahoo_GLD"":""cffc9bd91365864e1969d125a13ee2eeae3f44374a8337e4a94eddc8ffad287e"",""yahoo_TIP"":""9198e3f8407f96f1376cec3bff2883b5a1730e9692a4acc4b4e124d9001589b9"",""yahoo_UUP"":""a4840dacc2e010d8281489df6cb8f77cc34ce1661bdac1c6031f392e01b7aedb"",""yahoo_ZT=F"":""1f36bff6184615be1adeb576578d5ad37ce794b249c13a30005be74f8262dee4""}"
NFP_200706_REL_20070706,nfp,2007:06,2007-07-06,2007-07-06T08:30:00 America/New_York,development,development_seen,132.0,117.0,15.0,106.53632407520745,0.14079704861424552,philadelphia_fed_employ_first_releases,0,0,,0.0,0.03802170061312523,0.0,2007-07-05,2007-07-05,federal_reserve_h15_nominal:RIFLGFCY02_N.B,-0.019999999999999574,0.025663511435675333,-0.7793165814478994,2007-07-05,2007-07-05,federal_reserve_h15_nominal:RIFLGFCY01_N.B,-0.030731407740326244,0.06593366988755726,0.46609581709520087,2007-07-05,2007-07-05,yahoo:ZT=F,0.019999999999999574,0.022445791572631876,0.891035628450972,2007-07-05,2007-07-05,derived:H15_5Y_nominal_minus_5Y_real,0.0,0.017044309155148322,0.0,2007-07-05,2007-07-05,derived:H15_10Y_nominal_minus_10Y_real,0.03000000000000025,0.041392089639758045,0.7247761652309663,2007-07-05,2007-07-05,federal_reserve_h15_real:RIFLGFCY05_XII_N.B,0.03000000000000025,0.03993603642889111,0.7512012378448556,2007-07-05,2007-07-05,federal_reserve_h15_real:RIFLGFCY10_XII_N.B,-0.2145000340468851,0.28526983039241127,0.7519198008139287,2007-07-05,2007-07-05,yahoo:TIP,0.834756628035994,0.8739656610768931,0.955136643477976,2007-07-05,2007-07-05,yahoo:GLD,0.6609796829232741,0.8907735684475631,0.742028845866214,2007-07-05,2007-07-05,yahoo:GC=F,-0.09816176377749114,0.24501922983190624,-0.40062881531720734,2007-07-05,2007-07-05,yahoo:DX-Y.NYB,-0.2015695595245406,0.781758864501585,-0.25784109228240404,2007-07-05,yahoo:UUP,1,"{""alfred_employment_situation_release_dates"":""b796dbd0eac6d9fd3e17ef1280bf85abe0e8b6e91df1205809e70b9ba0cf5a4b"",""federal_reserve_h15_nominal"":""dd00d34890aea66542962d4e00c3650e37e7303bdcdea95963616a6ca09fce87"",""federal_reserve_h15_real"":""5be7cb777f2a50c090ec837ab67ad98e90e36ff23935d9d8e1e1bbdb97ea0142"",""philadelphia_fed_employ_first_releases"":""8af43817875de1075966ebb668f42ddd7367db908d7897a59744917ef167f755"",""yahoo_DX-Y.NYB"":""2abdecea5830986f7a96a4a77f51a66ae7015a1d96488f3b6807200e2e1f0585"",""yahoo_GC=F"":""dde2a4acfa0b6fafad13fd03b21e79cf06b521cf30e1ed0662dd6da52c3e6f78"",""yahoo_GLD"":""cffc9bd91365864e1969d125a13ee2eeae3f44374a8337e4a94eddc8ffad287e"",""yahoo_TIP"":""9198e3f8407f96f1376cec3bff2883b5a1730e9692a4acc4b4e124d9001589b9"",""yahoo_UUP"":""a4840dacc2e010d8281489df6cb8f77cc34ce1661bdac1c6031f392e01b7aedb"",""yahoo_ZT=F"":""1f36bff6184615be1adeb576578d5ad37ce794b249c13a30005be74f8262dee4""}"
NFP_200707_REL_20070803,nfp,2007:07,2007-08-03,2007-08-03T08:30:00 America/New_York,development,development_seen,92.0,120.5,-28.5,105.43121669980984,-0.27031842078752566,philadelphia_fed_employ_first_releases,0,0,,-0.1299999999999999,0.04761515924398993,-2.730222938746314,2007-08-02,2007-08-02,federal_reserve_h15_nominal:RIFLGFCY02_N.B,-0.07000000000000028,0.0330621739247855,-2.117223149307912,2007-08-02,2007-08-02,federal_reserve_h15_nominal:RIFLGFCY01_N.B,0.15242743596033007,0.08504624703245658,-1.7922887990831446,2007-08-02,2007-08-02,yahoo:ZT=F,-0.04000000000000048,0.023149599452307094,-1.7278916675171272,2007-08-02,2007-08-02,derived:H15_5Y_nominal_minus_5Y_real,-0.03999999999999959,0.016600149750873205,-2.409616816733566,2007-08-02,2007-08-02,derived:H15_10Y_nominal_minus_10Y_real,-0.06000000000000005,0.05020269648597852,-1.1951549259262975,2007-08-02,2007-08-02,federal_reserve_h15_real:RIFLGFCY05_XII_N.B,-0.020000000000000018,0.04792266604545238,-0.41733905165106977,2007-08-02,2007-08-02,federal_reserve_h15_real:RIFLGFCY10_XII_N.B,0.3095601054043698,0.3293943404957226,-0.9397857441584964,2007-08-02,2007-08-02,yahoo:TIP,1.2068377589956174,0.8165764705800682,1.477923749307056,2007-08-02,2007-08-02,yahoo:GLD,1.1816792290473208,0.9015093636075621,1.3107786527237004,2007-08-02,2007-08-02,yahoo:GC=F,-0.6588360972367597,0.2706574734315895,-2.4342061901471377,2007-08-02,2007-08-02,yahoo:DX-Y.NYB,-0.9355351070939601,0.7919019976788876,-1.181377379822339,2007-08-02,yahoo:UUP,1,"{""alfred_employment_situation_release_dates"":""b796dbd0eac6d9fd3e17ef1280bf85abe0e8b6e91df1205809e70b9ba0cf5a4b"",""federal_reserve_h15_nominal"":""dd00d34890aea66542962d4e00c3650e37e7303bdcdea95963616a6ca09fce87"",""federal_reserve_h15_real"":""5be7cb777f2a50c090ec837ab67ad98e90e36ff23935d9d8e1e1bbdb97ea0142"",""philadelphia_fed_employ_first_releases"":""8af43817875de1075966ebb668f42ddd7367db908d7897a59744917ef167f755"",""yahoo_DX-Y.NYB"":""2abdecea5830986f7a96a4a77f51a66ae7015a1d96488f3b6807200e2e1f0585"",""yahoo_GC=F"":""dde2a4acfa0b6fafad13fd03b21e79cf06b521cf30e1ed0662dd6da52c3e6f78"",""yahoo_GLD"":""cffc9bd91365864e1969d125a13ee2eeae3f44374a8337e4a94eddc8ffad287e"",""yahoo_TIP"":""9198e3f8407f96f1376cec3bff2883b5a1730e9692a4acc4b4e124d9001589b9"",""yahoo_UUP"":""a4840dacc2e010d8281489df6cb8f77cc34ce1661bdac1c6031f392e01b7aedb"",""yahoo_ZT=F"":""1f36bff6184615be1adeb576578d5ad37ce794b249c13a30005be74f8262dee4""}"
NFP_200708_REL_20070907,nfp,2007:08,2007-09-07,2007-09-07T08:30:00 America/New_York,development,development_seen,-4.0,119.5,-123.5,105.36702701203984,-1.1720934290562093,philadelphia_fed_employ_first_releases,0,0,,-0.18000000000000016,0.07017331248637715,-2.565077714336826,2007-09-06,2007-09-06,federal_reserve_h15_nominal:RIFLGFCY02_N.B,-0.20000000000000018,0.08302524971594767,-2.4089057327048753,2007-09-06,2007-09-06,federal_reserve_h15_nominal:RIFLGFCY01_N.B,0.28711768874128873,0.11931556176724036,-2.406372517454137,2007-09-06,2007-09-06,yahoo:ZT=F,-0.009999999999999787,0.02513016959212198,-0.3979280745934429,2007-09-06,2007-09-06,derived:H15_5Y_nominal_minus_5Y_real,0.0,0.01628142333344089,0.0,2007-09-06,2007-09-06,derived:H15_10Y_nominal_minus_10Y_real,-0.16000000000000014,0.052524946991855004,-3.046171565386086,2007-09-06,2007-09-06,federal_reserve_h15_real:RIFLGFCY05_XII_N.B,-0.1299999999999999,0.0466441632586725,-2.7870582494762433,2007-09-06,2007-09-06,federal_reserve_h15_real:RIFLGFCY10_XII_N.B,1.1410944739068083,0.31424620860411323,-3.6312115871678086,2007-09-06,2007-09-06,yahoo:TIP,0.7667289341462135,0.8217576395874948,0.9330353588572604,2007-09-06,2007-09-06,yahoo:GLD,0.7447774821192289,0.90434398019949,0.8235555258021818,2007-09-06,2007-09-06,yahoo:GC=F,-0.6357961145326071,0.2930939401511694,-2.169257113281434,2007-09-06,2007-09-06,yahoo:DX-Y.NYB,-0.569104971279307,0.811279366496256,-0.7014907500201207,2007-09-06,yahoo:UUP,1,"{""alfred_employment_situation_release_dates"":""b796dbd0eac6d9fd3e17ef1280bf85abe0e8b6e91df1205809e70b9ba0cf5a4b"",""federal_reserve_h15_nominal"":""dd00d34890aea66542962d4e00c3650e37e7303bdcdea95963616a6ca09fce87"",""federal_reserve_h15_real"":""5be7cb777f2a50c090ec837ab67ad98e90e36ff23935d9d8e1e1bbdb97ea0142"",""philadelphia_fed_employ_first_releases"":""8af43817875de1075966ebb668f42ddd7367db908d7897a59744917ef167f755"",""yahoo_DX-Y.NYB"":""2abdecea5830986f7a96a4a77f51a66ae7015a1d96488f3b6807200e2e1f0585"",""yahoo_GC=F"":""dde2a4acfa0b6fafad13fd03b21e79cf06b521cf30e1ed0662dd6da52c3e6f78"",""yahoo_GLD"":""cffc9bd91365864e1969d125a13ee2eeae3f44374a8337e4a94eddc8ffad287e"",""yahoo_TIP"":""9198e3f8407f96f1376cec3bff2883b5a1730e9692a4acc4b4e124d9001589b9"",""yahoo_UUP"":""a4840dacc2e010d8281489df6cb8f77cc34ce1661bdac1c6031f392e01b7aedb"",""yahoo_ZT=F"":""1f36bff6184615be1adeb576578d5ad37ce794b249c13a30005be74f8262dee4""}"
NFP_200709_REL_20071005,nfp,2007:09,2007-10-05,2007-10-05T08:30:00 America/New_York,development,development_seen,110.0,104.0,6.0,106.55723475982762,0.056307767497191255,philadelphia_fed_employ_first_releases,0,0,,0.08000000000000007,0.0742531553096993,1.077395292716269,2007-10-04,2007-10-04,federal_reserve_h15_nominal:RIFLGFCY02_N.B,0.0600000000000005,0.08930032487398276,0.6718900528600565,2007-10-04,2007-10-04,federal_reserve_h15_nominal:RIFLGFCY01_N.B,-0.1511259166276754,0.12441185348458295,1.214722812938422,2007-10-04,2007-10-04,yahoo:ZT=F,0.010000000000000231,0.025905085337201317,0.38602459207650663,2007-10-04,2007-10-04,derived:H15_5Y_nominal_minus_5Y_real,0.010000000000000675,0.017414845280914568,0.5742227300152912,2007-10-04,2007-10-04,derived:H15_10Y_nominal_minus_10Y_real,0.10000000000000009,0.05547025466448099,1.8027679989007266,2007-10-04,2007-10-04,federal_reserve_h15_real:RIFLGFCY05_XII_N.B,0.09999999999999964,0.045327122372800885,2.206184614534584,2007-10-04,2007-10-04,federal_reserve_h15_real:RIFLGFCY10_XII_N.B,-0.5905192649385194,0.3478060870730745,1.697840511958753,2007-10-04,2007-10-04,yahoo:TIP,0.724688703528734,0.9083775452015088,0.7977835948905734,2007-10-04,2007-10-04,yahoo:GLD,0.4732616578215814,0.945604563817431,0.5004858012856996,2007-10-04,2007-10-04,yahoo:GC=F,-0.21685804448189613,0.3334949483361053,-0.6502588586839423,2007-10-04,2007-10-04,yahoo:DX-Y.NYB,-0.16496152855301913,0.3776970091018827,-0.4367562479387313,2007-10-04,yahoo:UUP,1,"{""alfred_employment_situation_release_dates"":""b796dbd0eac6d9fd3e17ef1280bf85abe0e8b6e91df1205809e70b9ba0cf5a4b"",""federal_reserve_h15_nominal"":""dd00d34890aea66542962d4e00c3650e37e7303bdcdea95963616a6ca09fce87"",""federal_reserve_h15_real"":""5be7cb777f2a50c090ec837ab67ad98e90e36ff23935d9d8e1e1bbdb97ea0142"",""philadelphia_fed_employ_first_releases"":""8af43817875de1075966ebb668f42ddd7367db908d7897a59744917ef167f755"",""yahoo_DX-Y.NYB"":""2abdecea5830986f7a96a4a77f51a66ae7015a1d96488f3b6807200e2e1f0585"",""yahoo_GC=F"":""dde2a4acfa0b6fafad13fd03b21e79cf06b521cf30e1ed0662dd6da52c3e6f78"",""yahoo_GLD"":""cffc9bd91365864e1969d125a13ee2eeae3f44374a8337e4a94eddc8ffad287e"",""yahoo_TIP"":""9198e3f8407f96f1376cec3bff2883b5a1730e9692a4acc4b4e124d9001589b9"",""yahoo_UUP"":""a4840dacc2e010d8281489df6cb8f77cc34ce1661bdac1c6031f392e01b7aedb"",""yahoo_ZT=F"":""1f36bff6184615be1adeb576578d5ad37ce794b249c13a30005be74f8262dee4""}"
NFP_200710_REL_20071102,nfp,2007:10,2007-11-02,2007-11-02T08:30:00 America/New_York,development,development_seen,166.0,110.5,55.5,106.0789636994443,0.5231951563671878,philadelphia_fed_employ_first_releases,0,0,,-0.10999999999999988,0.07909427257900697,-1.3907454536625428,2007-11-01,2007-11-01,federal_reserve_h15_nominal:RIFLGFCY02_N.B,-0.1499999999999999,0.09462310010481755,-1.5852365842361886,2007-11-01,2007-11-01,federal_reserve_h15_nominal:RIFLGFCY01_N.B,0.2330214907899744,0.13135079429187227,-1.7740394494469631,2007-11-01,2007-11-01,yahoo:ZT=F,0.030000000000000693,0.023469537895739353,1.2782526922034914,2007-11-01,2007-11-01,derived:H15_5Y_nominal_minus_5Y_real,0.02999999999999936,0.01638174538689038,1.8313066948291783,2007-11-01,2007-11-01,derived:H15_10Y_nominal_minus_10Y_real,-0.11999999999999988,0.06011547268796261,-1.9961583039174609,2007-11-01,2007-11-01,federal_reserve_h15_real:RIFLGFCY05_XII_N.B,-0.08000000000000007,0.050516820491222234,-1.5836309415771883,2007-11-01,2007-11-01,federal_reserve_h15_real:RIFLGFCY10_XII_N.B,0.5592708039295665,0.37968069093890183,-1.4730030187907668,2007-11-01,2007-11-01,yahoo:TIP,2.4088404823137863,0.9975239558770302,2.414819682396416,2007-11-01,2007-11-01,yahoo:GLD,1.8792835418849325,0.9492722819419593,1.9797096972434682,2007-11-01,2007-11-01,yahoo:GC=F,-0.32694727610024127,0.3490060707931281,-0.9367953839806927,2007-11-01,2007-11-01,yahoo:DX-Y.NYB,-0.969856214119956,0.36073935879590185,-2.688523418562372,2007-11-01,yahoo:UUP,1,"{""alfred_employment_situation_release_dates"":""b796dbd0eac6d9fd3e17ef1280bf85abe0e8b6e91df1205809e70b9ba0cf5a4b"",""federal_reserve_h15_nominal"":""dd00d34890aea66542962d4e00c3650e37e7303bdcdea95963616a6ca09fce87"",""federal_reserve_h15_real"":""5be7cb777f2a50c090ec837ab67ad98e90e36ff23935d9d8e1e1bbdb97ea0142"",""philadelphia_fed_employ_first_releases"":""8af43817875de1075966ebb668f42ddd7367db908d7897a59744917ef167f755"",""yahoo_DX-Y.NYB"":""2abdecea5830986f7a96a4a77f51a66ae7015a1d96488f3b6807200e2e1f0585"",""yahoo_GC=F"":""dde2a4acfa0b6fafad13fd03b21e79cf06b521cf30e1ed0662dd6da52c3e6f78"",""yahoo_GLD"":""cffc9bd91365864e1969d125a13ee2eeae3f44374a8337e4a94eddc8ffad287e"",""yahoo_TIP"":""9198e3f8407f96f1376cec3bff2883b5a1730e9692a4acc4b4e124d9001589b9"",""yahoo_UUP"":""a4840dacc2e010d8281489df6cb8f77cc34ce1661bdac1c6031f392e01b7aedb"",""yahoo_ZT=F"":""1f36bff6184615be1adeb576578d5ad37ce794b249c13a30005be74f8262dee4""}"
NFP_200711_REL_20071207,nfp,2007:11,2007-12-07,2007-12-07T08:30:00 America/New_York,development,development_seen,94.0,121.5,-27.5,106.07413461300689,-0.25925264533459536,philadelphia_fed_employ_first_releases,0,0,,0.0900000000000003,0.08511607229373228,1.0573796179106312,2007-12-06,2007-12-06,federal_reserve_h15_nominal:RIFLGFCY02_N.B,0.040000000000000036,0.07404743478926232,0.5401942702517558,2007-12-06,2007-12-06,federal_reserve_h15_nominal:RIFLGFCY01_N.B,-0.21581403725241008,0.12956852778966924,1.6656362539114793,2007-12-06,2007-12-06,yahoo:ZT=F,-4.440892098500626e-16,0.02327919465863891,-1.9076656918853553e-14,2007-12-06,2007-12-06,derived:H15_5Y_nominal_minus_5Y_real,0.010000000000000231,0.020024702259084207,0.49938320533398844,2007-12-06,2007-12-06,derived:H15_10Y_nominal_minus_10Y_real,0.1200000000000001,0.07056891490884942,1.700465426668364,2007-12-06,2007-12-06,federal_reserve_h15_real:RIFLGFCY05_XII_N.B,0.09000000000000008,0.061481474863672766,1.463855579254783,2007-12-06,2007-12-06,federal_reserve_h15_real:RIFLGFCY10_XII_N.B,-0.5157068993289248,0.48599672769182656,1.0611324520191783,2007-12-06,2007-12-06,yahoo:TIP,-0.9748817685628596,1.3588244899249728,-0.7174449502427553,2007-12-06,2007-12-06,yahoo:GLD,-0.8523475563928767,1.225270331121154,-0.6956404107271223,2007-12-06,2007-12-06,yahoo:GC=F,-0.11789657351710056,0.4032693120896702,-0.29235195930526275,2007-12-06,2007-12-06,yahoo:DX-Y.NYB,0.16736759393902398,0.4667561532816372,0.3585760846692804,2007-12-06,yahoo:UUP,1,"{""alfred_employment_situation_release_dates"":""b796dbd0eac6d9fd3e17ef1280bf85abe0e8b6e91df1205809e70b9ba0cf5a4b"",""federal_reserve_h15_nominal"":""dd00d34890aea66542962d4e00c3650e37e7303bdcdea95963616a6ca09fce87"",""federal_reserve_h15_real"":""5be7cb777f2a50c090ec837ab67ad98e90e36ff23935d9d8e1e1bbdb97ea0142"",""philadelphia_fed_employ_first_releases"":""8af43817875de1075966ebb668f42ddd7367db908d7897a59744917ef167f755"",""yahoo_DX-Y.NYB"":""2abdecea5830986f7a96a4a77f51a66ae7015a1d96488f3b6807200e2e1f0585"",""yahoo_GC=F"":""dde2a4acfa0b6fafad13fd03b21e79cf06b521cf30e1ed0662dd6da52c3e6f78"",""yahoo_GLD"":""cffc9bd91365864e1969d125a13ee2eeae3f44374a8337e4a94eddc8ffad287e"",""yahoo_TIP"":""9198e3f8407f96f1376cec3bff2883b5a1730e9692a4acc4b4e124d9001589b9"",""yahoo_UUP"":""a4840dacc2e010d8281489df6cb8f77cc34ce1661bdac1c6031f392e01b7aedb"",""yahoo_ZT=F"":""1f36bff6184615be1adeb576578d5ad37ce794b249c13a30005be74f8262dee4""}"
NFP_200712_REL_20080104,nfp,2007:12,2008-01-04,2008-01-04T08:30:00 America/New_York,development,development_seen,18.0,110.5,-92.5,105.75070988529079,-0.8746986199935299,philadelphia_fed_employ_first_releases,0,0,,-0.08999999999999986,0.09734483524641943,-0.9245482800620413,2008-01-03,2008-01-03,federal_reserve_h15_nominal:RIFLGFCY02_N.B,-0.06999999999999984,0.08285359083421966,-0.8448638048779521,2008-01-03,2008-01-03,federal_reserve_h15_nominal:RIFLGFCY01_N.B,0.19217982114101495,0.15675267043040483,-1.2260066805454461,2008-01-03,2008-01-03,yahoo:ZT=F,-0.029999999999999805,0.025685516594218326,-1.167973394265025,2008-01-03,2008-01-03,derived:H15_5Y_nominal_minus_5Y_real,-0.010000000000000231,0.02045457969522903,-0.48888807049566024,2008-01-03,2008-01-03,derived:H15_10Y_nominal_minus_10Y_real,-0.04999999999999993,0.08050318448275451,-0.6210934427160579,2008-01-03,2008-01-03,federal_reserve_h15_real:RIFLGFCY05_XII_N.B,-0.020000000000000018,0.07087109329202405,-0.2822025041661217,2008-01-03,2008-01-03,federal_reserve_h15_real:RIFLGFCY10_XII_N.B,-0.028132336389986575,0.5225946591779119,0.05383203960454026,2008-01-03,2008-01-03,yahoo:TIP,-0.5155283230996526,1.4652940442858764,-0.35182585031996066,2008-01-03,2008-01-03,yahoo:GLD,-0.3816192926393314,1.2699713826179235,-0.3004944031515577,2008-01-03,2008-01-03,yahoo:GC=F,-0.13185454695108026,0.4335346261933495,-0.3041384447393027,2008-01-03,2008-01-03,yahoo:DX-Y.NYB,-1.0677165594321225,0.5400100369367091,-1.9772161374794266,2008-01-03,yahoo:UUP,1,"{""alfred_employment_situation_release_dates"":""b796dbd0eac6d9fd3e17ef1280bf85abe0e8b6e91df1205809e70b9ba0cf5a4b"",""federal_reserve_h15_nominal"":""dd00d34890aea66542962d4e00c3650e37e7303bdcdea95963616a6ca09fce87"",""federal_reserve_h15_real"":""5be7cb777f2a50c090ec837ab67ad98e90e36ff23935d9d8e1e1bbdb97ea0142"",""philadelphia_fed_employ_first_releases"":""8af43817875de1075966ebb668f42ddd7367db908d7897a59744917ef167f755"",""yahoo_DX-Y.NYB"":""2abdecea5830986f7a96a4a77f51a66ae7015a1d96488f3b6807200e2e1f0585"",""yahoo_GC=F"":""dde2a4acfa0b6fafad13fd03b21e79cf06b521cf30e1ed0662dd6da52c3e6f78"",""yahoo_GLD"":""cffc9bd91365864e1969d125a13ee2eeae3f44374a8337e4a94eddc8ffad287e"",""yahoo_TIP"":""9198e3f8407f96f1376cec3bff2883b5a1730e9692a4acc4b4e124d9001589b9"",""yahoo_UUP"":""a4840dacc2e010d8281489df6cb8f77cc34ce1661bdac1c6031f392e01b7aedb"",""yahoo_ZT=F"":""1f36bff6184615be1adeb576578d5ad37ce794b249c13a30005be74f8262dee4""}"
NFP_200801_REL_20080201,nfp,2008:01,2008-02-01,2008-02-01T08:30:00 America/New_York,development,development_seen,-17.0,103.5,-120.5,105.16348451138481,-1.145834987875044,philadelphia_fed_employ_first_releases,0,0,,-0.08000000000000007,0.0999773985758216,-0.8001808522686163,2008-01-31,2008-01-31,federal_reserve_h15_nominal:RIFLGFCY02_N.B,0.020000000000000018,0.09858261040085274,0.20287553675721107,2008-01-31,2008-01-31,federal_reserve_h15_nominal:RIFLGFCY01_N.B,0.13913809867994004,0.16248776953067617,-0.8562989022608994,2008-01-31,2008-01-31,yahoo:ZT=F,-0.06000000000000005,0.03309419871670208,-1.8130065789965502,2008-01-31,2008-01-31,derived:H15_5Y_nominal_minus_5Y_real,-0.029999999999999805,0.022771277378450434,-1.3174491488294926,2008-01-31,2008-01-31,derived:H15_10Y_nominal_minus_10Y_real,-0.010000000000000009,0.08467468488212403,-0.11809905184673612,2008-01-31,2008-01-31,federal_reserve_h15_real:RIFLGFCY05_XII_N.B,-0.020000000000000018,0.07669202479180388,-0.26078330901151836,2008-01-31,2008-01-31,federal_reserve_h15_real:RIFLGFCY10_XII_N.B,0.05594183418061319,0.5328375685945173,-0.10498853211152652,2008-01-31,2008-01-31,yahoo:TIP,-2.2684270626732737,1.489978445228754,-1.522456294543916,2008-01-31,2008-01-31,yahoo:GLD,-1.5289147679384005,1.3328561640311984,-1.147096595415237,2008-01-31,2008-01-31,yahoo:GC=F,0.3584902571137438,0.46148218087178,0.7768236174071218,2008-01-31,2008-01-31,yahoo:DX-Y.NYB,0.38324400244192564,0.6104347070880827,0.6278214491932966,2008-01-31,yahoo:UUP,1,"{""alfred_employment_situation_release_dates"":""b796dbd0eac6d9fd3e17ef1280bf85abe0e8b6e91df1205809e70b9ba0cf5a4b"",""federal_reserve_h15_nominal"":""dd00d34890aea66542962d4e00c3650e37e7303bdcdea95963616a6ca09fce87"",""federal_reserve_h15_real"":""5be7cb777f2a50c090ec837ab67ad98e90e36ff23935d9d8e1e1bbdb97ea0142"",""philadelphia_fed_employ_first_releases"":""8af43817875de1075966ebb668f42ddd7367db908d7897a59744917ef167f755"",""yahoo_DX-Y.NYB"":""2abdecea5830986f7a96a4a77f51a66ae7015a1d96488f3b6807200e2e1f0585"",""yahoo_GC=F"":""dde2a4acfa0b6fafad13fd03b21e79cf06b521cf30e1ed0662dd6da52c3e6f78"",""yahoo_GLD"":""cffc9bd91365864e1969d125a13ee2eeae3f44374a8337e4a94eddc8ffad287e"",""yahoo_TIP"":""9198e3f8407f96f1376cec3bff2883b5a1730e9692a4acc4b4e124d9001589b9"",""yahoo_UUP"":""a4840dacc2e010d8281489df6cb8f77cc34ce1661bdac1c6031f392e01b7aedb"",""yahoo_ZT=F"":""1f36bff6184615be1adeb576578d5ad37ce794b249c13a30005be74f8262dee4""}"
NFP_200802_REL_20080307,nfp,2008:02,2008-03-07,2008-03-07T08:30:00 America/New_York,development,development_seen,-63.0,95.5,-158.5,105.71231714977749,-1.499352244596349,philadelphia_fed_employ_first_releases,0,0,,0.0,0.0947221628532268,0.0,2008-03-06,2008-03-06,federal_reserve_h15_nominal:RIFLGFCY02_N.B,-0.040000000000000036,0.09127394043969958,-0.43824118699494696,2008-03-06,2008-03-06,federal_reserve_h15_nominal:RIFLGFCY01_N.B,0.11605136574834275,0.16313162667375525,-0.7113970976359619,2008-03-06,2008-03-06,yahoo:ZT=F,0.0,0.041664180716801065,0.0,2008-03-06,2008-03-06,derived:H15_5Y_nominal_minus_5Y_real,0.0,0.025344518791414503,0.0,2008-03-06,2008-03-06,derived:H15_10Y_nominal_minus_10Y_real,-0.05,0.08404733667558946,-0.5949028485339489,2008-03-06,2008-03-06,federal_reserve_h15_real:RIFLGFCY05_XII_N.B,-0.06000000000000005,0.07990442737498522,-0.750897065045279,2008-03-06,2008-03-06,federal_reserve_h15_real:RIFLGFCY10_XII_N.B,0.37106995703587753,0.5528106624324722,-0.6712424022414818,2008-03-06,2008-03-06,yahoo:TIP,-0.4257794167007869,1.3429615622107043,-0.31704512525279865,2008-03-06,2008-03-06,yahoo:GLD,-0.2875913830401525,1.164839740197231,-0.2468935194393844,2008-03-06,2008-03-06,yahoo:GC=F,0.041085776853573765,0.47660395629905206,0.08620527863976417,2008-03-06,2008-03-06,yahoo:DX-Y.NYB,0.3074936460190403,0.5988516328655539,0.5134721676346746,2008-03-06,yahoo:UUP,1,"{""alfred_employment_situation_release_dates"":""b796dbd0eac6d9fd3e17ef1280bf85abe0e8b6e91df1205809e70b9ba0cf5a4b"",""federal_reserve_h15_nominal"":""dd00d34890aea66542962d4e00c3650e37e7303bdcdea95963616a6ca09fce87"",""federal_reserve_h15_real"":""5be7cb777f2a50c090ec837ab67ad98e90e36ff23935d9d8e1e1bbdb97ea0142"",""philadelphia_fed_employ_first_releases"":""8af43817875de1075966ebb668f42ddd7367db908d7897a59744917ef167f755"",""yahoo_DX-Y.NYB"":""2abdecea5830986f7a96a4a77f51a66ae7015a1d96488f3b6807200e2e1f0585"",""yahoo_GC=F"":""dde2a4acfa0b6fafad13fd03b21e79cf06b521cf30e1ed0662dd6da52c3e6f78"",""yahoo_GLD"":""cffc9bd91365864e1969d125a13ee2eeae3f44374a8337e4a94eddc8ffad287e"",""yahoo_TIP"":""9198e3f8407f96f1376cec3bff2883b5a1730e9692a4acc4b4e124d9001589b9"",""yahoo_UUP"":""a4840dacc2e010d8281489df6cb8f77cc34ce1661bdac1c6031f392e01b7aedb"",""yahoo_ZT=F"":""1f36bff6184615be1adeb576578d5ad37ce794b249c13a30005be74f8262dee4""}"
NFP_200803_REL_20080404,nfp,2008:03,2008-04-04,2008-04-04T08:30:00 America/New_York,development,development_seen,-80.0,93.0,-173.0,97.39917972890946,-1.7761956566935146,philadelphia_fed_employ_first_releases,0,0,,-0.07999999999999985,0.10625029079388587,-0.7529391157638452,2008-04-03,2008-04-03,federal_reserve_h15_nominal:RIFLGFCY02_N.B,-0.050000000000000044,0.10139855357285261,-0.49310368085355527,2008-04-03,2008-04-03,federal_reserve_h15_nominal:RIFLGFCY01_N.B,0.15343589756293485,0.18425647882741036,-0.8327299997231328,2008-04-03,2008-04-03,yahoo:ZT=F,-0.03000000000000025,0.0517324167022294,-0.5799071822350685,2008-04-03,2008-04-03,derived:H15_5Y_nominal_minus_5Y_real,-0.009999999999999787,0.03727436828537068,-0.2682808712797033,2008-04-03,2008-04-03,derived:H15_10Y_nominal_minus_10Y_real,-0.09000000000000002,0.09017246501192969,-0.9980873871873543,2008-04-03,2008-04-03,federal_reserve_h15_real:RIFLGFCY05_XII_N.B,-0.10000000000000009,0.08446224041840929,-1.1839610162437062,2008-04-03,2008-04-03,federal_reserve_h15_real:RIFLGFCY10_XII_N.B,0.5710053598006078,0.6210979970160124,-0.9193482550965091,2008-04-03,2008-04-03,yahoo:TIP,0.9239246884171023,1.5957288904156974,0.5789985341284472,2008-04-03,2008-04-03,yahoo:GLD,0.44101504775527894,1.5286629823491078,0.2884972376825452,2008-04-03,2008-04-03,yahoo:GC=F,-0.27732211422769515,0.5161676008598948,-0.5372714478121026,2008-04-03,2008-04-03,yahoo:DX-Y.NYB,-0.9778006873171858,0.7369193877029959,-1.3268760513480662,2008-04-03,yahoo:UUP,1,"{""alfred_employment_situation_release_dates"":""b796dbd0eac6d9fd3e17ef1280bf85abe0e8b6e91df1205809e70b9ba0cf5a4b"",""federal_reserve_h15_nominal"":""dd00d34890aea66542962d4e00c3650e37e7303bdcdea95963616a6ca09fce87"",""federal_reserve_h15_real"":""5be7cb777f2a50c090ec837ab67ad98e90e36ff23935d9d8e1e1bbdb97ea0142"",""philadelphia_fed_employ_first_releases"":""8af43817875de1075966ebb668f42ddd7367db908d7897a59744917ef167f755"",""yahoo_DX-Y.NYB"":""2abdecea5830986f7a96a4a77f51a66ae7015a1d96488f3b6807200e2e1f0585"",""yahoo_GC=F"":""dde2a4acfa0b6fafad13fd03b21e79cf06b521cf30e1ed0662dd6da52c3e6f78"",""yahoo_GLD"":""cffc9bd91365864e1969d125a13ee2eeae3f44374a8337e4a94eddc8ffad287e"",""yahoo_TIP"":""9198e3f8407f96f1376cec3bff2883b5a1730e9692a4acc4b4e124d9001589b9"",""yahoo_UUP"":""a4840dacc2e010d8281489df6cb8f77cc34ce1661bdac1c6031f392e01b7aedb"",""yahoo_ZT=F"":""1f36bff6184615be1adeb576578d5ad37ce794b249c13a30005be74f8262dee4""}"
NFP_200804_REL_20080502,nfp,2008:04,2008-05-02,2008-05-02T08:30:00 America/New_York,development,development_seen,-20.0,90.0,-110.0,98.66623637579865,-1.1148697268742822,philadelphia_fed_employ_first_releases,0,0,,0.10000000000000009,0.10375764895907252,0.9637843667742062,2008-05-01,2008-05-01,federal_reserve_h15_nominal:RIFLGFCY02_N.B,0.030000000000000027,0.0839047078536121,0.3575484709670975,2008-05-01,2008-05-01,federal_reserve_h15_nominal:RIFLGFCY01_N.B,-0.16938546598808316,0.18617514985538922,0.9098178039316881,2008-05-01,2008-05-01,yahoo:ZT=F,0.050000000000000266,0.04623050818459223,1.081536889024818,2008-05-01,2008-05-01,derived:H15_5Y_nominal_minus_5Y_real,0.10000000000000053,0.035294963709810445,2.833265414923913,2008-05-01,2008-05-01,derived:H15_10Y_nominal_minus_10Y_real,0.06999999999999995,0.08611170645562986,0.8128976056939289,2008-05-01,2008-05-01,federal_reserve_h15_real:RIFLGFCY05_XII_N.B,0.010000000000000009,0.07953892555199689,0.12572460503584149,2008-05-01,2008-05-01,federal_reserve_h15_real:RIFLGFCY10_XII_N.B,-0.2536312048172518,0.6098707638759429,0.41587696908987154,2008-05-01,2008-05-01,yahoo:TIP,0.7000134989940103,1.6088040917654112,0.43511419605220847,2008-05-01,2008-05-01,yahoo:GLD,0.8445740727103433,1.5685680920875205,0.5384363464810421,2008-05-01,2008-05-01,yahoo:GC=F,0.2997702510982862,0.5314959386674442,0.5640123080711851,2008-05-01,2008-05-01,yahoo:DX-Y.NYB,0.5249464086943194,0.7431540241127581,0.7063763253129741,2008-05-01,yahoo:UUP,1,"{""alfred_employment_situation_release_dates"":""b796dbd0eac6d9fd3e17ef1280bf85abe0e8b6e91df1205809e70b9ba0cf5a4b"",""federal_reserve_h15_nominal"":""dd00d34890aea66542962d4e00c3650e37e7303bdcdea95963616a6ca09fce87"",""federal_reserve_h15_real"":""5be7cb777f2a50c090ec837ab67ad98e90e36ff23935d9d8e1e1bbdb97ea0142"",""philadelphia_fed_employ_first_releases"":""8af43817875de1075966ebb668f42ddd7367db908d7897a59744917ef167f755"",""yahoo_DX-Y.NYB"":""2abdecea5830986f7a96a4a77f51a66ae7015a1d96488f3b6807200e2e1f0585"",""yahoo_GC=F"":""dde2a4acfa0b6fafad13fd03b21e79cf06b521cf30e1ed0662dd6da52c3e6f78"",""yahoo_GLD"":""cffc9bd91365864e1969d125a13ee2eeae3f44374a8337e4a94eddc8ffad287e"",""yahoo_TIP"":""9198e3f8407f96f1376cec3bff2883b5a1730e9692a4acc4b4e124d9001589b9"",""yahoo_UUP"":""a4840dacc2e010d8281489df6cb8f77cc34ce1661bdac1c6031f392e01b7aedb"",""yahoo_ZT=F"":""1f36bff6184615be1adeb576578d5ad37ce794b249c13a30005be74f8262dee4""}"
NFP_200805_REL_20080606,nfp,2008:05,2008-06-06,2008-06-06T08:30:00 America/New_York,development,development_seen,-49.0,55.0,-104.0,99.6536232796799,-1.043614838851588,philadelphia_fed_employ_first_releases,0,0,,-0.1200000000000001,0.09439010289974119,-1.2713197285891416,2008-06-05,2008-06-05,federal_reserve_h15_nominal:RIFLGFCY02_N.B,-0.029999999999999805,0.07299407916550722,-0.4109922385893467,2008-06-05,2008-06-05,federal_reserve_h15_nominal:RIFLGFCY01_N.B,0.14704803767263036,0.18112111140565476,-0.8118768515244402,2008-06-05,2008-06-05,yahoo:ZT=F,0.08000000000000007,0.04116385886716843,1.9434523925016822,2008-06-05,2008-06-05,derived:H15_5Y_nominal_minus_5Y_real,0.040000000000000036,0.03639705706113977,1.0989899522043236,2008-06-05,2008-06-05,derived:H15_10Y_nominal_minus_10Y_real,-0.21999999999999997,0.07770198755538045,-2.831330406358005,2008-06-05,2008-06-05,federal_reserve_h15_real:RIFLGFCY05_XII_N.B,-0.15999999999999992,0.06574131808805482,-2.4337814429837525,2008-06-05,2008-06-05,federal_reserve_h15_real:RIFLGFCY10_XII_N.B,1.2161419324918588,0.5277490284252521,-2.3043944507500074,2008-06-05,2008-06-05,yahoo:TIP,2.974409565204911,1.6227543605814785,1.8329388830846194,2008-06-05,2008-06-05,yahoo:GLD,2.671054727076939,1.5922221904097813,1.6775640630843767,2008-06-05,2008-06-05,yahoo:GC=F,-0.8939088947699857,0.5420824163124398,-1.6490276531212253,2008-06-05,2008-06-05,yahoo:DX-Y.NYB,-1.1494262624512959,0.7584615692941886,-1.5154706698204001,2008-06-05,yahoo:UUP,1,"{""alfred_employment_situation_release_dates"":""b796dbd0eac6d9fd3e17ef1280bf85abe0e8b6e91df1205809e70b9ba0cf5a4b"",""federal_reserve_h15_nominal"":""dd00d34890aea66542962d4e00c3650e37e7303bdcdea95963616a6ca09fce87"",""federal_reserve_h15_real"":""5be7cb777f2a50c090ec837ab67ad98e90e36ff23935d9d8e1e1bbdb97ea0142"",""philadelphia_fed_employ_first_releases"":""8af43817875de1075966ebb668f42ddd7367db908d7897a59744917ef167f755"",""yahoo_DX-Y.NYB"":""2abdecea5830986f7a96a4a77f51a66ae7015a1d96488f3b6807200e2e1f0585"",""yahoo_GC=F"":""dde2a4acfa0b6fafad13fd03b21e79cf06b521cf30e1ed0662dd6da52c3e6f78"",""yahoo_GLD"":""cffc9bd91365864e1969d125a13ee2eeae3f44374a8337e4a94eddc8ffad287e"",""yahoo_TIP"":""9198e3f8407f96f1376cec3bff2883b5a1730e9692a4acc4b4e124d9001589b9"",""yahoo_UUP"":""a4840dacc2e010d8281489df6cb8f77cc34ce1661bdac1c6031f392e01b7aedb"",""yahoo_ZT=F"":""1f36bff6184615be1adeb576578d5ad37ce794b249c13a30005be74f8262dee4""}"
NFP_200806_REL_20080703,nfp,2008:06,2008-07-03,2008-07-03T08:30:00 America/New_York,development,development_seen,-62.0,7.0,-69.0,100.810969761697,-0.6844493229566815,philadelphia_fed_employ_first_releases,0,0,,-0.06000000000000005,0.09688524868332321,-0.6192893223210337,2008-07-02,2008-07-02,federal_reserve_h15_nominal:RIFLGFCY02_N.B,-0.050000000000000266,0.06739943334939251,-0.7418459995176047,2008-07-02,2008-07-02,federal_reserve_h15_nominal:RIFLGFCY01_N.B,0.08125577547723473,0.18904830686579627,-0.4298148807802732,2008-07-02,2008-07-02,yahoo:ZT=F,0.019999999999999574,0.02723563219418547,0.7343321373046509,2008-07-02,2008-07-02,derived:H15_5Y_nominal_minus_5Y_real,0.009999999999999787,0.024019765871930863,0.41632379155225807,2008-07-02,2008-07-02,derived:H15_10Y_nominal_minus_10Y_real,-0.04999999999999993,0.08757498804495178,-0.5709392729158603,2008-07-02,2008-07-02,federal_reserve_h15_real:RIFLGFCY05_XII_N.B,-0.010000000000000009,0.06386138767798734,-0.15658914351225336,2008-07-02,2008-07-02,federal_reserve_h15_real:RIFLGFCY10_XII_N.B,0.25928571092591585,0.48606006670397117,-0.533443762792862,2008-07-02,2008-07-02,yahoo:TIP,-1.1985249940131815,1.4720532418442265,-0.8141859003086317,2008-07-02,2008-07-02,yahoo:GLD,-1.3747712973158146,1.4403714107036034,-0.954456112569088,2008-07-02,2008-07-02,yahoo:GC=F,0.9808728236690418,0.5272471318717136,1.8603663526569958,2008-07-02,2008-07-02,yahoo:DX-Y.NYB,0.9790960056774614,0.5777324529805408,1.6947221860677426,2008-07-02,yahoo:UUP,1,"{""alfred_employment_situation_release_dates"":""b796dbd0eac6d9fd3e17ef1280bf85abe0e8b6e91df1205809e70b9ba0cf5a4b"",""federal_reserve_h15_nominal"":""dd00d34890aea66542962d4e00c3650e37e7303bdcdea95963616a6ca09fce87"",""federal_reserve_h15_real"":""5be7cb777f2a50c090ec837ab67ad98e90e36ff23935d9d8e1e1bbdb97ea0142"",""philadelphia_fed_employ_first_releases"":""8af43817875de1075966ebb668f42ddd7367db908d7897a59744917ef167f755"",""yahoo_DX-Y.NYB"":""2abdecea5830986f7a96a4a77f51a66ae7015a1d96488f3b6807200e2e1f0585"",""yahoo_GC=F"":""dde2a4acfa0b6fafad13fd03b21e79cf06b521cf30e1ed0662dd6da52c3e6f78"",""yahoo_GLD"":""cffc9bd91365864e1969d125a13ee2eeae3f44374a8337e4a94eddc8ffad287e"",""yahoo_TIP"":""9198e3f8407f96f1376cec3bff2883b5a1730e9692a4acc4b4e124d9001589b9"",""yahoo_UUP"":""a4840dacc2e010d8281489df6cb8f77cc34ce1661bdac1c6031f392e01b7aedb"",""yahoo_ZT=F"":""1f36bff6184615be1adeb576578d5ad37ce794b249c13a30005be74f8262dee4""}"
NFP_200807_REL_20080801,nfp,2008:07,2008-08-01,2008-08-01T08:30:00 America/New_York,development,development_seen,-51.0,-10.5,-40.5,101.34328164443501,-0.39963181912832746,philadelphia_fed_employ_first_releases,0,0,,-0.010000000000000231,0.10051337151397992,-0.09948925052831781,2008-07-31,2008-07-31,federal_reserve_h15_nominal:RIFLGFCY02_N.B,-0.020000000000000018,0.0700724000084045,-0.28541908080215905,2008-07-31,2008-07-31,federal_reserve_h15_nominal:RIFLGFCY01_N.B,0.029476787243655593,0.19637433488153744,-0.1501050901658683,2008-07-31,2008-07-31,yahoo:ZT=F,0.009999999999999787,0.040195496838597376,0.2487840874353212,2008-07-31,2008-07-31,derived:H15_5Y_nominal_minus_5Y_real,0.0,0.026223722386785726,0.0,2008-07-31,2008-07-31,derived:H15_10Y_nominal_minus_10Y_real,-0.030000000000000027,0.09819198881103625,-0.3055239064129047,2008-07-31,2008-07-31,federal_reserve_h15_real:RIFLGFCY05_XII_N.B,-0.020000000000000018,0.06762726024084975,-0.2957387291570207,2008-07-31,2008-07-31,federal_reserve_h15_real:RIFLGFCY10_XII_N.B,0.3914874225706759,0.528337041489765,-0.740980457222513,2008-07-31,2008-07-31,yahoo:TIP,-0.5677745638380268,1.4227337246466745,-0.3990729635505263,2008-07-31,2008-07-31,yahoo:GLD,-0.5376088814827656,1.3923474472159403,-0.386116901034823,2008-07-31,2008-07-31,yahoo:GC=F,0.2591134215295666,0.4969860757424286,0.5213695799072176,2008-07-31,2008-07-31,yahoo:DX-Y.NYB,0.30763887471143114,0.5330966027251139,0.5770790380933306,2008-07-31,yahoo:UUP,1,"{""alfred_employment_situation_release_dates"":""b796dbd0eac6d9fd3e17ef1280bf85abe0e8b6e91df1205809e70b9ba0cf5a4b"",""federal_reserve_h15_nominal"":""dd00d34890aea66542962d4e00c3650e37e7303bdcdea95963616a6ca09fce87"",""federal_reserve_h15_real"":""5be7cb777f2a50c090ec837ab67ad98e90e36ff23935d9d8e1e1bbdb97ea0142"",""philadelphia_fed_employ_first_releases"":""8af43817875de1075966ebb668f42ddd7367db908d7897a59744917ef167f755"",""yahoo_DX-Y.NYB"":""2abdecea5830986f7a96a4a77f51a66ae7015a1d96488f3b6807200e2e1f0585"",""yahoo_GC=F"":""dde2a4acfa0b6fafad13fd03b21e79cf06b521cf30e1ed0662dd6da52c3e6f78"",""yahoo_GLD"":""cffc9bd91365864e1969d125a13ee2eeae3f44374a8337e4a94eddc8ffad287e"",""yahoo_TIP"":""9198e3f8407f96f1376cec3bff2883b5a1730e9692a4acc4b4e124d9001589b9"",""yahoo_UUP"":""a4840dacc2e010d8281489df6cb8f77cc34ce1661bdac1c6031f392e01b7aedb"",""yahoo_ZT=F"":""1f36bff6184615be1adeb576578d5ad37ce794b249c13a30005be74f8262dee4""}"
NFP_200808_REL_20080905,nfp,2008:08,2008-09-05,2008-09-05T08:30:00 America/New_York,development,development_seen,-84.0,-18.5,-65.5,101.53120467422255,-0.6451218638660514,philadelphia_fed_employ_first_releases,0,0,,0.029999999999999805,0.08106268063721057,0.3700839864186377,2008-09-04,2008-09-04,federal_reserve_h15_nominal:RIFLGFCY02_N.B,0.029999999999999805,0.05987251050460711,0.5010646747089609,2008-09-04,2008-09-04,federal_reserve_h15_nominal:RIFLGFCY01_N.B,-0.09519974355991119,0.16215209867402927,0.5871015197360417,2008-09-04,2008-09-04,yahoo:ZT=F,0.010000000000000009,0.0469219209609609,0.21312000436469816,2008-09-04,2008-09-04,derived:H15_5Y_nominal_minus_5Y_real,0.010000000000000009,0.030101053907258486,0.33221428162648603,2008-09-04,2008-09-04,derived:H15_10Y_nominal_minus_10Y_real,0.030000000000000027,0.08618007687231145,0.34810829937468574,2008-09-04,2008-09-04,federal_reserve_h15_real:RIFLGFCY05_XII_N.B,0.010000000000000009,0.060379215939875594,0.1656199048685529,2008-09-04,2008-09-04,federal_reserve_h15_real:RIFLGFCY10_XII_N.B,0.028596523674655146,0.4736721423966817,-0.060371976975387945,2008-09-04,2008-09-04,yahoo:TIP,0.7498337947551977,1.499801852428444,0.4999552397812314,2008-09-04,2008-09-04,yahoo:GLD,-0.03761188739106034,1.5083068655935918,-0.024936495516287557,2008-09-04,2008-09-04,yahoo:GC=F,0.4062462016757328,0.5011438911326911,0.810637840476376,2008-09-04,2008-09-04,yahoo:DX-Y.NYB,0.36907094232290516,0.5246098723801258,0.7035150532879811,2008-09-04,yahoo:UUP,1,"{""alfred_employment_situation_release_dates"":""b796dbd0eac6d9fd3e17ef1280bf85abe0e8b6e91df1205809e70b9ba0cf5a4b"",""federal_reserve_h15_nominal"":""dd00d34890aea66542962d4e00c3650e37e7303bdcdea95963616a6ca09fce87"",""federal_reserve_h15_real"":""5be7cb777f2a50c090ec837ab67ad98e90e36ff23935d9d8e1e1bbdb97ea0142"",""philadelphia_fed_employ_first_releases"":""8af43817875de1075966ebb668f42ddd7367db908d7897a59744917ef167f755"",""yahoo_DX-Y.NYB"":""2abdecea5830986f7a96a4a77f51a66ae7015a1d96488f3b6807200e2e1f0585"",""yahoo_GC=F"":""dde2a4acfa0b6fafad13fd03b21e79cf06b521cf30e1ed0662dd6da52c3e6f78"",""yahoo_GLD"":""cffc9bd91365864e1969d125a13ee2eeae3f44374a8337e4a94eddc8ffad287e"",""yahoo_TIP"":""9198e3f8407f96f1376cec3bff2883b5a1730e9692a4acc4b4e124d9001589b9"",""yahoo_UUP"":""a4840dacc2e010d8281489df6cb8f77cc34ce1661bdac1c6031f392e01b7aedb"",""yahoo_ZT=F"":""1f36bff6184615be1adeb576578d5ad37ce794b249c13a30005be74f8262dee4""}"
NFP_200809_REL_20081003,nfp,2008:09,2008-10-03,2008-10-03T08:30:00 America/New_York,development,development_seen,-159.0,-34.5,-124.5,101.69251141815248,-1.2242789391646032,philadelphia_fed_employ_first_releases,0,0,,-0.020000000000000018,0.13417028980615145,-0.1490642975348411,2008-10-02,2008-10-02,federal_reserve_h15_nominal:RIFLGFCY02_N.B,-0.040000000000000036,0.11550723312396846,-0.34629865955727573,2008-10-02,2008-10-02,federal_reserve_h15_nominal:RIFLGFCY01_N.B,-0.014554981468095713,0.24726423815084833,0.05886407827085842,2008-10-02,2008-10-02,yahoo:ZT=F,0.030000000000000027,0.08569737188515524,0.35006907843339263,2008-10-02,2008-10-02,derived:H15_5Y_nominal_minus_5Y_real,-0.04000000000000048,0.06722317161708365,-0.5950329185276815,2008-10-02,2008-10-02,derived:H15_10Y_nominal_minus_10Y_real,-0.07000000000000006,0.09810002965957264,-0.7135573785544664,2008-10-02,2008-10-02,federal_reserve_h15_real:RIFLGFCY05_XII_N.B,0.010000000000000231,0.07185908998560533,0.1391612390583211,2008-10-02,2008-10-02,federal_reserve_h15_real:RIFLGFCY10_XII_N.B,0.23585342089767627,0.5765770667449277,-0.4090579291146445,2008-10-02,2008-10-02,yahoo:TIP,0.3152979931026516,2.4476527655647624,0.1288164716574497,2008-10-02,2008-10-02,yahoo:GLD,-1.2111156416158044,2.288765702394744,-0.5291566718028891,2008-10-02,2008-10-02,yahoo:GC=F,-0.16174794545090254,0.6779126391300967,-0.23859703465399154,2008-10-02,2008-10-02,yahoo:DX-Y.NYB,-0.4027521185850846,0.8153389487170405,-0.4939689428780837,2008-10-02,yahoo:UUP,1,"{""alfred_employment_situation_release_dates"":""b796dbd0eac6d9fd3e17ef1280bf85abe0e8b6e91df1205809e70b9ba0cf5a4b"",""federal_reserve_h15_nominal"":""dd00d34890aea66542962d4e00c3650e37e7303bdcdea95963616a6ca09fce87"",""federal_reserve_h15_real"":""5be7cb777f2a50c090ec837ab67ad98e90e36ff23935d9d8e1e1bbdb97ea0142"",""philadelphia_fed_employ_first_releases"":""8af43817875de1075966ebb668f42ddd7367db908d7897a59744917ef167f755"",""yahoo_DX-Y.NYB"":""2abdecea5830986f7a96a4a77f51a66ae7015a1d96488f3b6807200e2e1f0585"",""yahoo_GC=F"":""dde2a4acfa0b6fafad13fd03b21e79cf06b521cf30e1ed0662dd6da52c3e6f78"",""yahoo_GLD"":""cffc9bd91365864e1969d125a13ee2eeae3f44374a8337e4a94eddc8ffad287e"",""yahoo_TIP"":""9198e3f8407f96f1376cec3bff2883b5a1730e9692a4acc4b4e124d9001589b9"",""yahoo_UUP"":""a4840dacc2e010d8281489df6cb8f77cc34ce1661bdac1c6031f392e01b7aedb"",""yahoo_ZT=F"":""1f36bff6184615be1adeb576578d5ad37ce794b249c13a30005be74f8262dee4""}"
NFP_200810_REL_20081107,nfp,2008:10,2008-11-07,2008-11-07T08:30:00 America/New_York,development,development_seen,-240.0,-50.0,-190.0,102.4614971779878,-1.8543551015065438,philadelphia_fed_employ_first_releases,0,0,,0.050000000000000044,0.13309134113362056,0.37568184056242415,2008-11-06,2008-11-06,federal_reserve_h15_nominal:RIFLGFCY02_N.B,0.030000000000000027,0.12946423714897087,0.2317242248566287,2008-11-06,2008-11-06,federal_reserve_h15_nominal:RIFLGFCY01_N.B,-0.09398836682208063,0.2644663252561856,0.35538878808496754,2008-11-06,2008-11-06,yahoo:ZT=F,0.020000000000000018,0.12344616155336659,0.1620139480104765,2008-11-06,2008-11-06,derived:H15_5Y_nominal_minus_5Y_real,0.03000000000000025,0.08650054700849212,0.34681861603782715,2008-11-06,2008-11-06,derived:H15_10Y_nominal_minus_10Y_real,0.08000000000000007,0.1331091689082973,0.6010104386957321,2008-11-06,2008-11-06,federal_reserve_h15_real:RIFLGFCY05_XII_N.B,0.04999999999999982,0.1029314675191689,0.48576010043467355,2008-11-06,2008-11-06,federal_reserve_h15_real:RIFLGFCY10_XII_N.B,-0.43315832729615344,0.9043724319830215,0.47896011861658055,2008-11-06,2008-11-06,yahoo:TIP,0.3869529108754129,2.984681472738161,0.12964630042093583,2008-11-06,2008-11-06,yahoo:GLD,0.27314957800709627,2.5878350323202386,0.10555138739357427,2008-11-06,2008-11-06,yahoo:GC=F,0.023287860530842183,0.9410786672756626,0.024745923311871927,2008-11-06,2008-11-06,yahoo:DX-Y.NYB,-0.2264329048537496,1.0184319209392176,-0.22233484654028596,2008-11-06,yahoo:UUP,1,"{""alfred_employment_situation_release_dates"":""b796dbd0eac6d9fd3e17ef1280bf85abe0e8b6e91df1205809e70b9ba0cf5a4b"",""federal_reserve_h15_nominal"":""dd00d34890aea66542962d4e00c3650e37e7303bdcdea95963616a6ca09fce87"",""federal_reserve_h15_real"":""5be7cb777f2a50c090ec837ab67ad98e90e36ff23935d9d8e1e1bbdb97ea0142"",""philadelphia_fed_employ_first_releases"":""8af43817875de1075966ebb668f42ddd7367db908d7897a59744917ef167f755"",""yahoo_DX-Y.NYB"":""2abdecea5830986f7a96a4a77f51a66ae7015a1d96488f3b6807200e2e1f0585"",""yahoo_GC=F"":""dde2a4acfa0b6fafad13fd03b21e79cf06b521cf30e1ed0662dd6da52c3e6f78"",""yahoo_GLD"":""cffc9bd91365864e1969d125a13ee2eeae3f44374a8337e4a94eddc8ffad287e"",""yahoo_TIP"":""9198e3f8407f96f1376cec3bff2883b5a1730e9692a4acc4b4e124d9001589b9"",""yahoo_UUP"":""a4840dacc2e010d8281489df6cb8f77cc34ce1661bdac1c6031f392e01b7aedb"",""yahoo_ZT=F"":""1f36bff6184615be1adeb576578d5ad37ce794b249c13a30005be74f8262dee4""}"
NFP_200811_REL_20081205,nfp,2008:11,2008-12-05,2008-12-05T08:30:00 America/New_York,development,development_seen,-533.0,-56.5,-476.5,103.32983603066586,-4.611446396359189,philadelphia_fed_employ_first_releases,0,0,,0.1100000000000001,0.13698282295715306,0.8030203906252323,2008-12-04,2008-12-04,federal_reserve_h15_nominal:RIFLGFCY02_N.B,-0.06999999999999995,0.1322746457976885,-0.5292019462827637,2008-12-04,2008-12-04,federal_reserve_h15_nominal:RIFLGFCY01_N.B,-0.12866334870005872,0.2696107003869544,0.47721899952560015,2008-12-04,2008-12-04,yahoo:ZT=F,-0.16000000000000014,0.2889605372544762,-0.5537088265415787,2008-12-04,2008-12-04,derived:H15_5Y_nominal_minus_5Y_real,-0.1299999999999999,0.10885887302966225,-1.194206741094748,2008-12-04,2008-12-04,derived:H15_10Y_nominal_minus_10Y_real,0.32000000000000006,0.3179387621809822,1.0064831284014515,2008-12-04,2008-12-04,federal_reserve_h15_real:RIFLGFCY05_XII_N.B,0.25,0.12330889970218174,2.0274286819832574,2008-12-04,2008-12-04,federal_reserve_h15_real:RIFLGFCY10_XII_N.B,-0.6968731771997086,1.0690386480795595,0.6518690212478139,2008-12-04,2008-12-04,yahoo:TIP,-1.306515556901043,3.1797530721644023,-0.41088585410555817,2008-12-04,2008-12-04,yahoo:GLD,-1.7566307735925757,2.814140740011188,-0.6242156792718164,2008-12-04,2008-12-04,yahoo:GC=F,0.7835950268502417,1.0210428074989681,0.7674458123549669,2008-12-04,2008-12-04,yahoo:DX-Y.NYB,0.4139212181491122,1.114966941907041,0.37124079879995436,2008-12-04,yahoo:UUP,1,"{""alfred_employment_situation_release_dates"":""b796dbd0eac6d9fd3e17ef1280bf85abe0e8b6e91df1205809e70b9ba0cf5a4b"",""federal_reserve_h15_nominal"":""dd00d34890aea66542962d4e00c3650e37e7303bdcdea95963616a6ca09fce87"",""federal_reserve_h15_real"":""5be7cb777f2a50c090ec837ab67ad98e90e36ff23935d9d8e1e1bbdb97ea0142"",""philadelphia_fed_employ_first_releases"":""8af43817875de1075966ebb668f42ddd7367db908d7897a59744917ef167f755"",""yahoo_DX-Y.NYB"":""2abdecea5830986f7a96a4a77f51a66ae7015a1d96488f3b6807200e2e1f0585"",""yahoo_GC=F"":""dde2a4acfa0b6fafad13fd03b21e79cf06b521cf30e1ed0662dd6da52c3e6f78"",""yahoo_GLD"":""cffc9bd91365864e1969d125a13ee2eeae3f44374a8337e4a94eddc8ffad287e"",""yahoo_TIP"":""9198e3f8407f96f1376cec3bff2883b5a1730e9692a4acc4b4e124d9001589b9"",""yahoo_UUP"":""a4840dacc2e010d8281489df6cb8f77cc34ce1661bdac1c6031f392e01b7aedb"",""yahoo_ZT=F"":""1f36bff6184615be1adeb576578d5ad37ce794b249c13a30005be74f8262dee4""}"
NFP_200812_REL_20090109,nfp,2008:12,2009-01-09,2009-01-09T08:30:00 America/New_York,development,development_seen,-524.0,-62.5,-461.5,119.49974469868481,-3.861932936874962,philadelphia_fed_employ_first_releases,0,0,,-0.07999999999999996,0.07993570862964995,-1.0008042884894894,2009-01-08,2009-01-08,federal_reserve_h15_nominal:RIFLGFCY02_N.B,-0.010000000000000009,0.08003159686758186,-0.12495064938596366,2009-01-08,2009-01-08,federal_reserve_h15_nominal:RIFLGFCY01_N.B,0.15762702984274654,0.18211986917228862,-0.8655125361068022,2009-01-08,2009-01-08,yahoo:ZT=F,-0.010000000000000231,0.2893844529029176,-0.034556106589993696,2009-01-08,2009-01-08,derived:H15_5Y_nominal_minus_5Y_real,0.05999999999999983,0.10269737782645366,0.584240817729472,2009-01-08,2009-01-08,derived:H15_10Y_nominal_minus_10Y_real,-0.07999999999999985,0.32376946530929485,-0.24708939097631202,2009-01-08,2009-01-08,federal_reserve_h15_real:RIFLGFCY05_XII_N.B,-0.09999999999999987,0.13082484948563042,-0.7643807762300059,2009-01-08,2009-01-08,federal_reserve_h15_real:RIFLGFCY10_XII_N.B,0.8781718686156641,1.091023502150229,-0.8049064634125029,2009-01-08,2009-01-08,yahoo:TIP,-0.6414096397031772,2.431370410524352,-0.26380580964825107,2009-01-08,2009-01-08,yahoo:GLD,0.04682863638416677,2.3025010561996444,0.020338160652772518,2009-01-08,2009-01-08,yahoo:GC=F,1.3642144767807305,1.038672036850892,1.3134217812552629,2009-01-08,2009-01-08,yahoo:DX-Y.NYB,1.5243028640567904,1.105577332979461,1.3787392510561796,2009-01-08,yahoo:UUP,1,"{""alfred_employment_situation_release_dates"":""b796dbd0eac6d9fd3e17ef1280bf85abe0e8b6e91df1205809e70b9ba0cf5a4b"",""federal_reserve_h15_nominal"":""dd00d34890aea66542962d4e00c3650e37e7303bdcdea95963616a6ca09fce87"",""federal_reserve_h15_real"":""5be7cb777f2a50c090ec837ab67ad98e90e36ff23935d9d8e1e1bbdb97ea0142"",""philadelphia_fed_employ_first_releases"":""8af43817875de1075966ebb668f42ddd7367db908d7897a59744917ef167f755"",""yahoo_DX-Y.NYB"":""2abdecea5830986f7a96a4a77f51a66ae7015a1d96488f3b6807200e2e1f0585"",""yahoo_GC=F"":""dde2a4acfa0b6fafad13fd03b21e79cf06b521cf30e1ed0662dd6da52c3e6f78"",""yahoo_GLD"":""cffc9bd91365864e1969d125a13ee2eeae3f44374a8337e4a94eddc8ffad287e"",""yahoo_TIP"":""9198e3f8407f96f1376cec3bff2883b5a1730e9692a4acc4b4e124d9001589b9"",""yahoo_UUP"":""a4840dacc2e010d8281489df6cb8f77cc34ce1661bdac1c6031f392e01b7aedb"",""yahoo_ZT=F"":""1f36bff6184615be1adeb576578d5ad37ce794b249c13a30005be74f8262dee4""}"
NFP_200901_REL_20090206,nfp,2009:01,2009-02-06,2009-02-06T08:30:00 America/New_York,development,development_seen,-598.0,-71.5,-526.5,132.83543485921703,-3.9635508443812486,philadelphia_fed_employ_first_releases,0,0,,0.010000000000000009,0.06934316531765179,0.14421031913082338,2009-02-05,2009-02-05,federal_reserve_h15_nominal:RIFLGFCY02_N.B,0.029999999999999916,0.043391204294989216,0.6913843597437164,2009-02-05,2009-02-05,federal_reserve_h15_nominal:RIFLGFCY01_N.B,0.007180555059987371,0.1654897668801209,-0.043389722490750085,2009-02-05,2009-02-05,yahoo:ZT=F,0.18999999999999995,0.27480917878732275,0.6913888423903142,2009-02-05,2009-02-05,derived:H15_5Y_nominal_minus_5Y_real,0.11999999999999966,0.09986587049836133,1.201611715806039,2009-02-05,2009-02-05,derived:H15_10Y_nominal_minus_10Y_real,-0.10999999999999988,0.3090307428072489,-0.355951640929815,2009-02-05,2009-02-05,federal_reserve_h15_real:RIFLGFCY05_XII_N.B,-0.020000000000000018,0.11734480073649196,-0.1704378879547614,2009-02-05,2009-02-05,federal_reserve_h15_real:RIFLGFCY10_XII_N.B,0.5747942503836392,0.9570217977483665,-0.6006072711572366,2009-02-05,2009-02-05,yahoo:TIP,-0.5898480307817773,2.117484384350793,-0.27856074648815926,2009-02-05,2009-02-05,yahoo:GLD,0.03283708134841916,2.1886386124289388,0.015003427775578148,2009-02-05,2009-02-05,yahoo:GC=F,-0.8284267679252654,0.9861045423957842,-0.8401003466757858,2009-02-05,2009-02-05,yahoo:DX-Y.NYB,-0.8520409911340555,1.0476263531111625,-0.8133061836443192,2009-02-05,yahoo:UUP,1,"{""alfred_employment_situation_release_dates"":""b796dbd0eac6d9fd3e17ef1280bf85abe0e8b6e91df1205809e70b9ba0cf5a4b"",""federal_reserve_h15_nominal"":""dd00d34890aea66542962d4e00c3650e37e7303bdcdea95963616a6ca09fce87"",""federal_reserve_h15_real"":""5be7cb777f2a50c090ec837ab67ad98e90e36ff23935d9d8e1e1bbdb97ea0142"",""philadelphia_fed_employ_first_releases"":""8af43817875de1075966ebb668f42ddd7367db908d7897a59744917ef167f755"",""yahoo_DX-Y.NYB"":""2abdecea5830986f7a96a4a77f51a66ae7015a1d96488f3b6807200e2e1f0585"",""yahoo_GC=F"":""dde2a4acfa0b6fafad13fd03b21e79cf06b521cf30e1ed0662dd6da52c3e6f78"",""yahoo_GLD"":""cffc9bd91365864e1969d125a13ee2eeae3f44374a8337e4a94eddc8ffad287e"",""yahoo_TIP"":""9198e3f8407f96f1376cec3bff2883b5a1730e9692a4acc4b4e124d9001589b9"",""yahoo_UUP"":""a4840dacc2e010d8281489df6cb8f77cc34ce1661bdac1c6031f392e01b7aedb"",""yahoo_ZT=F"":""1f36bff6184615be1adeb576578d5ad37ce794b249c13a30005be74f8262dee4""}"
NFP_200902_REL_20090306,nfp,2009:02,2009-03-06,2009-03-06T08:30:00 America/New_York,development,development_seen,-651.0,-82.0,-569.0,146.70783521144799,-3.8784567925762663,philadelphia_fed_employ_first_releases,0,0,,0.010000000000000009,0.06143551117959632,0.16277230884865107,2009-03-05,2009-03-05,federal_reserve_h15_nominal:RIFLGFCY02_N.B,0.010000000000000009,0.023201402646085053,0.4310084244707241,2009-03-05,2009-03-05,federal_reserve_h15_nominal:RIFLGFCY01_N.B,-0.10746911297654091,0.15811746132836949,0.6796789682409274,2009-03-05,2009-03-05,yahoo:ZT=F,-0.050000000000000044,0.11311760791467869,-0.44201783366665237,2009-03-05,2009-03-05,derived:H15_5Y_nominal_minus_5Y_real,-0.040000000000000036,0.08222523153244977,-0.4864686818694361,2009-03-05,2009-03-05,derived:H15_10Y_nominal_minus_10Y_real,0.06000000000000005,0.1214855086566267,0.49388606644095584,2009-03-05,2009-03-05,federal_reserve_h15_real:RIFLGFCY05_XII_N.B,0.040000000000000036,0.10277986458918766,0.3891812872091291,2009-03-05,2009-03-05,federal_reserve_h15_real:RIFLGFCY10_XII_N.B,-0.664543954989953,0.8290314656077271,0.8015907508441849,2009-03-05,2009-03-05,yahoo:TIP,0.3255950930954496,1.82216554706982,0.1786857915401985,2009-03-05,2009-03-05,yahoo:GLD,1.6157834574253818,1.9473078383963431,0.82975245390889,2009-03-05,2009-03-05,yahoo:GC=F,-0.6756004357790035,0.9701702929415963,-0.6963730395522163,2009-03-05,2009-03-05,yahoo:DX-Y.NYB,-0.4875334561034655,1.0153720822318397,-0.48015251220207084,2009-03-05,yahoo:UUP,1,"{""alfred_employment_situation_release_dates"":""b796dbd0eac6d9fd3e17ef1280bf85abe0e8b6e91df1205809e70b9ba0cf5a4b"",""federal_reserve_h15_nominal"":""dd00d34890aea66542962d4e00c3650e37e7303bdcdea95963616a6ca09fce87"",""federal_reserve_h15_real"":""5be7cb777f2a50c090ec837ab67ad98e90e36ff23935d9d8e1e1bbdb97ea0142"",""philadelphia_fed_employ_first_releases"":""8af43817875de1075966ebb668f42ddd7367db908d7897a59744917ef167f755"",""yahoo_DX-Y.NYB"":""2abdecea5830986f7a96a4a77f51a66ae7015a1d96488f3b6807200e2e1f0585"",""yahoo_GC=F"":""dde2a4acfa0b6fafad13fd03b21e79cf06b521cf30e1ed0662dd6da52c3e6f78"",""yahoo_GLD"":""cffc9bd91365864e1969d125a13ee2eeae3f44374a8337e4a94eddc8ffad287e"",""yahoo_TIP"":""9198e3f8407f96f1376cec3bff2883b5a1730e9692a4acc4b4e124d9001589b9"",""yahoo_UUP"":""a4840dacc2e010d8281489df6cb8f77cc34ce1661bdac1c6031f392e01b7aedb"",""yahoo_ZT=F"":""1f36bff6184615be1adeb576578d5ad37ce794b249c13a30005be74f8262dee4""}"
NFP_200903_REL_20090403,nfp,2009:03,2009-04-03,2009-04-03T08:30:00 America/New_York,development,development_seen,-663.0,-121.5,-541.5,162.12384015937508,-3.3400393148082417,philadelphia_fed_employ_first_releases,0,0,,0.07999999999999996,0.0581775967908746,1.3750997705795283,2009-04-02,2009-04-02,federal_reserve_h15_nominal:RIFLGFCY02_N.B,0.010000000000000009,0.023604557637094948,0.4236469987594618,2009-04-02,2009-04-02,federal_reserve_h15_nominal:RIFLGFCY01_N.B,-0.17977209745742692,0.10597196783810323,1.69641180705515,2009-04-02,2009-04-02,yahoo:ZT=F,0.06000000000000005,0.08331005324540017,0.7202011961661164,2009-04-02,2009-04-02,derived:H15_5Y_nominal_minus_5Y_real,0.050000000000000044,0.06968431641913594,0.7175215682573531,2009-04-02,2009-04-02,derived:H15_10Y_nominal_minus_10Y_real,0.07000000000000006,0.09663782932422053,0.7243540183953182,2009-04-02,2009-04-02,federal_reserve_h15_real:RIFLGFCY05_XII_N.B,0.09000000000000008,0.11198201530340675,0.8037004849051156,2009-04-02,2009-04-02,federal_reserve_h15_real:RIFLGFCY10_XII_N.B,-0.659041347680501,0.7327725919230701,0.8993804557440247,2009-04-02,2009-04-02,yahoo:TIP,-1.3719889999443402,1.800577977661039,-0.7619714430399519,2009-04-02,2009-04-02,yahoo:GLD,-1.3089536670784048,2.12033356553435,-0.6173338423516077,2009-04-02,2009-04-02,yahoo:GC=F,-0.3321065647707723,0.8950840617462895,-0.3710339385586194,2009-04-02,2009-04-02,yahoo:DX-Y.NYB,-0.31646284823574167,0.9683441957928841,-0.32680822543333427,2009-04-02,yahoo:UUP,1,"{""alfred_employment_situation_release_dates"":""b796dbd0eac6d9fd3e17ef1280bf85abe0e8b6e91df1205809e70b9ba0cf5a4b"",""federal_reserve_h15_nominal"":""dd00d34890aea66542962d4e00c3650e37e7303bdcdea95963616a6ca09fce87"",""federal_reserve_h15_real"":""5be7cb777f2a50c090ec837ab67ad98e90e36ff23935d9d8e1e1bbdb97ea0142"",""philadelphia_fed_employ_first_releases"":""8af43817875de1075966ebb668f42ddd7367db908d7897a59744917ef167f755"",""yahoo_DX-Y.NYB"":""2abdecea5830986f7a96a4a77f51a66ae7015a1d96488f3b6807200e2e1f0585"",""yahoo_GC=F"":""dde2a4acfa0b6fafad13fd03b21e79cf06b521cf30e1ed0662dd6da52c3e6f78"",""yahoo_GLD"":""cffc9bd91365864e1969d125a13ee2eeae3f44374a8337e4a94eddc8ffad287e"",""yahoo_TIP"":""9198e3f8407f96f1376cec3bff2883b5a1730e9692a4acc4b4e124d9001589b9"",""yahoo_UUP"":""a4840dacc2e010d8281489df6cb8f77cc34ce1661bdac1c6031f392e01b7aedb"",""yahoo_ZT=F"":""1f36bff6184615be1adeb576578d5ad37ce794b249c13a30005be74f8262dee4""}"
NFP_200904_REL_20090508,nfp,2009:04,2009-05-08,2009-05-08T08:30:00 America/New_York,development,development_seen,-539.0,-199.5,-339.5,168.0376376574353,-2.020380700019784,philadelphia_fed_employ_first_releases,0,0,,0.0,0.057503623074260865,0.0,2009-05-07,2009-05-07,federal_reserve_h15_nominal:RIFLGFCY02_N.B,0.010000000000000009,0.024817981452765855,0.4029336559474926,2009-05-07,2009-05-07,federal_reserve_h15_nominal:RIFLGFCY01_N.B,0.007190881964769434,0.10426138226938042,-0.06896975474764312,2009-05-07,2009-05-07,yahoo:ZT=F,-0.010000000000000009,0.07319562056610009,-0.13662019561634023,2009-05-07,2009-05-07,derived:H15_5Y_nominal_minus_5Y_real,-0.030000000000000027,0.0575929609634925,-0.5208969898077765,2009-05-07,2009-05-07,derived:H15_10Y_nominal_minus_10Y_real,0.010000000000000009,0.09051812566246789,0.11047511122014288,2009-05-07,2009-05-07,federal_reserve_h15_real:RIFLGFCY05_XII_N.B,0.030000000000000027,0.10943344080353906,0.2741392373274425,2009-05-07,2009-05-07,federal_reserve_h15_real:RIFLGFCY10_XII_N.B,0.040187211266981396,0.6965562898554845,-0.05769413305465822,2009-05-07,2009-05-07,yahoo:TIP,0.6019424017208002,1.5338658131928595,0.39243485091294317,2009-05-07,2009-05-07,yahoo:GLD,-0.06559260953773735,1.828791830725753,-0.0358666352483142,2009-05-07,2009-05-07,yahoo:GC=F,-1.6940438177009816,0.8037410903335777,-2.1076984094441413,2009-05-07,2009-05-07,yahoo:DX-Y.NYB,-1.8105528691811077,0.8463561520301887,-2.1392328334095065,2009-05-07,yahoo:UUP,1,"{""alfred_employment_situation_release_dates"":""b796dbd0eac6d9fd3e17ef1280bf85abe0e8b6e91df1205809e70b9ba0cf5a4b"",""federal_reserve_h15_nominal"":""dd00d34890aea66542962d4e00c3650e37e7303bdcdea95963616a6ca09fce87"",""federal_reserve_h15_real"":""5be7cb777f2a50c090ec837ab67ad98e90e36ff23935d9d8e1e1bbdb97ea0142"",""philadelphia_fed_employ_first_releases"":""8af43817875de1075966ebb668f42ddd7367db908d7897a59744917ef167f755"",""yahoo_DX-Y.NYB"":""2abdecea5830986f7a96a4a77f51a66ae7015a1d96488f3b6807200e2e1f0585"",""yahoo_GC=F"":""dde2a4acfa0b6fafad13fd03b21e79cf06b521cf30e1ed0662dd6da52c3e6f78"",""yahoo_GLD"":""cffc9bd91365864e1969d125a13ee2eeae3f44374a8337e4a94eddc8ffad287e"",""yahoo_TIP"":""9198e3f8407f96f1376cec3bff2883b5a1730e9692a4acc4b4e124d9001589b9"",""yahoo_UUP"":""a4840dacc2e010d8281489df6cb8f77cc34ce1661bdac1c6031f392e01b7aedb"",""yahoo_ZT=F"":""1f36bff6184615be1adeb576578d5ad37ce794b249c13a30005be74f8262dee4""}"
NFP_200905_REL_20090605,nfp,2009:05,2009-06-05,2009-06-05T08:30:00 America/New_York,development,development_seen,-345.0,-382.0,37.0,166.37455191652276,0.22238978001013332,philadelphia_fed_employ_first_releases,0,0,,0.3600000000000001,0.04989112439888793,7.2157123002829024,2009-06-04,2009-06-04,federal_reserve_h15_nominal:RIFLGFCY02_N.B,0.15000000000000002,0.021008472866997963,7.139976377608759,2009-06-04,2009-06-04,federal_reserve_h15_nominal:RIFLGFCY01_N.B,-0.6547963672708366,0.09331707311775393,7.016897823665872,2009-06-04,2009-06-04,yahoo:ZT=F,0.16000000000000014,0.060265654833763914,2.6549118306495183,2009-06-04,2009-06-04,derived:H15_5Y_nominal_minus_5Y_real,0.06999999999999984,0.05655730557195345,1.2376827236040142,2009-06-04,2009-06-04,derived:H15_10Y_nominal_minus_10Y_real,0.1299999999999999,0.08548961677461882,1.5206525061719056,2009-06-04,2009-06-04,federal_reserve_h15_real:RIFLGFCY05_XII_N.B,0.04999999999999982,0.10969088565364137,0.45582638614004106,2009-06-04,2009-06-04,federal_reserve_h15_real:RIFLGFCY10_XII_N.B,-0.3896385608887902,0.6945991975713078,0.560954522048364,2009-06-04,2009-06-04,yahoo:TIP,-2.653629688685098,1.2751426310887954,-2.081045385816381,2009-06-04,2009-06-04,yahoo:GLD,-2.0073760413638633,1.5659578079617935,-1.2818838612111825,2009-06-04,2009-06-04,yahoo:GC=F,1.5742385227200852,0.8011265561883906,1.9650310060997302,2009-06-04,2009-06-04,yahoo:DX-Y.NYB,1.711592614511448,0.8377373236636037,2.0431137137668514,2009-06-04,yahoo:UUP,1,"{""alfred_employment_situation_release_dates"":""b796dbd0eac6d9fd3e17ef1280bf85abe0e8b6e91df1205809e70b9ba0cf5a4b"",""federal_reserve_h15_nominal"":""dd00d34890aea66542962d4e00c3650e37e7303bdcdea95963616a6ca09fce87"",""federal_reserve_h15_real"":""5be7cb777f2a50c090ec837ab67ad98e90e36ff23935d9d8e1e1bbdb97ea0142"",""philadelphia_fed_employ_first_releases"":""8af43817875de1075966ebb668f42ddd7367db908d7897a59744917ef167f755"",""yahoo_DX-Y.NYB"":""2abdecea5830986f7a96a4a77f51a66ae7015a1d96488f3b6807200e2e1f0585"",""yahoo_GC=F"":""dde2a4acfa0b6fafad13fd03b21e79cf06b521cf30e1ed0662dd6da52c3e6f78"",""yahoo_GLD"":""cffc9bd91365864e1969d125a13ee2eeae3f44374a8337e4a94eddc8ffad287e"",""yahoo_TIP"":""9198e3f8407f96f1376cec3bff2883b5a1730e9692a4acc4b4e124d9001589b9"",""yahoo_UUP"":""a4840dacc2e010d8281489df6cb8f77cc34ce1661bdac1c6031f392e01b7aedb"",""yahoo_ZT=F"":""1f36bff6184615be1adeb576578d5ad37ce794b249c13a30005be74f8262dee4""}"
NFP_200906_REL_20090702,nfp,2009:06,2009-07-02,2009-07-02T08:30:00 America/New_York,development,development_seen,-467.0,-434.5,-32.5,163.05722887074234,-0.199316523560959,philadelphia_fed_employ_first_releases,0,0,,-0.07000000000000006,0.0651332836019217,-1.074719346683372,2009-07-01,2009-07-01,federal_reserve_h15_nominal:RIFLGFCY02_N.B,-0.050000000000000044,0.02926790340102149,-1.7083560552634247,2009-07-01,2009-07-01,federal_reserve_h15_nominal:RIFLGFCY01_N.B,0.14426894228464646,0.15391136605964906,-0.9373508011665257,2009-07-01,2009-07-01,yahoo:ZT=F,-0.07999999999999963,0.06894093926938212,-1.160413548869779,2009-07-01,2009-07-01,derived:H15_5Y_nominal_minus_5Y_real,-0.08000000000000007,0.05904585022995713,-1.3548792961475857,2009-07-01,2009-07-01,derived:H15_10Y_nominal_minus_10Y_real,0.0,0.06473850049489625,0.0,2009-07-01,2009-07-01,federal_reserve_h15_real:RIFLGFCY05_XII_N.B,0.040000000000000036,0.06783558554819637,0.5896610116467634,2009-07-01,2009-07-01,federal_reserve_h15_real:RIFLGFCY10_XII_N.B,-0.247826893445396,0.47088679113125304,0.5262982485663263,2009-07-01,2009-07-01,yahoo:TIP,-1.2415748613801527,1.0977536825084884,-1.1310140709735694,2009-07-01,2009-07-01,yahoo:GLD,-1.1006135277747136,1.0476016194523214,-1.050603117958243,2009-07-01,2009-07-01,yahoo:GC=F,0.650902631579937,0.7699198059078477,0.8454161415063585,2009-07-01,2009-07-01,yahoo:DX-Y.NYB,0.5451721193548106,0.7968546877937521,0.6841550005362033,2009-07-01,yahoo:UUP,1,"{""alfred_employment_situation_release_dates"":""b796dbd0eac6d9fd3e17ef1280bf85abe0e8b6e91df1205809e70b9ba0cf5a4b"",""federal_reserve_h15_nominal"":""dd00d34890aea66542962d4e00c3650e37e7303bdcdea95963616a6ca09fce87"",""federal_reserve_h15_real"":""5be7cb777f2a50c090ec837ab67ad98e90e36ff23935d9d8e1e1bbdb97ea0142"",""philadelphia_fed_employ_first_releases"":""8af43817875de1075966ebb668f42ddd7367db908d7897a59744917ef167f755"",""yahoo_DX-Y.NYB"":""2abdecea5830986f7a96a4a77f51a66ae7015a1d96488f3b6807200e2e1f0585"",""yahoo_GC=F"":""dde2a4acfa0b6fafad13fd03b21e79cf06b521cf30e1ed0662dd6da52c3e6f78"",""yahoo_GLD"":""cffc9bd91365864e1969d125a13ee2eeae3f44374a8337e4a94eddc8ffad287e"",""yahoo_TIP"":""9198e3f8407f96f1376cec3bff2883b5a1730e9692a4acc4b4e124d9001589b9"",""yahoo_UUP"":""a4840dacc2e010d8281489df6cb8f77cc34ce1661bdac1c6031f392e01b7aedb"",""yahoo_ZT=F"":""1f36bff6184615be1adeb576578d5ad37ce794b249c13a30005be74f8262dee4""}"
NFP_200907_REL_20090807,nfp,2009:07,2009-08-07,2009-08-07T08:30:00 America/New_York,development,development_seen,-247.0,-495.5,248.5,162.3476554460013,1.530665775968991,philadelphia_fed_employ_first_releases,0,0,,0.10000000000000009,0.06481961061981131,1.5427429915698432,2009-08-06,2009-08-06,federal_reserve_h15_nominal:RIFLGFCY02_N.B,0.040000000000000036,0.029093653568537964,1.3748702927863365,2009-08-06,2009-08-06,federal_reserve_h15_nominal:RIFLGFCY01_N.B,-0.188078759145566,0.15654051042414527,1.2014702049710204,2009-08-06,2009-08-06,yahoo:ZT=F,0.08999999999999986,0.06993136263670252,1.2869762093376482,2009-08-06,2009-08-06,derived:H15_5Y_nominal_minus_5Y_real,0.0900000000000003,0.06540270731624019,1.3760898240010981,2009-08-06,2009-08-06,derived:H15_10Y_nominal_minus_10Y_real,0.020000000000000018,0.06484640697197602,0.30842109738852924,2009-08-06,2009-08-06,federal_reserve_h15_real:RIFLGFCY05_XII_N.B,0.009999999999999787,0.0695091751046494,0.14386589950095519,2009-08-06,2009-08-06,federal_reserve_h15_real:RIFLGFCY10_XII_N.B,0.1298789724086462,0.4596937472742027,-0.28253369374453274,2009-08-06,2009-08-06,yahoo:TIP,-0.9025795077514112,1.0049098136153265,-0.8981696621154833,2009-08-06,2009-08-06,yahoo:GLD,-0.35453889212989875,1.0282394912238968,-0.34480186294721754,2009-08-06,2009-08-06,yahoo:GC=F,1.1462192744100252,0.7196752638282556,1.5926895532198821,2009-08-06,2009-08-06,yahoo:DX-Y.NYB,1.1566025792117065,0.7150466972542969,1.6175203432907768,2009-08-06,yahoo:UUP,1,"{""alfred_employment_situation_release_dates"":""b796dbd0eac6d9fd3e17ef1280bf85abe0e8b6e91df1205809e70b9ba0cf5a4b"",""federal_reserve_h15_nominal"":""dd00d34890aea66542962d4e00c3650e37e7303bdcdea95963616a6ca09fce87"",""federal_reserve_h15_real"":""5be7cb777f2a50c090ec837ab67ad98e90e36ff23935d9d8e1e1bbdb97ea0142"",""philadelphia_fed_employ_first_releases"":""8af43817875de1075966ebb668f42ddd7367db908d7897a59744917ef167f755"",""yahoo_DX-Y.NYB"":""2abdecea5830986f7a96a4a77f51a66ae7015a1d96488f3b6807200e2e1f0585"",""yahoo_GC=F"":""dde2a4acfa0b6fafad13fd03b21e79cf06b521cf30e1ed0662dd6da52c3e6f78"",""yahoo_GLD"":""cffc9bd91365864e1969d125a13ee2eeae3f44374a8337e4a94eddc8ffad287e"",""yahoo_TIP"":""9198e3f8407f96f1376cec3bff2883b5a1730e9692a4acc4b4e124d9001589b9"",""yahoo_UUP"":""a4840dacc2e010d8281489df6cb8f77cc34ce1661bdac1c6031f392e01b7aedb"",""yahoo_ZT=F"":""1f36bff6184615be1adeb576578d5ad37ce794b249c13a30005be74f8262dee4""}"
NFP_200908_REL_20090904,nfp,2009:08,2009-09-04,2009-09-04T08:30:00 America/New_York,development,development_seen,-216.0,-495.5,279.5,167.38591084591772,1.66979406204197,philadelphia_fed_employ_first_releases,0,0,,0.029999999999999916,0.04679894489128845,0.6410400933116842,2009-09-03,2009-09-03,federal_reserve_h15_nominal:RIFLGFCY02_N.B,0.0,0.020509746890542666,0.0,2009-09-03,2009-09-03,federal_reserve_h15_nominal:RIFLGFCY01_N.B,-0.03584871879223296,0.1315855066613001,0.2724366816818758,2009-09-03,2009-09-03,yahoo:ZT=F,0.08999999999999964,0.06587524590161978,1.3662188090259055,2009-09-03,2009-09-03,derived:H15_5Y_nominal_minus_5Y_real,0.1100000000000001,0.06391444670162715,1.7210506493706328,2009-09-03,2009-09-03,derived:H15_10Y_nominal_minus_10Y_real,-0.019999999999999796,0.05673906973063892,-0.3524907985793052,2009-09-03,2009-09-03,federal_reserve_h15_real:RIFLGFCY05_XII_N.B,0.010000000000000009,0.05647758417393835,0.17706139783178831,2009-09-03,2009-09-03,federal_reserve_h15_real:RIFLGFCY10_XII_N.B,-0.01970686051457556,0.36293050388424875,0.05429926750070247,2009-09-03,2009-09-03,yahoo:TIP,0.0717982446260517,0.9205120601641922,0.0779981574747049,2009-09-03,2009-09-03,yahoo:GLD,-0.09041678150389863,1.0061151955526002,-0.08986722584409232,2009-09-03,2009-09-03,yahoo:GC=F,-0.40868472967676384,0.6048274136350468,-0.6757047059433792,2009-09-03,2009-09-03,yahoo:DX-Y.NYB,-0.38634803095926795,0.5937954177517467,-0.6506416509950097,2009-09-03,yahoo:UUP,1,"{""alfred_employment_situation_release_dates"":""b796dbd0eac6d9fd3e17ef1280bf85abe0e8b6e91df1205809e70b9ba0cf5a4b"",""federal_reserve_h15_nominal"":""dd00d34890aea66542962d4e00c3650e37e7303bdcdea95963616a6ca09fce87"",""federal_reserve_h15_real"":""5be7cb777f2a50c090ec837ab67ad98e90e36ff23935d9d8e1e1bbdb97ea0142"",""philadelphia_fed_employ_first_releases"":""8af43817875de1075966ebb668f42ddd7367db908d7897a59744917ef167f755"",""yahoo_DX-Y.NYB"":""2abdecea5830986f7a96a4a77f51a66ae7015a1d96488f3b6807200e2e1f0585"",""yahoo_GC=F"":""dde2a4acfa0b6fafad13fd03b21e79cf06b521cf30e1ed0662dd6da52c3e6f78"",""yahoo_GLD"":""cffc9bd91365864e1969d125a13ee2eeae3f44374a8337e4a94eddc8ffad287e"",""yahoo_TIP"":""9198e3f8407f96f1376cec3bff2883b5a1730e9692a4acc4b4e124d9001589b9"",""yahoo_UUP"":""a4840dacc2e010d8281489df6cb8f77cc34ce1661bdac1c6031f392e01b7aedb"",""yahoo_ZT=F"":""1f36bff6184615be1adeb576578d5ad37ce794b249c13a30005be74f8262dee4""}"
NFP_200909_REL_20091002,nfp,2009:09,2009-10-02,2009-10-02T08:30:00 America/New_York,development,development_seen,-263.0,-495.5,232.5,172.4329172354504,1.3483504410154492,philadelphia_fed_employ_first_releases,0,0,,0.010000000000000009,0.04379716989025067,0.2283252553774263,2009-10-01,2009-10-01,federal_reserve_h15_nominal:RIFLGFCY02_N.B,0.0,0.01671968966813888,0.0,2009-10-01,2009-10-01,federal_reserve_h15_nominal:RIFLGFCY01_N.B,0.014381246878884837,0.09374813683488571,-0.15340301540300333,2009-10-01,2009-10-01,yahoo:ZT=F,0.0,0.05662319701922496,0.0,2009-10-01,2009-10-01,derived:H15_5Y_nominal_minus_5Y_real,-0.009999999999999787,0.05349137952619862,-0.1869460105268375,2009-10-01,2009-10-01,derived:H15_10Y_nominal_minus_10Y_real,0.020000000000000018,0.0489967138296202,0.40819064048963477,2009-10-01,2009-10-01,federal_reserve_h15_real:RIFLGFCY05_XII_N.B,0.040000000000000036,0.043354731787448315,0.9226213229989463,2009-10-01,2009-10-01,federal_reserve_h15_real:RIFLGFCY10_XII_N.B,-0.19407669385883397,0.317484768854027,0.6112945025972772,2009-10-01,2009-10-01,yahoo:TIP,0.489151440733444,0.8752901514232658,0.5588449041018675,2009-10-01,2009-10-01,yahoo:GLD,0.36950281062947693,0.8890845731265082,0.41559916997558816,2009-10-01,2009-10-01,yahoo:GC=F,-0.24645247366083933,0.5407570054168228,-0.45575456478991044,2009-10-01,2009-10-01,yahoo:DX-Y.NYB,-0.21809733806602044,0.4947806686512801,-0.4407959968616615,2009-10-01,yahoo:UUP,1,"{""alfred_employment_situation_release_dates"":""b796dbd0eac6d9fd3e17ef1280bf85abe0e8b6e91df1205809e70b9ba0cf5a4b"",""federal_reserve_h15_nominal"":""dd00d34890aea66542962d4e00c3650e37e7303bdcdea95963616a6ca09fce87"",""federal_reserve_h15_real"":""5be7cb777f2a50c090ec837ab67ad98e90e36ff23935d9d8e1e1bbdb97ea0142"",""philadelphia_fed_employ_first_releases"":""8af43817875de1075966ebb668f42ddd7367db908d7897a59744917ef167f755"",""yahoo_DX-Y.NYB"":""2abdecea5830986f7a96a4a77f51a66ae7015a1d96488f3b6807200e2e1f0585"",""yahoo_GC=F"":""dde2a4acfa0b6fafad13fd03b21e79cf06b521cf30e1ed0662dd6da52c3e6f78"",""yahoo_GLD"":""cffc9bd91365864e1969d125a13ee2eeae3f44374a8337e4a94eddc8ffad287e"",""yahoo_TIP"":""9198e3f8407f96f1376cec3bff2883b5a1730e9692a4acc4b4e124d9001589b9"",""yahoo_UUP"":""a4840dacc2e010d8281489df6cb8f77cc34ce1661bdac1c6031f392e01b7aedb"",""yahoo_ZT=F"":""1f36bff6184615be1adeb576578d5ad37ce794b249c13a30005be74f8262dee4""}"
NFP_200910_REL_20091106,nfp,2009:10,2009-11-06,2009-11-06T08:30:00 America/New_York,development,development_seen,-190.0,-495.5,305.5,176.4129160496831,1.731732612559741,philadelphia_fed_employ_first_releases,0,0,,-0.040000000000000036,0.04147662877408524,-0.9643985343618908,2009-11-05,2009-11-05,federal_reserve_h15_nominal:RIFLGFCY02_N.B,-0.019999999999999962,0.01570922216460602,-1.2731375105930682,2009-11-05,2009-11-05,federal_reserve_h15_nominal:RIFLGFCY01_N.B,0.057392927897239224,0.08486755732860293,-0.6762646375577499,2009-11-05,2009-11-05,yahoo:ZT=F,-0.010000000000000231,0.05039813241988664,-0.19842005089963063,2009-11-05,2009-11-05,derived:H15_5Y_nominal_minus_5Y_real,0.009999999999999787,0.0447702862518596,0.22336243158562386,2009-11-05,2009-11-05,derived:H15_10Y_nominal_minus_10Y_real,-0.040000000000000036,0.04874092701315493,-0.820665556672819,2009-11-05,2009-11-05,federal_reserve_h15_real:RIFLGFCY05_XII_N.B,-0.039999999999999813,0.047401101324543726,-0.8438622496580747,2009-11-05,2009-11-05,federal_reserve_h15_real:RIFLGFCY10_XII_N.B,0.24955933820779763,0.2992035325139973,-0.8340788496409974,2009-11-05,2009-11-05,yahoo:TIP,0.41975430369652256,0.9869397164632838,0.4253089592956292,2009-11-05,2009-11-05,yahoo:GLD,0.5861381950604163,0.9529251342080132,0.6150936458902014,2009-11-05,2009-11-05,yahoo:GC=F,0.10557117943224023,0.48057229490329956,0.2196780391875965,2009-11-05,2009-11-05,yahoo:DX-Y.NYB,-0.4806755220614061,0.5357965013914066,-0.8971232936630659,2009-11-05,yahoo:UUP,1,"{""alfred_employment_situation_release_dates"":""b796dbd0eac6d9fd3e17ef1280bf85abe0e8b6e91df1205809e70b9ba0cf5a4b"",""federal_reserve_h15_nominal"":""dd00d34890aea66542962d4e00c3650e37e7303bdcdea95963616a6ca09fce87"",""federal_reserve_h15_real"":""5be7cb777f2a50c090ec837ab67ad98e90e36ff23935d9d8e1e1bbdb97ea0142"",""philadelphia_fed_employ_first_releases"":""8af43817875de1075966ebb668f42ddd7367db908d7897a59744917ef167f755"",""yahoo_DX-Y.NYB"":""2abdecea5830986f7a96a4a77f51a66ae7015a1d96488f3b6807200e2e1f0585"",""yahoo_GC=F"":""dde2a4acfa0b6fafad13fd03b21e79cf06b521cf30e1ed0662dd6da52c3e6f78"",""yahoo_GLD"":""cffc9bd91365864e1969d125a13ee2eeae3f44374a8337e4a94eddc8ffad287e"",""yahoo_TIP"":""9198e3f8407f96f1376cec3bff2883b5a1730e9692a4acc4b4e124d9001589b9"",""yahoo_UUP"":""a4840dacc2e010d8281489df6cb8f77cc34ce1661bdac1c6031f392e01b7aedb"",""yahoo_ZT=F"":""1f36bff6184615be1adeb576578d5ad37ce794b249c13a30005be74f8262dee4""}"
NFP_200911_REL_20091204,nfp,2009:11,2009-12-04,2009-12-04T08:30:00 America/New_York,development,development_seen,-11.0,-495.5,484.5,178.86370371221133,2.708766451462686,philadelphia_fed_employ_first_releases,0,0,,0.09999999999999998,0.03712857489113106,2.693343342512375,2009-12-03,2009-12-03,federal_reserve_h15_nominal:RIFLGFCY02_N.B,0.06,0.015382138001315855,3.900628117812188,2009-12-03,2009-12-03,federal_reserve_h15_nominal:RIFLGFCY01_N.B,-0.2002718643782537,0.080549901810644,2.4863079889166224,2009-12-03,2009-12-03,yahoo:ZT=F,-0.009999999999999787,0.03931475190706569,-0.25435744891989454,2009-12-03,2009-12-03,derived:H15_5Y_nominal_minus_5Y_real,-0.010000000000000675,0.03625085231805331,-0.27585558298778445,2009-12-03,2009-12-03,derived:H15_10Y_nominal_minus_10Y_real,0.10999999999999999,0.04586888708329304,2.398139719419214,2009-12-03,2009-12-03,federal_reserve_h15_real:RIFLGFCY05_XII_N.B,0.10000000000000009,0.04473525385926751,2.2353734778076766,2009-12-03,2009-12-03,federal_reserve_h15_real:RIFLGFCY10_XII_N.B,-0.8167545771622924,0.30221364800815403,2.7025734361945677,2009-12-03,2009-12-03,yahoo:TIP,-4.259621807472385,0.9788149595069908,-4.35181518845796,2009-12-03,2009-12-03,yahoo:GLD,-4.073983390131261,0.9263805511114551,-4.3977427907390405,2009-12-03,2009-12-03,yahoo:GC=F,1.700594193081311,0.5002783230262531,3.3992961813619678,2009-12-03,2009-12-03,yahoo:DX-Y.NYB,1.4788541602375345,0.6625490697797459,2.2320673708426706,2009-12-03,yahoo:UUP,1,"{""alfred_employment_situation_release_dates"":""b796dbd0eac6d9fd3e17ef1280bf85abe0e8b6e91df1205809e70b9ba0cf5a4b"",""federal_reserve_h15_nominal"":""dd00d34890aea66542962d4e00c3650e37e7303bdcdea95963616a6ca09fce87"",""federal_reserve_h15_real"":""5be7cb777f2a50c090ec837ab67ad98e90e36ff23935d9d8e1e1bbdb97ea0142"",""philadelphia_fed_employ_first_releases"":""8af43817875de1075966ebb668f42ddd7367db908d7897a59744917ef167f755"",""yahoo_DX-Y.NYB"":""2abdecea5830986f7a96a4a77f51a66ae7015a1d96488f3b6807200e2e1f0585"",""yahoo_GC=F"":""dde2a4acfa0b6fafad13fd03b21e79cf06b521cf30e1ed0662dd6da52c3e6f78"",""yahoo_GLD"":""cffc9bd91365864e1969d125a13ee2eeae3f44374a8337e4a94eddc8ffad287e"",""yahoo_TIP"":""9198e3f8407f96f1376cec3bff2883b5a1730e9692a4acc4b4e124d9001589b9"",""yahoo_UUP"":""a4840dacc2e010d8281489df6cb8f77cc34ce1661bdac1c6031f392e01b7aedb"",""yahoo_ZT=F"":""1f36bff6184615be1adeb576578d5ad37ce794b249c13a30005be74f8262dee4""}"
NFP_200912_REL_20100108,nfp,2009:12,2010-01-08,2010-01-08T08:30:00 America/New_York,development,development_seen,-85.0,-406.0,321.0,191.77492030111023,1.6738372228025984,philadelphia_fed_employ_first_releases,0,0,,-0.07000000000000006,0.0442677395894751,-1.58128697442331,2010-01-07,2010-01-07,federal_reserve_h15_nominal:RIFLGFCY02_N.B,-0.030000000000000027,0.02149431668412639,-1.3957177816289972,2010-01-07,2010-01-07,federal_reserve_h15_nominal:RIFLGFCY01_N.B,0.12245634521426088,0.09624869762569094,-1.2722909320860725,2010-01-07,2010-01-07,yahoo:ZT=F,-0.010000000000000231,0.036530306278981,-0.27374530954190446,2010-01-07,2010-01-07,derived:H15_5Y_nominal_minus_5Y_real,0.009999999999999787,0.035339755305954575,0.2829674374772718,2010-01-07,2010-01-07,derived:H15_10Y_nominal_minus_10Y_real,-0.03999999999999998,0.048351350625857735,-0.8272778212447379,2010-01-07,2010-01-07,federal_reserve_h15_real:RIFLGFCY05_XII_N.B,-0.030000000000000027,0.046733708905056966,-0.6419349266917221,2010-01-07,2010-01-07,federal_reserve_h15_real:RIFLGFCY10_XII_N.B,0.21046583825923745,0.3296022451419643,-0.6385449169758746,2010-01-07,2010-01-07,yahoo:TIP,0.495075538137829,1.295363419704269,0.3821904576021257,2010-01-07,2010-01-07,yahoo:GLD,0.44908064293332495,1.1713183560199931,0.3833975969259545,2010-01-07,2010-01-07,yahoo:GC=F,-0.5663580946203071,0.5257254324312571,-1.0772887512805707,2010-01-07,2010-01-07,yahoo:DX-Y.NYB,-0.6980882774393138,0.6802535561116282,-1.0262177553758483,2010-01-07,yahoo:UUP,1,"{""alfred_employment_situation_release_dates"":""b796dbd0eac6d9fd3e17ef1280bf85abe0e8b6e91df1205809e70b9ba0cf5a4b"",""federal_reserve_h15_nominal"":""dd00d34890aea66542962d4e00c3650e37e7303bdcdea95963616a6ca09fce87"",""federal_reserve_h15_real"":""5be7cb777f2a50c090ec837ab67ad98e90e36ff23935d9d8e1e1bbdb97ea0142"",""philadelphia_fed_employ_first_releases"":""8af43817875de1075966ebb668f42ddd7367db908d7897a59744917ef167f755"",""yahoo_DX-Y.NYB"":""2abdecea5830986f7a96a4a77f51a66ae7015a1d96488f3b6807200e2e1f0585"",""yahoo_GC=F"":""dde2a4acfa0b6fafad13fd03b21e79cf06b521cf30e1ed0662dd6da52c3e6f78"",""yahoo_GLD"":""cffc9bd91365864e1969d125a13ee2eeae3f44374a8337e4a94eddc8ffad287e"",""yahoo_TIP"":""9198e3f8407f96f1376cec3bff2883b5a1730e9692a4acc4b4e124d9001589b9"",""yahoo_UUP"":""a4840dacc2e010d8281489df6cb8f77cc34ce1661bdac1c6031f392e01b7aedb"",""yahoo_ZT=F"":""1f36bff6184615be1adeb576578d5ad37ce794b249c13a30005be74f8262dee4""}"
NFP_201001_REL_20100205,nfp,2010:01,2010-02-05,2010-02-05T08:30:00 America/New_York,development,development_seen,-20.0,-304.0,284.0,197.20556182780243,1.440121654621412,philadelphia_fed_employ_first_releases,0,0,,-0.030000000000000027,0.042552725685634236,-0.7050077172877318,2010-02-04,2010-02-04,federal_reserve_h15_nominal:RIFLGFCY02_N.B,-0.010000000000000009,0.02216017703737232,-0.45125993276747645,2010-02-04,2010-02-04,federal_reserve_h15_nominal:RIFLGFCY01_N.B,0.11458856800644307,0.09267687575830338,-1.2364310629685475,2010-02-04,2010-02-04,yahoo:ZT=F,-0.10000000000000009,0.037932440687321684,-2.6362659029589812,2010-02-04,2010-02-04,derived:H15_5Y_nominal_minus_5Y_real,-0.08000000000000052,0.03212748264715016,-2.49007993805879,2010-02-04,2010-02-04,derived:H15_10Y_nominal_minus_10Y_real,0.040000000000000036,0.04473525385926749,0.8941493911230709,2010-02-04,2010-02-04,federal_reserve_h15_real:RIFLGFCY05_XII_N.B,0.050000000000000044,0.0428780954969589,1.1660965679678161,2010-02-04,2010-02-04,federal_reserve_h15_real:RIFLGFCY10_XII_N.B,-0.18066314403430372,0.29651735671977464,0.609283537506509,2010-02-04,2010-02-04,yahoo:TIP,0.2965776429486803,1.425783465124721,0.20801029763852466,2010-02-04,2010-02-04,yahoo:GLD,-0.9647358811312443,1.3407158652406936,-0.7195677370149185,2010-02-04,2010-02-04,yahoo:GC=F,0.6485483825897176,0.5255813322471341,1.2339638849363908,2010-02-04,2010-02-04,yahoo:DX-Y.NYB,0.42372897612815263,0.63838256971693,0.6637539873872833,2010-02-04,yahoo:UUP,1,"{""alfred_employment_situation_release_dates"":""b796dbd0eac6d9fd3e17ef1280bf85abe0e8b6e91df1205809e70b9ba0cf5a4b"",""federal_reserve_h15_nominal"":""dd00d34890aea66542962d4e00c3650e37e7303bdcdea95963616a6ca09fce87"",""federal_reserve_h15_real"":""5be7cb777f2a50c090ec837ab67ad98e90e36ff23935d9d8e1e1bbdb97ea0142"",""philadelphia_fed_employ_first_releases"":""8af43817875de1075966ebb668f42ddd7367db908d7897a59744917ef167f755"",""yahoo_DX-Y.NYB"":""2abdecea5830986f7a96a4a77f51a66ae7015a1d96488f3b6807200e2e1f0585"",""yahoo_GC=F"":""dde2a4acfa0b6fafad13fd03b21e79cf06b521cf30e1ed0662dd6da52c3e6f78"",""yahoo_GLD"":""cffc9bd91365864e1969d125a13ee2eeae3f44374a8337e4a94eddc8ffad287e"",""yahoo_TIP"":""9198e3f8407f96f1376cec3bff2883b5a1730e9692a4acc4b4e124d9001589b9"",""yahoo_UUP"":""a4840dacc2e010d8281489df6cb8f77cc34ce1661bdac1c6031f392e01b7aedb"",""yahoo_ZT=F"":""1f36bff6184615be1adeb576578d5ad37ce794b249c13a30005be74f8262dee4""}"
NFP_201002_REL_20100305,nfp,2010:02,2010-03-05,2010-03-05T08:30:00 America/New_York,development,development_seen,-36.0,-255.0,219.0,201.48608270901425,1.0869237073623557,philadelphia_fed_employ_first_releases,0,0,,0.050000000000000044,0.04329507220038047,1.1548658417426232,2010-03-04,2010-03-04,federal_reserve_h15_nominal:RIFLGFCY02_N.B,0.030000000000000027,0.02151008172507043,1.3946948404679664,2010-03-04,2010-03-04,federal_reserve_h15_nominal:RIFLGFCY01_N.B,-0.057290176301997446,0.09294989122728566,0.6163554959080983,2010-03-04,2010-03-04,yahoo:ZT=F,0.050000000000000266,0.03881398489885848,1.2881954823832262,2010-03-04,2010-03-04,derived:H15_5Y_nominal_minus_5Y_real,0.040000000000000036,0.03254332184350838,1.2291308242086874,2010-03-04,2010-03-04,derived:H15_10Y_nominal_minus_10Y_real,0.020000000000000018,0.04208513029670213,0.4752272324927851,2010-03-04,2010-03-04,federal_reserve_h15_real:RIFLGFCY05_XII_N.B,0.040000000000000036,0.03962393843593971,1.009490766917789,2010-03-04,2010-03-04,federal_reserve_h15_real:RIFLGFCY10_XII_N.B,-0.22123480362636364,0.24807905603407385,0.8917915408222807,2010-03-04,2010-03-04,yahoo:TIP,-0.01805113929827648,1.3060561495940908,-0.013821105090992141,2010-03-04,2010-03-04,yahoo:GLD,0.19406138387151373,1.256963104370155,0.1543890852458672,2010-03-04,2010-03-04,yahoo:GC=F,-0.1614973394585895,0.438038058380702,-0.3686833515233761,2010-03-04,2010-03-04,yahoo:DX-Y.NYB,-0.04232071562665926,0.4611633070255579,-0.09176947728045029,2010-03-04,yahoo:UUP,1,"{""alfred_employment_situation_release_dates"":""b796dbd0eac6d9fd3e17ef1280bf85abe0e8b6e91df1205809e70b9ba0cf5a4b"",""federal_reserve_h15_nominal"":""dd00d34890aea66542962d4e00c3650e37e7303bdcdea95963616a6ca09fce87"",""federal_reserve_h15_real"":""5be7cb777f2a50c090ec837ab67ad98e90e36ff23935d9d8e1e1bbdb97ea0142"",""philadelphia_fed_employ_first_releases"":""8af43817875de1075966ebb668f42ddd7367db908d7897a59744917ef167f755"",""yahoo_DX-Y.NYB"":""2abdecea5830986f7a96a4a77f51a66ae7015a1d96488f3b6807200e2e1f0585"",""yahoo_GC=F"":""dde2a4acfa0b6fafad13fd03b21e79cf06b521cf30e1ed0662dd6da52c3e6f78"",""yahoo_GLD"":""cffc9bd91365864e1969d125a13ee2eeae3f44374a8337e4a94eddc8ffad287e"",""yahoo_TIP"":""9198e3f8407f96f1376cec3bff2883b5a1730e9692a4acc4b4e124d9001589b9"",""yahoo_UUP"":""a4840dacc2e010d8281489df6cb8f77cc34ce1661bdac1c6031f392e01b7aedb"",""yahoo_ZT=F"":""1f36bff6184615be1adeb576578d5ad37ce794b249c13a30005be74f8262dee4""}"
NFP_201003_REL_20100402,nfp,2010:03,2010-04-02,2010-04-02T08:30:00 America/New_York,development,development_seen,162.0,-231.5,393.5,203.2221231951192,1.9363049347840429,philadelphia_fed_employ_first_releases,0,0,,0.06000000000000005,0.036585940926076074,1.6399742218256292,2010-04-01,2010-04-01,federal_reserve_h15_nominal:RIFLGFCY02_N.B,0.040000000000000036,0.01780227243794461,2.24690416009712,2010-04-01,2010-04-01,federal_reserve_h15_nominal:RIFLGFCY01_N.B,,,,,,yahoo:ZT=F,0.010000000000000009,0.03779628714614572,0.2645762521946487,2010-04-01,2010-04-01,derived:H15_5Y_nominal_minus_5Y_real,-0.010000000000000231,0.029383495886440684,-0.34032710194347005,2010-04-01,2010-04-01,derived:H15_10Y_nominal_minus_10Y_real,0.07000000000000006,0.04496703123739753,1.5566960520574344,2010-04-01,2010-04-01,federal_reserve_h15_real:RIFLGFCY05_XII_N.B,0.07999999999999985,0.04039214556976161,1.9805830780103322,2010-04-01,2010-04-01,federal_reserve_h15_real:RIFLGFCY10_XII_N.B,,,,,,yahoo:TIP,,,,,,yahoo:GLD,,,,,,yahoo:GC=F,,,,,,yahoo:DX-Y.NYB,,,,,yahoo:UUP,0,"{""alfred_employment_situation_release_dates"":""b796dbd0eac6d9fd3e17ef1280bf85abe0e8b6e91df1205809e70b9ba0cf5a4b"",""federal_reserve_h15_nominal"":""dd00d34890aea66542962d4e00c3650e37e7303bdcdea95963616a6ca09fce87"",""federal_reserve_h15_real"":""5be7cb777f2a50c090ec837ab67ad98e90e36ff23935d9d8e1e1bbdb97ea0142"",""philadelphia_fed_employ_first_releases"":""8af43817875de1075966ebb668f42ddd7367db908d7897a59744917ef167f755"",""yahoo_DX-Y.NYB"":""2abdecea5830986f7a96a4a77f51a66ae7015a1d96488f3b6807200e2e1f0585"",""yahoo_GC=F"":""dde2a4acfa0b6fafad13fd03b21e79cf06b521cf30e1ed0662dd6da52c3e6f78"",""yahoo_GLD"":""cffc9bd91365864e1969d125a13ee2eeae3f44374a8337e4a94eddc8ffad287e"",""yahoo_TIP"":""9198e3f8407f96f1376cec3bff2883b5a1730e9692a4acc4b4e124d9001589b9"",""yahoo_UUP"":""a4840dacc2e010d8281489df6cb8f77cc34ce1661bdac1c6031f392e01b7aedb"",""yahoo_ZT=F"":""1f36bff6184615be1adeb576578d5ad37ce794b249c13a30005be74f8262dee4""}"
NFP_201004_REL_20100507,nfp,2010:04,2010-05-07,2010-05-07T08:30:00 America/New_York,development,development_seen,290.0,-203.0,493.0,210.5885779251628,2.341057643568865,philadelphia_fed_employ_first_releases,0,0,,0.07999999999999996,0.040833131557209294,1.9591933547373386,2010-05-06,2010-05-06,federal_reserve_h15_nominal:RIFLGFCY02_N.B,0.03999999999999998,0.019033126043970016,2.101599070357262,2010-05-06,2010-05-06,federal_reserve_h15_nominal:RIFLGFCY01_N.B,-0.08589221056292938,0.10349478636916674,0.8299182362341535,2010-05-06,2010-05-06,yahoo:ZT=F,-0.039999999999999813,0.03992790112359517,-1.0018057266817373,2010-05-06,2010-05-06,derived:H15_5Y_nominal_minus_5Y_real,-0.009999999999999787,0.03256284666688174,-0.307098458015661,2010-05-06,2010-05-06,derived:H15_10Y_nominal_minus_10Y_real,0.07999999999999996,0.054351856396863865,1.4718908479566857,2010-05-06,2010-05-06,federal_reserve_h15_real:RIFLGFCY05_XII_N.B,0.050000000000000044,0.041476628774085235,1.2054981679523638,2010-05-06,2010-05-06,federal_reserve_h15_real:RIFLGFCY10_XII_N.B,-0.21637118428282795,0.282593774409958,0.7656615391991577,2010-05-06,2010-05-06,yahoo:TIP,-0.18584329204847005,0.9924369177720034,-0.18725955143394274,2010-05-06,2010-05-06,yahoo:GLD,1.0885458313715985,0.9106541727939966,1.1953449112650623,2010-05-06,2010-05-06,yahoo:GC=F,-0.5196686443016563,0.4801627275459969,-1.08227610034949,2010-05-06,2010-05-06,yahoo:DX-Y.NYB,-0.4443465918964498,0.5131753882141452,-0.8658766614719771,2010-05-06,yahoo:UUP,1,"{""alfred_employment_situation_release_dates"":""b796dbd0eac6d9fd3e17ef1280bf85abe0e8b6e91df1205809e70b9ba0cf5a4b"",""federal_reserve_h15_nominal"":""dd00d34890aea66542962d4e00c3650e37e7303bdcdea95963616a6ca09fce87"",""federal_reserve_h15_real"":""5be7cb777f2a50c090ec837ab67ad98e90e36ff23935d9d8e1e1bbdb97ea0142"",""philadelphia_fed_employ_first_releases"":""8af43817875de1075966ebb668f42ddd7367db908d7897a59744917ef167f755"",""yahoo_DX-Y.NYB"":""2abdecea5830986f7a96a4a77f51a66ae7015a1d96488f3b6807200e2e1f0585"",""yahoo_GC=F"":""dde2a4acfa0b6fafad13fd03b21e79cf06b521cf30e1ed0662dd6da52c3e6f78"",""yahoo_GLD"":""cffc9bd91365864e1969d125a13ee2eeae3f44374a8337e4a94eddc8ffad287e"",""yahoo_TIP"":""9198e3f8407f96f1376cec3bff2883b5a1730e9692a4acc4b4e124d9001589b9"",""yahoo_UUP"":""a4840dacc2e010d8281489df6cb8f77cc34ce1661bdac1c6031f392e01b7aedb"",""yahoo_ZT=F"":""1f36bff6184615be1adeb576578d5ad37ce794b249c13a30005be74f8262dee4""}"
NFP_201005_REL_20100604,nfp,2010:05,2010-06-04,2010-06-04T08:30:00 America/New_York,development,development_seen,431.0,-137.5,568.5,220.18612824936616,2.5819065193614734,philadelphia_fed_employ_first_releases,0,0,,-0.09999999999999998,0.044575841548057334,-2.2433676297998706,2010-06-03,2010-06-03,federal_reserve_h15_nominal:RIFLGFCY02_N.B,-0.03999999999999998,0.020377094707061772,-1.9629883737124607,2010-06-03,2010-06-03,federal_reserve_h15_nominal:RIFLGFCY01_N.B,0.1572439749341679,0.10449081476225301,-1.5048593054991835,2010-06-03,2010-06-03,yahoo:ZT=F,-0.1100000000000001,0.04848087746963733,-2.2689358308106335,2010-06-03,2010-06-03,derived:H15_5Y_nominal_minus_5Y_real,-0.10999999999999965,0.044129688176227484,-2.492653008576124,2010-06-03,2010-06-03,derived:H15_10Y_nominal_minus_10Y_real,-0.08000000000000002,0.055828632064489014,-1.4329564784533868,2010-06-03,2010-06-03,federal_reserve_h15_real:RIFLGFCY05_XII_N.B,-0.08000000000000007,0.043516020817586355,-1.8384033856254902,2010-06-03,2010-06-03,federal_reserve_h15_real:RIFLGFCY10_XII_N.B,0.6343004278909008,0.31305411193236304,-2.0261686517248005,2010-06-03,2010-06-03,yahoo:TIP,1.037330279219341,1.040761728932536,0.9967029439901539,2010-06-03,2010-06-03,yahoo:GLD,0.6516750094044506,0.9380432768985384,0.6947174245084832,2010-06-03,2010-06-03,yahoo:GC=F,1.243106559651088,0.5507645217633367,2.2570563471865213,2010-06-03,2010-06-03,yahoo:DX-Y.NYB,1.1709811017204637,0.571318813427011,2.0496106100487497,2010-06-03,yahoo:UUP,1,"{""alfred_employment_situation_release_dates"":""b796dbd0eac6d9fd3e17ef1280bf85abe0e8b6e91df1205809e70b9ba0cf5a4b"",""federal_reserve_h15_nominal"":""dd00d34890aea66542962d4e00c3650e37e7303bdcdea95963616a6ca09fce87"",""federal_reserve_h15_real"":""5be7cb777f2a50c090ec837ab67ad98e90e36ff23935d9d8e1e1bbdb97ea0142"",""philadelphia_fed_employ_first_releases"":""8af43817875de1075966ebb668f42ddd7367db908d7897a59744917ef167f755"",""yahoo_DX-Y.NYB"":""2abdecea5830986f7a96a4a77f51a66ae7015a1d96488f3b6807200e2e1f0585"",""yahoo_GC=F"":""dde2a4acfa0b6fafad13fd03b21e79cf06b521cf30e1ed0662dd6da52c3e6f78"",""yahoo_GLD"":""cffc9bd91365864e1969d125a13ee2eeae3f44374a8337e4a94eddc8ffad287e"",""yahoo_TIP"":""9198e3f8407f96f1376cec3bff2883b5a1730e9692a4acc4b4e124d9001589b9"",""yahoo_UUP"":""a4840dacc2e010d8281489df6cb8f77cc34ce1661bdac1c6031f392e01b7aedb"",""yahoo_ZT=F"":""1f36bff6184615be1adeb576578d5ad37ce794b249c13a30005be74f8262dee4""}"
NFP_201006_REL_20100702,nfp,2010:06,2010-07-02,2010-07-02T08:30:00 America/New_York,development,development_seen,-125.0,-60.5,-64.5,232.85769080420485,-0.27699321322495607,philadelphia_fed_employ_first_releases,0,0,,0.0,0.04202870958497931,0.0,2010-07-01,2010-07-01,federal_reserve_h15_nominal:RIFLGFCY02_N.B,-0.010000000000000009,0.01971190812767496,-0.507307559229149,2010-07-01,2010-07-01,federal_reserve_h15_nominal:RIFLGFCY01_N.B,0.014281633843179934,0.08222384918053706,-0.1736921098381331,2010-07-01,2010-07-01,yahoo:ZT=F,0.0,0.04631749922505831,0.0,2010-07-01,2010-07-01,derived:H15_5Y_nominal_minus_5Y_real,-0.020000000000000018,0.047460658700588854,-0.42140165239113875,2010-07-01,2010-07-01,derived:H15_10Y_nominal_minus_10Y_real,0.020000000000000018,0.04791824487698183,0.41737755736557214,2010-07-01,2010-07-01,federal_reserve_h15_real:RIFLGFCY05_XII_N.B,0.06000000000000005,0.0389857282303373,1.539024733500045,2010-07-01,2010-07-01,federal_reserve_h15_real:RIFLGFCY10_XII_N.B,-0.18879773402825897,0.3062674328233464,0.6164473064857555,2010-07-01,2010-07-01,yahoo:TIP,1.2312786265651068,1.1489856807644756,1.0716222553320922,2010-07-01,2010-07-01,yahoo:GLD,0.0911443533751355,1.0267080308326764,0.0887733909134966,2010-07-01,2010-07-01,yahoo:GC=F,-0.34289234058774337,0.6082216344536142,-0.563762157023196,2010-07-01,2010-07-01,yahoo:DX-Y.NYB,-0.12204686583556297,0.6274604365781775,-0.1945092610159441,2010-07-01,yahoo:UUP,1,"{""alfred_employment_situation_release_dates"":""b796dbd0eac6d9fd3e17ef1280bf85abe0e8b6e91df1205809e70b9ba0cf5a4b"",""federal_reserve_h15_nominal"":""dd00d34890aea66542962d4e00c3650e37e7303bdcdea95963616a6ca09fce87"",""federal_reserve_h15_real"":""5be7cb777f2a50c090ec837ab67ad98e90e36ff23935d9d8e1e1bbdb97ea0142"",""philadelphia_fed_employ_first_releases"":""8af43817875de1075966ebb668f42ddd7367db908d7897a59744917ef167f755"",""yahoo_DX-Y.NYB"":""2abdecea5830986f7a96a4a77f51a66ae7015a1d96488f3b6807200e2e1f0585"",""yahoo_GC=F"":""dde2a4acfa0b6fafad13fd03b21e79cf06b521cf30e1ed0662dd6da52c3e6f78"",""yahoo_GLD"":""cffc9bd91365864e1969d125a13ee2eeae3f44374a8337e4a94eddc8ffad287e"",""yahoo_TIP"":""9198e3f8407f96f1376cec3bff2883b5a1730e9692a4acc4b4e124d9001589b9"",""yahoo_UUP"":""a4840dacc2e010d8281489df6cb8f77cc34ce1661bdac1c6031f392e01b7aedb"",""yahoo_ZT=F"":""1f36bff6184615be1adeb576578d5ad37ce794b249c13a30005be74f8262dee4""}"
NFP_201007_REL_20100806,nfp,2010:07,2010-08-06,2010-08-06T08:30:00 America/New_York,development,development_seen,-131.0,-60.5,-70.5,232.93046475811053,-0.302665433107737,philadelphia_fed_employ_first_releases,0,0,,-0.030000000000000027,0.03377225150550986,-0.8883032271362068,2010-08-05,2010-08-05,federal_reserve_h15_nominal:RIFLGFCY02_N.B,-0.020000000000000018,0.015567422161949661,-1.2847342220142646,2010-08-05,2010-08-05,federal_reserve_h15_nominal:RIFLGFCY01_N.B,0.04275940772105967,0.0691210010497552,-0.618616731118814,2010-08-05,2010-08-05,yahoo:ZT=F,-0.040000000000000036,0.04215387470378463,-0.9489044668154499,2010-08-05,2010-08-05,derived:H15_5Y_nominal_minus_5Y_real,-0.050000000000000044,0.04569488591593212,-1.0942143523892,2010-08-05,2010-08-05,derived:H15_10Y_nominal_minus_10Y_real,-0.020000000000000004,0.04354716904924349,-0.459272105091007,2010-08-05,2010-08-05,federal_reserve_h15_real:RIFLGFCY05_XII_N.B,-0.030000000000000027,0.039367886766685595,-0.7620424275703571,2010-08-05,2010-08-05,federal_reserve_h15_real:RIFLGFCY10_XII_N.B,0.09345895171265597,0.3097021380807794,-0.3017704439879557,2010-08-05,2010-08-05,yahoo:TIP,0.7324732365886041,1.0695159458520782,0.6848642504390584,2010-08-05,2010-08-05,yahoo:GLD,0.5165447880548518,1.0057639865557995,0.5135844939365346,2010-08-05,2010-08-05,yahoo:GC=F,-0.5085863771318144,0.5865131471292787,-0.8671355102969452,2010-08-05,2010-08-05,yahoo:DX-Y.NYB,-0.5126136734368049,0.6094914756810692,-0.8410514238349119,2010-08-05,yahoo:UUP,1,"{""alfred_employment_situation_release_dates"":""b796dbd0eac6d9fd3e17ef1280bf85abe0e8b6e91df1205809e70b9ba0cf5a4b"",""federal_reserve_h15_nominal"":""dd00d34890aea66542962d4e00c3650e37e7303bdcdea95963616a6ca09fce87"",""federal_reserve_h15_real"":""5be7cb777f2a50c090ec837ab67ad98e90e36ff23935d9d8e1e1bbdb97ea0142"",""philadelphia_fed_employ_first_releases"":""8af43817875de1075966ebb668f42ddd7367db908d7897a59744917ef167f755"",""yahoo_DX-Y.NYB"":""2abdecea5830986f7a96a4a77f51a66ae7015a1d96488f3b6807200e2e1f0585"",""yahoo_GC=F"":""dde2a4acfa0b6fafad13fd03b21e79cf06b521cf30e1ed0662dd6da52c3e6f78"",""yahoo_GLD"":""cffc9bd91365864e1969d125a13ee2eeae3f44374a8337e4a94eddc8ffad287e"",""yahoo_TIP"":""9198e3f8407f96f1376cec3bff2883b5a1730e9692a4acc4b4e124d9001589b9"",""yahoo_UUP"":""a4840dacc2e010d8281489df6cb8f77cc34ce1661bdac1c6031f392e01b7aedb"",""yahoo_ZT=F"":""1f36bff6184615be1adeb576578d5ad37ce794b249c13a30005be74f8262dee4""}"
NFP_201008_REL_20100903,nfp,2010:08,2010-09-03,2010-09-03T08:30:00 America/New_York,development,development_seen,-54.0,-60.5,6.5,232.84685126509183,0.02791534420450406,philadelphia_fed_employ_first_releases,0,0,,0.020000000000000018,0.025723431249626054,0.7775012519098035,2010-09-02,2010-09-02,federal_reserve_h15_nominal:RIFLGFCY02_N.B,0.0,0.011712179184205555,0.0,2010-09-02,2010-09-02,federal_reserve_h15_nominal:RIFLGFCY01_N.B,-0.014247043762524393,0.060971711036074266,0.23366645810702355,2010-09-02,2010-09-02,yahoo:ZT=F,0.050000000000000044,0.033145374024274324,1.5085061331147471,2010-09-02,2010-09-02,derived:H15_5Y_nominal_minus_5Y_real,0.04000000000000026,0.03801724259416081,1.052154161389495,2010-09-02,2010-09-02,derived:H15_10Y_nominal_minus_10Y_real,0.009999999999999981,0.04625250031415312,0.21620452801640244,2010-09-02,2010-09-02,federal_reserve_h15_real:RIFLGFCY05_XII_N.B,0.050000000000000044,0.044838378940241626,1.1151161389361905,2010-09-02,2010-09-02,federal_reserve_h15_real:RIFLGFCY10_XII_N.B,-0.15815826621586138,0.31664302637689,0.4994844447564453,2010-09-02,2010-09-02,yahoo:TIP,-0.35224308588275116,0.9551367958027581,-0.36878810179928573,2010-09-02,2010-09-02,yahoo:GLD,-0.18395245504221328,0.8499258428067893,-0.21643353546555302,2010-09-02,2010-09-02,yahoo:GC=F,0.773136732337232,0.5300710422424908,1.4585530442607093,2010-09-02,2010-09-02,yahoo:DX-Y.NYB,-0.50314710031556,0.5685909401407043,-0.8849017189599442,2010-09-02,yahoo:UUP,1,"{""alfred_employment_situation_release_dates"":""b796dbd0eac6d9fd3e17ef1280bf85abe0e8b6e91df1205809e70b9ba0cf5a4b"",""federal_reserve_h15_nominal"":""dd00d34890aea66542962d4e00c3650e37e7303bdcdea95963616a6ca09fce87"",""federal_reserve_h15_real"":""5be7cb777f2a50c090ec837ab67ad98e90e36ff23935d9d8e1e1bbdb97ea0142"",""philadelphia_fed_employ_first_releases"":""8af43817875de1075966ebb668f42ddd7367db908d7897a59744917ef167f755"",""yahoo_DX-Y.NYB"":""2abdecea5830986f7a96a4a77f51a66ae7015a1d96488f3b6807200e2e1f0585"",""yahoo_GC=F"":""dde2a4acfa0b6fafad13fd03b21e79cf06b521cf30e1ed0662dd6da52c3e6f78"",""yahoo_GLD"":""cffc9bd91365864e1969d125a13ee2eeae3f44374a8337e4a94eddc8ffad287e"",""yahoo_TIP"":""9198e3f8407f96f1376cec3bff2883b5a1730e9692a4acc4b4e124d9001589b9"",""yahoo_UUP"":""a4840dacc2e010d8281489df6cb8f77cc34ce1661bdac1c6031f392e01b7aedb"",""yahoo_ZT=F"":""1f36bff6184615be1adeb576578d5ad37ce794b249c13a30005be74f8262dee4""}"
NFP_201009_REL_20101008,nfp,2010:09,2010-10-08,2010-10-08T08:30:00 America/New_York,development,development_seen,-95.0,-45.0,-50.0,232.81212327918558,-0.21476544818948531,philadelphia_fed_employ_first_releases,0,0,,-0.010000000000000009,0.027455150896224623,-0.36423037840142103,2010-10-07,2010-10-07,federal_reserve_h15_nominal:RIFLGFCY02_N.B,-0.020000000000000018,0.009363953001762083,-2.1358501047833616,2010-10-07,2010-10-07,federal_reserve_h15_nominal:RIFLGFCY01_N.B,0.02843534532560245,0.04914387904561745,-0.578614181009349,2010-10-07,2010-10-07,yahoo:ZT=F,0.07000000000000006,0.034937797834353045,2.003560737625302,2010-10-07,2010-10-07,derived:H15_5Y_nominal_minus_5Y_real,0.08000000000000007,0.03843844591413376,2.081249595228411,2010-10-07,2010-10-07,derived:H15_10Y_nominal_minus_10Y_real,-0.09999999999999998,0.05222155106352382,-1.914918227502608,2010-10-07,2010-10-07,federal_reserve_h15_real:RIFLGFCY05_XII_N.B,-0.08000000000000002,0.05428008551592216,-1.4738370295406655,2010-10-07,2010-10-07,federal_reserve_h15_real:RIFLGFCY10_XII_N.B,0.6566442143557458,0.38256609077463255,-1.7164203262922513,2010-10-07,2010-10-07,yahoo:TIP,0.9846345633438466,0.6845600444792971,1.4383465282330314,2010-10-07,2010-10-07,yahoo:GLD,0.7692003761053768,0.687173724727099,1.1193681429115374,2010-10-07,2010-10-07,yahoo:GC=F,-0.09049150024585814,0.5395035942508375,-0.16773104240670714,2010-10-07,2010-10-07,yahoo:DX-Y.NYB,-0.3565143425539176,0.5652565549060635,-0.6307124428007111,2010-10-07,yahoo:UUP,1,"{""alfred_employment_situation_release_dates"":""b796dbd0eac6d9fd3e17ef1280bf85abe0e8b6e91df1205809e70b9ba0cf5a4b"",""federal_reserve_h15_nominal"":""dd00d34890aea66542962d4e00c3650e37e7303bdcdea95963616a6ca09fce87"",""federal_reserve_h15_real"":""5be7cb777f2a50c090ec837ab67ad98e90e36ff23935d9d8e1e1bbdb97ea0142"",""philadelphia_fed_employ_first_releases"":""8af43817875de1075966ebb668f42ddd7367db908d7897a59744917ef167f755"",""yahoo_DX-Y.NYB"":""2abdecea5830986f7a96a4a77f51a66ae7015a1d96488f3b6807200e2e1f0585"",""yahoo_GC=F"":""dde2a4acfa0b6fafad13fd03b21e79cf06b521cf30e1ed0662dd6da52c3e6f78"",""yahoo_GLD"":""cffc9bd91365864e1969d125a13ee2eeae3f44374a8337e4a94eddc8ffad287e"",""yahoo_TIP"":""9198e3f8407f96f1376cec3bff2883b5a1730e9692a4acc4b4e124d9001589b9"",""yahoo_UUP"":""a4840dacc2e010d8281489df6cb8f77cc34ce1661bdac1c6031f392e01b7aedb"",""yahoo_ZT=F"":""1f36bff6184615be1adeb576578d5ad37ce794b249c13a30005be74f8262dee4""}"
NFP_201010_REL_20101105,nfp,2010:10,2010-11-05,2010-11-05T08:30:00 America/New_York,development,development_seen,151.0,-45.0,196.0,231.76546855658682,0.8456824962781093,philadelphia_fed_employ_first_releases,0,0,,0.04999999999999999,0.025477917767849693,1.96248376557265,2010-11-04,2010-11-04,federal_reserve_h15_nominal:RIFLGFCY02_N.B,0.010000000000000009,0.008994662573007395,1.111770443730662,2010-11-04,2010-11-04,federal_reserve_h15_nominal:RIFLGFCY01_N.B,-0.05683432946393346,0.04511793195077863,1.2596838331583287,2010-11-04,2010-11-04,yahoo:ZT=F,0.050000000000000044,0.04201963490457913,1.189919905623722,2010-11-04,2010-11-04,derived:H15_5Y_nominal_minus_5Y_real,0.010000000000000231,0.04167231600120103,0.23996746424441642,2010-11-04,2010-11-04,derived:H15_10Y_nominal_minus_10Y_real,0.010000000000000009,0.05487633760901442,0.18222790433371286,2010-11-04,2010-11-04,federal_reserve_h15_real:RIFLGFCY05_XII_N.B,0.03999999999999998,0.056981263646743247,0.7019851340605742,2010-11-04,2010-11-04,federal_reserve_h15_real:RIFLGFCY10_XII_N.B,-0.3402378904872556,0.4029738113295847,0.8443176229360012,2010-11-04,2010-11-04,yahoo:TIP,0.256970222394171,0.9131424885777198,0.28141306051196807,2010-11-04,2010-11-04,yahoo:GLD,1.050376395006266,0.9037333617505201,1.162263605021397,2010-11-04,2010-11-04,yahoo:GC=F,0.8791053099471248,0.5494484185869762,1.5999778690926647,2010-11-04,2010-11-04,yahoo:DX-Y.NYB,0.95128884324288,0.5804104154613685,1.6389934051867419,2010-11-04,yahoo:UUP,1,"{""alfred_employment_situation_release_dates"":""b796dbd0eac6d9fd3e17ef1280bf85abe0e8b6e91df1205809e70b9ba0cf5a4b"",""federal_reserve_h15_nominal"":""dd00d34890aea66542962d4e00c3650e37e7303bdcdea95963616a6ca09fce87"",""federal_reserve_h15_real"":""5be7cb777f2a50c090ec837ab67ad98e90e36ff23935d9d8e1e1bbdb97ea0142"",""philadelphia_fed_employ_first_releases"":""8af43817875de1075966ebb668f42ddd7367db908d7897a59744917ef167f755"",""yahoo_DX-Y.NYB"":""2abdecea5830986f7a96a4a77f51a66ae7015a1d96488f3b6807200e2e1f0585"",""yahoo_GC=F"":""dde2a4acfa0b6fafad13fd03b21e79cf06b521cf30e1ed0662dd6da52c3e6f78"",""yahoo_GLD"":""cffc9bd91365864e1969d125a13ee2eeae3f44374a8337e4a94eddc8ffad287e"",""yahoo_TIP"":""9198e3f8407f96f1376cec3bff2883b5a1730e9692a4acc4b4e124d9001589b9"",""yahoo_UUP"":""a4840dacc2e010d8281489df6cb8f77cc34ce1661bdac1c6031f392e01b7aedb"",""yahoo_ZT=F"":""1f36bff6184615be1adeb576578d5ad37ce794b249c13a30005be74f8262dee4""}"
NFP_201011_REL_20101203,nfp,2010:11,2010-12-03,2010-12-03T08:30:00 America/New_York,development,development_seen,39.0,-28.0,67.0,233.03774457259112,0.2875070736840638,philadelphia_fed_employ_first_releases,0,0,,-0.06000000000000005,0.03207116028512062,-1.8708397035400364,2010-12-02,2010-12-02,federal_reserve_h15_nominal:RIFLGFCY02_N.B,-0.02999999999999997,0.010229016001628993,-2.932833421633362,2010-12-02,2010-12-02,federal_reserve_h15_nominal:RIFLGFCY01_N.B,0.10683381237622351,0.054725654240283736,-1.952170583601407,2010-12-02,2010-12-02,yahoo:ZT=F,-0.020000000000000018,0.04153107882627872,-0.48156707134092197,2010-12-02,2010-12-02,derived:H15_5Y_nominal_minus_5Y_real,0.0,0.0391559968637689,0.0,2010-12-02,2010-12-02,derived:H15_10Y_nominal_minus_10Y_real,-0.02,0.06524183608039585,-0.30655176496496067,2010-12-02,2010-12-02,federal_reserve_h15_real:RIFLGFCY05_XII_N.B,0.020000000000000018,0.06370926193652832,0.3139260979027733,2010-12-02,2010-12-02,federal_reserve_h15_real:RIFLGFCY10_XII_N.B,-0.00926503189448751,0.4486556159505051,0.020650654009666095,2010-12-02,2010-12-02,yahoo:TIP,2.1005714938510267,1.0729702187583463,1.957716493083874,2010-12-02,2010-12-02,yahoo:GLD,1.2097949382854272,1.0548419785326082,1.1468968460739248,2010-12-02,2010-12-02,yahoo:GC=F,-1.1523246202681259,0.6181884511944337,-1.8640345319322291,2010-12-02,2010-12-02,yahoo:DX-Y.NYB,-1.2163553235725555,0.6504822415839592,-1.8699285634772518,2010-12-02,yahoo:UUP,1,"{""alfred_employment_situation_release_dates"":""b796dbd0eac6d9fd3e17ef1280bf85abe0e8b6e91df1205809e70b9ba0cf5a4b"",""federal_reserve_h15_nominal"":""dd00d34890aea66542962d4e00c3650e37e7303bdcdea95963616a6ca09fce87"",""federal_reserve_h15_real"":""5be7cb777f2a50c090ec837ab67ad98e90e36ff23935d9d8e1e1bbdb97ea0142"",""philadelphia_fed_employ_first_releases"":""8af43817875de1075966ebb668f42ddd7367db908d7897a59744917ef167f755"",""yahoo_DX-Y.NYB"":""2abdecea5830986f7a96a4a77f51a66ae7015a1d96488f3b6807200e2e1f0585"",""yahoo_GC=F"":""dde2a4acfa0b6fafad13fd03b21e79cf06b521cf30e1ed0662dd6da52c3e6f78"",""yahoo_GLD"":""cffc9bd91365864e1969d125a13ee2eeae3f44374a8337e4a94eddc8ffad287e"",""yahoo_TIP"":""9198e3f8407f96f1376cec3bff2883b5a1730e9692a4acc4b4e124d9001589b9"",""yahoo_UUP"":""a4840dacc2e010d8281489df6cb8f77cc34ce1661bdac1c6031f392e01b7aedb"",""yahoo_ZT=F"":""1f36bff6184615be1adeb576578d5ad37ce794b249c13a30005be74f8262dee4""}"
NFP_201101_REL_20110204,nfp,2011:01,2011-02-04,2011-02-04T08:30:00 America/New_York,confirmation,confirmation_protocol_locked,36.0,9.5,26.5,233.6541753493656,0.11341547806871644,philadelphia_fed_employ_first_releases,0,0,,0.06000000000000005,0.044433343717284045,1.3503372688259057,2011-02-03,2011-02-03,federal_reserve_h15_nominal:RIFLGFCY02_N.B,0.020000000000000018,0.01249971751093229,1.6000361594178396,2011-02-03,2011-02-03,federal_reserve_h15_nominal:RIFLGFCY01_N.B,-0.11440830708069304,0.0838618098848753,1.3642480079758794,2011-02-03,2011-02-03,yahoo:ZT=F,-0.010000000000000009,0.03484063800358965,-0.2870211503867898,2011-02-03,2011-02-03,derived:H15_5Y_nominal_minus_5Y_real,0.029999999999999805,0.0404337359843203,0.7419546888181056,2011-02-03,2011-02-03,derived:H15_10Y_nominal_minus_10Y_real,0.10000000000000003,0.07131433560846541,1.402242608681465,2011-02-03,2011-02-03,federal_reserve_h15_real:RIFLGFCY05_XII_N.B,0.07000000000000006,0.07165418364546694,0.9769143466395276,2011-02-03,2011-02-03,federal_reserve_h15_real:RIFLGFCY10_XII_N.B,-0.5653818029452835,0.4618582261708899,1.2241457895698264,2011-02-03,2011-02-03,yahoo:TIP,-0.4093034478557125,1.0420590192243429,-0.39278336476601655,2011-02-03,2011-02-03,yahoo:GLD,-0.29623067321652446,1.0217996761966057,-0.28991071353552317,2011-02-03,2011-02-03,yahoo:GC=F,0.3722976427080726,0.5446953058510006,0.6834970647055902,2011-02-03,2011-02-03,yahoo:DX-Y.NYB,0.3125768120538622,0.5953905783967863,0.52499455549925,2011-02-03,yahoo:UUP,1,"{""alfred_employment_situation_release_dates"":""b796dbd0eac6d9fd3e17ef1280bf85abe0e8b6e91df1205809e70b9ba0cf5a4b"",""federal_reserve_h15_nominal"":""dd00d34890aea66542962d4e00c3650e37e7303bdcdea95963616a6ca09fce87"",""federal_reserve_h15_real"":""5be7cb777f2a50c090ec837ab67ad98e90e36ff23935d9d8e1e1bbdb97ea0142"",""philadelphia_fed_employ_first_releases"":""8af43817875de1075966ebb668f42ddd7367db908d7897a59744917ef167f755"",""yahoo_DX-Y.NYB"":""2abdecea5830986f7a96a4a77f51a66ae7015a1d96488f3b6807200e2e1f0585"",""yahoo_GC=F"":""dde2a4acfa0b6fafad13fd03b21e79cf06b521cf30e1ed0662dd6da52c3e6f78"",""yahoo_GLD"":""cffc9bd91365864e1969d125a13ee2eeae3f44374a8337e4a94eddc8ffad287e"",""yahoo_TIP"":""9198e3f8407f96f1376cec3bff2883b5a1730e9692a4acc4b4e124d9001589b9"",""yahoo_UUP"":""a4840dacc2e010d8281489df6cb8f77cc34ce1661bdac1c6031f392e01b7aedb"",""yahoo_ZT=F"":""1f36bff6184615be1adeb576578d5ad37ce794b249c13a30005be74f8262dee4""}"
NFP_201102_REL_20110304,nfp,2011:02,2011-03-04,2011-03-04T08:30:00 America/New_York,confirmation,confirmation_protocol_locked,192.0,37.5,154.5,233.59288187630384,0.6614071403160886,philadelphia_fed_employ_first_releases,0,0,,-0.10999999999999999,0.043339091316710744,-2.5381242812902736,2011-03-03,2011-03-03,federal_reserve_h15_nominal:RIFLGFCY02_N.B,-0.02999999999999997,0.011706147884982691,-2.5627559377142046,2011-03-03,2011-03-03,federal_reserve_h15_nominal:RIFLGFCY01_N.B,0.1785140964619737,0.08454778539194141,-2.111398845450878,2011-03-03,2011-03-03,yahoo:ZT=F,-0.03000000000000025,0.036688873603964514,-0.8176865914127851,2011-03-03,2011-03-03,derived:H15_5Y_nominal_minus_5Y_real,0.0,0.03815334803266547,0.0,2011-03-03,2011-03-03,derived:H15_10Y_nominal_minus_10Y_real,-0.1,0.07166699513786243,-1.395342441909762,2011-03-03,2011-03-03,federal_reserve_h15_real:RIFLGFCY05_XII_N.B,-0.09000000000000008,0.06735939530305492,-1.3361165075054995,2011-03-03,2011-03-03,federal_reserve_h15_real:RIFLGFCY10_XII_N.B,0.6652262844423937,0.447322590921456,-1.487128747671943,2011-03-03,2011-03-03,yahoo:TIP,0.9083177750322635,0.9048138518316854,1.0038725348793953,2011-03-03,2011-03-03,yahoo:GLD,0.8578880672767533,0.9143074811887328,0.9382927351325769,2011-03-03,2011-03-03,yahoo:GC=F,-0.10465964913934074,0.46708266660021985,-0.22407093352689075,2011-03-03,2011-03-03,yahoo:DX-Y.NYB,-0.1366461105947476,0.5010739267301836,-0.2727064876164037,2011-03-03,yahoo:UUP,1,"{""alfred_employment_situation_release_dates"":""b796dbd0eac6d9fd3e17ef1280bf85abe0e8b6e91df1205809e70b9ba0cf5a4b"",""federal_reserve_h15_nominal"":""dd00d34890aea66542962d4e00c3650e37e7303bdcdea95963616a6ca09fce87"",""federal_reserve_h15_real"":""5be7cb777f2a50c090ec837ab67ad98e90e36ff23935d9d8e1e1bbdb97ea0142"",""philadelphia_fed_employ_first_releases"":""8af43817875de1075966ebb668f42ddd7367db908d7897a59744917ef167f755"",""yahoo_DX-Y.NYB"":""2abdecea5830986f7a96a4a77f51a66ae7015a1d96488f3b6807200e2e1f0585"",""yahoo_GC=F"":""dde2a4acfa0b6fafad13fd03b21e79cf06b521cf30e1ed0662dd6da52c3e6f78"",""yahoo_GLD"":""cffc9bd91365864e1969d125a13ee2eeae3f44374a8337e4a94eddc8ffad287e"",""yahoo_TIP"":""9198e3f8407f96f1376cec3bff2883b5a1730e9692a4acc4b4e124d9001589b9"",""yahoo_UUP"":""a4840dacc2e010d8281489df6cb8f77cc34ce1661bdac1c6031f392e01b7aedb"",""yahoo_ZT=F"":""1f36bff6184615be1adeb576578d5ad37ce794b249c13a30005be74f8262dee4""}"
NFP_201103_REL_20110401,nfp,2011:03,2011-04-01,2011-04-01T08:30:00 America/New_York,confirmation,confirmation_protocol_locked,216.0,71.0,145.0,234.2131610355402,0.6190941591791986,philadelphia_fed_employ_first_releases,0,0,,0.0,0.04013078900281803,0.0,2011-03-31,2011-03-31,federal_reserve_h15_nominal:RIFLGFCY02_N.B,-0.02999999999999997,0.014257518583477001,-2.104152964932263,2011-03-31,2011-03-31,federal_reserve_h15_nominal:RIFLGFCY01_N.B,-0.42192646710358817,0.076716305184181,5.4998277887682985,2011-03-31,2011-03-31,yahoo:ZT=F,0.03999999999999959,0.040433735984320304,0.989272918424137,2011-03-31,2011-03-31,derived:H15_5Y_nominal_minus_5Y_real,0.03999999999999959,0.037646512282091316,1.0625154250750566,2011-03-31,2011-03-31,derived:H15_10Y_nominal_minus_10Y_real,-0.04,0.06350764000482974,-0.62984547996049,2011-03-31,2011-03-31,federal_reserve_h15_real:RIFLGFCY05_XII_N.B,-0.050000000000000044,0.0549874150984481,-0.9092989716007069,2011-03-31,2011-03-31,federal_reserve_h15_real:RIFLGFCY10_XII_N.B,0.259327905464164,0.359929086765753,-0.7204972173669818,2011-03-31,2011-03-31,yahoo:TIP,-0.47302006629672794,0.8252191056260841,-0.5732054227438822,2011-03-31,2011-03-31,yahoo:GLD,-0.7534077373140772,0.800417562381323,-0.9412683738130547,2011-03-31,2011-03-31,yahoo:GC=F,-0.03955274468341837,0.4626497754424045,-0.08549176241487728,2011-03-31,2011-03-31,yahoo:DX-Y.NYB,-0.09183984159848678,0.48210389000209697,-0.19049803061760673,2011-03-31,yahoo:UUP,1,"{""alfred_employment_situation_release_dates"":""b796dbd0eac6d9fd3e17ef1280bf85abe0e8b6e91df1205809e70b9ba0cf5a4b"",""federal_reserve_h15_nominal"":""dd00d34890aea66542962d4e00c3650e37e7303bdcdea95963616a6ca09fce87"",""federal_reserve_h15_real"":""5be7cb777f2a50c090ec837ab67ad98e90e36ff23935d9d8e1e1bbdb97ea0142"",""philadelphia_fed_employ_first_releases"":""8af43817875de1075966ebb668f42ddd7367db908d7897a59744917ef167f755"",""yahoo_DX-Y.NYB"":""2abdecea5830986f7a96a4a77f51a66ae7015a1d96488f3b6807200e2e1f0585"",""yahoo_GC=F"":""dde2a4acfa0b6fafad13fd03b21e79cf06b521cf30e1ed0662dd6da52c3e6f78"",""yahoo_GLD"":""cffc9bd91365864e1969d125a13ee2eeae3f44374a8337e4a94eddc8ffad287e"",""yahoo_TIP"":""9198e3f8407f96f1376cec3bff2883b5a1730e9692a4acc4b4e124d9001589b9"",""yahoo_UUP"":""a4840dacc2e010d8281489df6cb8f77cc34ce1661bdac1c6031f392e01b7aedb"",""yahoo_ZT=F"":""1f36bff6184615be1adeb576578d5ad37ce794b249c13a30005be74f8262dee4""}"
NFP_201104_REL_20110506,nfp,2011:04,2011-05-06,2011-05-06T08:30:00 America/New_York,confirmation,confirmation_protocol_locked,244.0,71.0,173.0,234.88739263211664,0.7365231401370043,philadelphia_fed_employ_first_releases,0,0,,-0.010000000000000009,0.03591263724824861,-0.27845351292009857,2011-05-05,2011-05-05,federal_reserve_h15_nominal:RIFLGFCY02_N.B,-0.020000000000000018,0.016518265869776786,-1.2107808505851516,2011-05-05,2011-05-05,federal_reserve_h15_nominal:RIFLGFCY01_N.B,0.05699223635065028,0.085513124816338,-0.6664735556448925,2011-05-05,2011-05-05,yahoo:ZT=F,-0.029999999999999805,0.042642582362099925,-0.7035221212743284,2011-05-05,2011-05-05,derived:H15_5Y_nominal_minus_5Y_real,-4.440892098500626e-16,0.03029795540453042,-1.465739862379157e-14,2011-05-05,2011-05-05,derived:H15_10Y_nominal_minus_10Y_real,0.020000000000000018,0.055607583923692534,0.3596631716178319,2011-05-05,2011-05-05,federal_reserve_h15_real:RIFLGFCY05_XII_N.B,0.010000000000000009,0.04229937692372777,0.2364101016908957,2011-05-05,2011-05-05,federal_reserve_h15_real:RIFLGFCY10_XII_N.B,0.03604732832702861,0.327756704848266,-0.10998197075393655,2011-05-05,2011-05-05,yahoo:TIP,1.2674628960668561,0.8737753648594874,1.450559202101879,2011-05-05,2011-05-05,yahoo:GLD,0.6931104657723253,0.8259272918760227,0.8391906558723645,2011-05-05,2011-05-05,yahoo:GC=F,0.8723049364455115,0.45592865553125844,1.9132487635134097,2011-05-05,2011-05-05,yahoo:DX-Y.NYB,0.7494022541873603,0.45523386828542894,1.6461917849167793,2011-05-05,yahoo:UUP,1,"{""alfred_employment_situation_release_dates"":""b796dbd0eac6d9fd3e17ef1280bf85abe0e8b6e91df1205809e70b9ba0cf5a4b"",""federal_reserve_h15_nominal"":""dd00d34890aea66542962d4e00c3650e37e7303bdcdea95963616a6ca09fce87"",""federal_reserve_h15_real"":""5be7cb777f2a50c090ec837ab67ad98e90e36ff23935d9d8e1e1bbdb97ea0142"",""philadelphia_fed_employ_first_releases"":""8af43817875de1075966ebb668f42ddd7367db908d7897a59744917ef167f755"",""yahoo_DX-Y.NYB"":""2abdecea5830986f7a96a4a77f51a66ae7015a1d96488f3b6807200e2e1f0585"",""yahoo_GC=F"":""dde2a4acfa0b6fafad13fd03b21e79cf06b521cf30e1ed0662dd6da52c3e6f78"",""yahoo_GLD"":""cffc9bd91365864e1969d125a13ee2eeae3f44374a8337e4a94eddc8ffad287e"",""yahoo_TIP"":""9198e3f8407f96f1376cec3bff2883b5a1730e9692a4acc4b4e124d9001589b9"",""yahoo_UUP"":""a4840dacc2e010d8281489df6cb8f77cc34ce1661bdac1c6031f392e01b7aedb"",""yahoo_ZT=F"":""1f36bff6184615be1adeb576578d5ad37ce794b249c13a30005be74f8262dee4""}"
NFP_201105_REL_20110603,nfp,2011:05,2011-06-03,2011-06-03T08:30:00 America/New_York,confirmation,confirmation_protocol_locked,54.0,71.0,-17.0,235.90078156491523,-0.07206419532493975,philadelphia_fed_employ_first_releases,0,0,,-0.030000000000000027,0.028491251506899067,-1.0529547988699486,2011-06-02,2011-06-02,federal_reserve_h15_nominal:RIFLGFCY02_N.B,-0.010000000000000009,0.01595456118477942,-0.6267800088127754,2011-06-02,2011-06-02,federal_reserve_h15_nominal:RIFLGFCY01_N.B,0.05683029207439437,0.07676096085707257,-0.7403540997905339,2011-06-02,2011-06-02,yahoo:ZT=F,0.010000000000000231,0.04151747300802097,0.24086244358052042,2011-06-02,2011-06-02,derived:H15_5Y_nominal_minus_5Y_real,-0.019999999999999574,0.033369613025121043,-0.5993476755317281,2011-06-02,2011-06-02,derived:H15_10Y_nominal_minus_10Y_real,-0.06,0.04519136960754398,-1.3276871340934961,2011-06-02,2011-06-02,federal_reserve_h15_real:RIFLGFCY05_XII_N.B,-0.030000000000000027,0.03862429492161755,-0.7767132076036782,2011-06-02,2011-06-02,federal_reserve_h15_real:RIFLGFCY10_XII_N.B,0.1541297066358487,0.29198188535461556,-0.5278742085272047,2011-06-02,2011-06-02,yahoo:TIP,0.4804501553227066,0.8672124258947405,0.5540166872343941,2011-06-02,2011-06-02,yahoo:GLD,0.6311600694144013,0.8278341847641404,0.7624232980838139,2011-06-02,2011-06-02,yahoo:GC=F,-0.7426987747976262,0.49935759699608195,-1.4873084524304405,2011-06-02,2011-06-02,yahoo:DX-Y.NYB,-0.75578490179448,0.49294039095226805,-1.5332176378049398,2011-06-02,yahoo:UUP,1,"{""alfred_employment_situation_release_dates"":""b796dbd0eac6d9fd3e17ef1280bf85abe0e8b6e91df1205809e70b9ba0cf5a4b"",""federal_reserve_h15_nominal"":""dd00d34890aea66542962d4e00c3650e37e7303bdcdea95963616a6ca09fce87"",""federal_reserve_h15_real"":""5be7cb777f2a50c090ec837ab67ad98e90e36ff23935d9d8e1e1bbdb97ea0142"",""philadelphia_fed_employ_first_releases"":""8af43817875de1075966ebb668f42ddd7367db908d7897a59744917ef167f755"",""yahoo_DX-Y.NYB"":""2abdecea5830986f7a96a4a77f51a66ae7015a1d96488f3b6807200e2e1f0585"",""yahoo_GC=F"":""dde2a4acfa0b6fafad13fd03b21e79cf06b521cf30e1ed0662dd6da52c3e6f78"",""yahoo_GLD"":""cffc9bd91365864e1969d125a13ee2eeae3f44374a8337e4a94eddc8ffad287e"",""yahoo_TIP"":""9198e3f8407f96f1376cec3bff2883b5a1730e9692a4acc4b4e124d9001589b9"",""yahoo_UUP"":""a4840dacc2e010d8281489df6cb8f77cc34ce1661bdac1c6031f392e01b7aedb"",""yahoo_ZT=F"":""1f36bff6184615be1adeb576578d5ad37ce794b249c13a30005be74f8262dee4""}"
NFP_201106_REL_20110708,nfp,2011:06,2011-07-08,2011-07-08T08:30:00 America/New_York,confirmation,confirmation_protocol_locked,18.0,46.5,-28.5,235.65623243828213,-0.12093887653688128,philadelphia_fed_employ_first_releases,0,0,,-0.08999999999999997,0.030208316286767053,-2.9793120260537345,2011-07-07,2011-07-07,federal_reserve_h15_nominal:RIFLGFCY02_N.B,-0.03,0.011304716279920145,-2.6537596572226327,2011-07-07,2011-07-07,federal_reserve_h15_nominal:RIFLGFCY01_N.B,0.18509295524217867,0.06681118129659935,-2.770388902726972,2011-07-07,2011-07-07,yahoo:ZT=F,-0.08999999999999986,0.044358579957198926,-2.028919773510329,2011-07-07,2011-07-07,derived:H15_5Y_nominal_minus_5Y_real,-0.08000000000000007,0.034139544147165655,-2.34332361484217,2011-07-07,2011-07-07,derived:H15_10Y_nominal_minus_10Y_real,-0.08000000000000002,0.04556580886863644,-1.75570240025005,2011-07-07,2011-07-07,federal_reserve_h15_real:RIFLGFCY05_XII_N.B,-0.06000000000000005,0.03856867087263128,-1.5556667793438705,2011-07-07,2011-07-07,federal_reserve_h15_real:RIFLGFCY10_XII_N.B,0.45183327919425004,0.27166681688061495,-1.6631890651290324,2011-07-07,2011-07-07,yahoo:TIP,0.7348103376555757,0.8824036055487923,0.8327372338858202,2011-07-07,2011-07-07,yahoo:GLD,0.716288818199951,0.8558837584351213,0.8368996503796233,2011-07-07,2011-07-07,yahoo:GC=F,0.29306164786785016,0.5766551388283583,0.5082095487144876,2011-07-07,2011-07-07,yahoo:DX-Y.NYB,0.23370463149820828,0.5562835405187393,0.4201178256690404,2011-07-07,yahoo:UUP,1,"{""alfred_employment_situation_release_dates"":""b796dbd0eac6d9fd3e17ef1280bf85abe0e8b6e91df1205809e70b9ba0cf5a4b"",""federal_reserve_h15_nominal"":""dd00d34890aea66542962d4e00c3650e37e7303bdcdea95963616a6ca09fce87"",""federal_reserve_h15_real"":""5be7cb777f2a50c090ec837ab67ad98e90e36ff23935d9d8e1e1bbdb97ea0142"",""philadelphia_fed_employ_first_releases"":""8af43817875de1075966ebb668f42ddd7367db908d7897a59744917ef167f755"",""yahoo_DX-Y.NYB"":""2abdecea5830986f7a96a4a77f51a66ae7015a1d96488f3b6807200e2e1f0585"",""yahoo_GC=F"":""dde2a4acfa0b6fafad13fd03b21e79cf06b521cf30e1ed0662dd6da52c3e6f78"",""yahoo_GLD"":""cffc9bd91365864e1969d125a13ee2eeae3f44374a8337e4a94eddc8ffad287e"",""yahoo_TIP"":""9198e3f8407f96f1376cec3bff2883b5a1730e9692a4acc4b4e124d9001589b9"",""yahoo_UUP"":""a4840dacc2e010d8281489df6cb8f77cc34ce1661bdac1c6031f392e01b7aedb"",""yahoo_ZT=F"":""1f36bff6184615be1adeb576578d5ad37ce794b249c13a30005be74f8262dee4""}"
NFP_201107_REL_20110805,nfp,2011:07,2011-08-05,2011-08-05T08:30:00 America/New_York,confirmation,confirmation_protocol_locked,117.0,46.5,70.5,235.6359204485804,0.2991903775357724,philadelphia_fed_employ_first_releases,0,0,,0.010000000000000009,0.032388880005684025,0.308747940597053,2011-08-04,2011-08-04,federal_reserve_h15_nominal:RIFLGFCY02_N.B,-0.009999999999999995,0.014153117482140706,-0.7065581143248916,2011-08-04,2011-08-04,federal_reserve_h15_nominal:RIFLGFCY01_N.B,-0.014190435670187598,0.06829816041843052,0.20777185773744872,2011-08-04,2011-08-04,yahoo:ZT=F,0.029999999999999805,0.04600908777830844,0.652045094755034,2011-08-04,2011-08-04,derived:H15_5Y_nominal_minus_5Y_real,0.029999999999999805,0.04010015709283515,0.7481267450037004,2011-08-04,2011-08-04,derived:H15_10Y_nominal_minus_10Y_real,0.08000000000000007,0.048587680659447074,1.646507899002695,2011-08-04,2011-08-04,federal_reserve_h15_real:RIFLGFCY05_XII_N.B,0.08000000000000002,0.0492026823943803,1.6259276142460324,2011-08-04,2011-08-04,federal_reserve_h15_real:RIFLGFCY10_XII_N.B,-1.1463391991487766,0.3545765764604552,3.2329806175919917,2011-08-04,2011-08-04,yahoo:TIP,0.6886100677144776,0.748879636188806,0.9195203533894286,2011-08-04,2011-08-04,yahoo:GLD,-0.44780119269876356,0.7619622766912849,-0.5876947014270547,2011-08-04,2011-08-04,yahoo:GC=F,-0.6946384707026269,0.600833613617277,-1.1561245159381217,2011-08-04,2011-08-04,yahoo:DX-Y.NYB,-0.8446971651994721,0.5982056550229551,-1.4120514543899763,2011-08-04,yahoo:UUP,1,"{""alfred_employment_situation_release_dates"":""b796dbd0eac6d9fd3e17ef1280bf85abe0e8b6e91df1205809e70b9ba0cf5a4b"",""federal_reserve_h15_nominal"":""dd00d34890aea66542962d4e00c3650e37e7303bdcdea95963616a6ca09fce87"",""federal_reserve_h15_real"":""5be7cb777f2a50c090ec837ab67ad98e90e36ff23935d9d8e1e1bbdb97ea0142"",""philadelphia_fed_employ_first_releases"":""8af43817875de1075966ebb668f42ddd7367db908d7897a59744917ef167f755"",""yahoo_DX-Y.NYB"":""2abdecea5830986f7a96a4a77f51a66ae7015a1d96488f3b6807200e2e1f0585"",""yahoo_GC=F"":""dde2a4acfa0b6fafad13fd03b21e79cf06b521cf30e1ed0662dd6da52c3e6f78"",""yahoo_GLD"":""cffc9bd91365864e1969d125a13ee2eeae3f44374a8337e4a94eddc8ffad287e"",""yahoo_TIP"":""9198e3f8407f96f1376cec3bff2883b5a1730e9692a4acc4b4e124d9001589b9"",""yahoo_UUP"":""a4840dacc2e010d8281489df6cb8f77cc34ce1661bdac1c6031f392e01b7aedb"",""yahoo_ZT=F"":""1f36bff6184615be1adeb576578d5ad37ce794b249c13a30005be74f8262dee4""}"
NFP_201108_REL_20110902,nfp,2011:08,2011-09-02,2011-09-02T08:30:00 America/New_York,confirmation,confirmation_protocol_locked,0.0,78.5,-78.5,235.72539263826303,-0.3330146112873962,philadelphia_fed_employ_first_releases,0,0,,0.010000000000000009,0.03176538285654053,0.3148081055771377,2011-09-01,2011-09-01,federal_reserve_h15_nominal:RIFLGFCY02_N.B,0.0,0.014434735256349661,0.0,2011-09-01,2011-09-01,federal_reserve_h15_nominal:RIFLGFCY01_N.B,-0.028340654858816847,0.06832754972326219,0.4147763965428463,2011-09-01,2011-09-01,yahoo:ZT=F,0.0,0.056553309683503,0.0,2011-09-01,2011-09-01,derived:H15_5Y_nominal_minus_5Y_real,-0.06000000000000005,0.04637235685433712,-1.293874283519156,2011-09-01,2011-09-01,derived:H15_10Y_nominal_minus_10Y_real,-0.020000000000000018,0.07004659466190212,-0.28552422992916576,2011-09-01,2011-09-01,federal_reserve_h15_real:RIFLGFCY05_XII_N.B,-0.07,0.07341142477935975,-0.953530056260141,2011-09-01,2011-09-01,federal_reserve_h15_real:RIFLGFCY10_XII_N.B,1.086367487991021,0.6378936426283794,-1.7030542638969535,2011-09-01,2011-09-01,yahoo:TIP,2.9743880060709684,1.4027214392826226,2.1204409676607816,2011-09-01,2011-09-01,yahoo:GLD,2.578727738981788,1.3406987069544178,1.9234207697863184,2011-09-01,2011-09-01,yahoo:GC=F,0.36185342303742074,0.5770288385891089,0.6270976402534528,2011-09-01,2011-09-01,yahoo:DX-Y.NYB,0.283137202446876,0.5894585152761063,0.48033440031696323,2011-09-01,yahoo:UUP,1,"{""alfred_employment_situation_release_dates"":""b796dbd0eac6d9fd3e17ef1280bf85abe0e8b6e91df1205809e70b9ba0cf5a4b"",""federal_reserve_h15_nominal"":""dd00d34890aea66542962d4e00c3650e37e7303bdcdea95963616a6ca09fce87"",""federal_reserve_h15_real"":""5be7cb777f2a50c090ec837ab67ad98e90e36ff23935d9d8e1e1bbdb97ea0142"",""philadelphia_fed_employ_first_releases"":""8af43817875de1075966ebb668f42ddd7367db908d7897a59744917ef167f755"",""yahoo_DX-Y.NYB"":""2abdecea5830986f7a96a4a77f51a66ae7015a1d96488f3b6807200e2e1f0585"",""yahoo_GC=F"":""dde2a4acfa0b6fafad13fd03b21e79cf06b521cf30e1ed0662dd6da52c3e6f78"",""yahoo_GLD"":""cffc9bd91365864e1969d125a13ee2eeae3f44374a8337e4a94eddc8ffad287e"",""yahoo_TIP"":""9198e3f8407f96f1376cec3bff2883b5a1730e9692a4acc4b4e124d9001589b9"",""yahoo_UUP"":""a4840dacc2e010d8281489df6cb8f77cc34ce1661bdac1c6031f392e01b7aedb"",""yahoo_ZT=F"":""1f36bff6184615be1adeb576578d5ad37ce794b249c13a30005be74f8262dee4""}"
NFP_201109_REL_20111007,nfp,2011:09,2011-10-07,2011-10-07T08:30:00 America/New_York,confirmation,confirmation_protocol_locked,103.0,78.5,24.5,235.96928604121823,0.10382707178136917,philadelphia_fed_employ_first_releases,0,0,,0.010000000000000009,0.022808463093785276,0.4384337497393568,2011-10-06,2011-10-06,federal_reserve_h15_nominal:RIFLGFCY02_N.B,0.020000000000000004,0.014032850884791809,1.4252271448045621,2011-10-06,2011-10-06,federal_reserve_h15_nominal:RIFLGFCY01_N.B,-0.04969296946756206,0.03949539481590386,1.258196549222794,2011-10-06,2011-10-06,yahoo:ZT=F,0.050000000000000044,0.06288250185503139,0.7951337578022815,2011-10-06,2011-10-06,derived:H15_5Y_nominal_minus_5Y_real,0.060000000000000275,0.05303101107458936,1.1314134651441752,2011-10-06,2011-10-06,derived:H15_10Y_nominal_minus_10Y_real,0.019999999999999907,0.07254279858896157,0.2756993166657785,2011-10-06,2011-10-06,federal_reserve_h15_real:RIFLGFCY05_XII_N.B,0.03,0.0751352828866923,0.39927979036482064,2011-10-06,2011-10-06,federal_reserve_h15_real:RIFLGFCY10_XII_N.B,-0.3389596456970388,0.6689380139060265,0.5067130864903372,2011-10-06,2011-10-06,yahoo:TIP,-0.8196078194995479,1.881736329702081,-0.435559332390266,2011-10-06,2011-10-06,yahoo:GLD,-1.0589208176212384,1.9494075355073703,-0.5432013564806674,2011-10-06,2011-10-06,yahoo:GC=F,0.2416566408531998,0.6456899912300709,0.37426109144549713,2011-10-06,2011-10-06,yahoo:DX-Y.NYB,0.2697799280064788,0.6025805208200853,0.44770768168761965,2011-10-06,yahoo:UUP,1,"{""alfred_employment_situation_release_dates"":""b796dbd0eac6d9fd3e17ef1280bf85abe0e8b6e91df1205809e70b9ba0cf5a4b"",""federal_reserve_h15_nominal"":""dd00d34890aea66542962d4e00c3650e37e7303bdcdea95963616a6ca09fce87"",""federal_reserve_h15_real"":""5be7cb777f2a50c090ec837ab67ad98e90e36ff23935d9d8e1e1bbdb97ea0142"",""philadelphia_fed_employ_first_releases"":""8af43817875de1075966ebb668f42ddd7367db908d7897a59744917ef167f755"",""yahoo_DX-Y.NYB"":""2abdecea5830986f7a96a4a77f51a66ae7015a1d96488f3b6807200e2e1f0585"",""yahoo_GC=F"":""dde2a4acfa0b6fafad13fd03b21e79cf06b521cf30e1ed0662dd6da52c3e6f78"",""yahoo_GLD"":""cffc9bd91365864e1969d125a13ee2eeae3f44374a8337e4a94eddc8ffad287e"",""yahoo_TIP"":""9198e3f8407f96f1376cec3bff2883b5a1730e9692a4acc4b4e124d9001589b9"",""yahoo_UUP"":""a4840dacc2e010d8281489df6cb8f77cc34ce1661bdac1c6031f392e01b7aedb"",""yahoo_ZT=F"":""1f36bff6184615be1adeb576578d5ad37ce794b249c13a30005be74f8262dee4""}"
NFP_201110_REL_20111104,nfp,2011:10,2011-11-04,2011-11-04T08:30:00 America/New_York,confirmation,confirmation_protocol_locked,80.0,103.0,-23.0,235.76682438423347,-0.09755401363219994,philadelphia_fed_employ_first_releases,0,0,,-0.01999999999999999,0.017783220682798355,-1.124655671587426,2011-11-03,2011-11-03,federal_reserve_h15_nominal:RIFLGFCY02_N.B,0.0,0.012350804543889274,0.0,2011-11-03,2011-11-03,federal_reserve_h15_nominal:RIFLGFCY01_N.B,0.02126679198460579,0.029703606060514757,-0.7159666722376818,2011-11-03,2011-11-03,yahoo:ZT=F,0.020000000000000018,0.06259546381644186,0.31951197068607146,2011-11-03,2011-11-03,derived:H15_5Y_nominal_minus_5Y_real,0.03000000000000025,0.05460153554265501,0.5494350974170696,2011-11-03,2011-11-03,derived:H15_10Y_nominal_minus_10Y_real,-0.050000000000000044,0.06406740800408256,-0.7804280141443197,2011-11-03,2011-11-03,federal_reserve_h15_real:RIFLGFCY05_XII_N.B,-0.06,0.06699354889256381,-0.8956086219020994,2011-11-03,2011-11-03,federal_reserve_h15_real:RIFLGFCY10_XII_N.B,0.5380489645862016,0.5931934866659505,-0.9070378833899724,2011-11-03,2011-11-03,yahoo:TIP,-0.5079236179332056,1.8590540253640504,-0.27321616854773284,2011-11-03,2011-11-03,yahoo:GLD,-0.5057491867623223,1.9877441045219053,-0.25443375010485353,2011-11-03,2011-11-03,yahoo:GC=F,0.31254809959587054,0.7115722208465581,0.4392359488458273,2011-11-03,2011-11-03,yahoo:DX-Y.NYB,0.2767378857545071,0.6656813097384934,0.41572127939602355,2011-11-03,yahoo:UUP,1,"{""alfred_employment_situation_release_dates"":""b796dbd0eac6d9fd3e17ef1280bf85abe0e8b6e91df1205809e70b9ba0cf5a4b"",""federal_reserve_h15_nominal"":""dd00d34890aea66542962d4e00c3650e37e7303bdcdea95963616a6ca09fce87"",""federal_reserve_h15_real"":""5be7cb777f2a50c090ec837ab67ad98e90e36ff23935d9d8e1e1bbdb97ea0142"",""philadelphia_fed_employ_first_releases"":""8af43817875de1075966ebb668f42ddd7367db908d7897a59744917ef167f755"",""yahoo_DX-Y.NYB"":""2abdecea5830986f7a96a4a77f51a66ae7015a1d96488f3b6807200e2e1f0585"",""yahoo_GC=F"":""dde2a4acfa0b6fafad13fd03b21e79cf06b521cf30e1ed0662dd6da52c3e6f78"",""yahoo_GLD"":""cffc9bd91365864e1969d125a13ee2eeae3f44374a8337e4a94eddc8ffad287e"",""yahoo_TIP"":""9198e3f8407f96f1376cec3bff2883b5a1730e9692a4acc4b4e124d9001589b9"",""yahoo_UUP"":""a4840dacc2e010d8281489df6cb8f77cc34ce1661bdac1c6031f392e01b7aedb"",""yahoo_ZT=F"":""1f36bff6184615be1adeb576578d5ad37ce794b249c13a30005be74f8262dee4""}"
NFP_201111_REL_20111202,nfp,2011:11,2011-12-02,2011-12-02T08:30:00 America/New_York,confirmation,confirmation_protocol_locked,120.0,91.5,28.5,235.7443571048513,0.12089366782732425,philadelphia_fed_employ_first_releases,0,0,,-0.020000000000000018,0.019053151940559766,-1.0496950878465747,2011-12-01,2011-12-01,federal_reserve_h15_nominal:RIFLGFCY02_N.B,0.0,0.012751426196959193,0.0,2011-12-01,2011-12-01,federal_reserve_h15_nominal:RIFLGFCY01_N.B,0.014180374385640706,0.031021751574972393,-0.45711069381011654,2011-12-01,2011-12-01,yahoo:ZT=F,0.0,0.056022594311994585,0.0,2011-12-01,2011-12-01,derived:H15_5Y_nominal_minus_5Y_real,0.0,0.04999745756247875,0.0,2011-12-01,2011-12-01,derived:H15_10Y_nominal_minus_10Y_real,-0.04999999999999993,0.05159462810911145,-0.969093136871939,2011-12-01,2011-12-01,federal_reserve_h15_real:RIFLGFCY05_XII_N.B,-0.06,0.04887549037423598,-1.2276091664878341,2011-12-01,2011-12-01,federal_reserve_h15_real:RIFLGFCY10_XII_N.B,0.45406570431165866,0.4126326380225152,-1.1004115100727507,2011-12-01,2011-12-01,yahoo:TIP,0.11194724078150643,1.598258104065545,0.07004328055446259,2011-12-01,2011-12-01,yahoo:GLD,0.6719693899452696,1.8067858609199234,0.3719142397999157,2011-12-01,2011-12-01,yahoo:GC=F,0.3950276747233969,0.7281907931986241,0.5424782603858707,2011-12-01,2011-12-01,yahoo:DX-Y.NYB,0.3169643572448084,0.6984860552091093,0.45378766674148874,2011-12-01,yahoo:UUP,1,"{""alfred_employment_situation_release_dates"":""b796dbd0eac6d9fd3e17ef1280bf85abe0e8b6e91df1205809e70b9ba0cf5a4b"",""federal_reserve_h15_nominal"":""dd00d34890aea66542962d4e00c3650e37e7303bdcdea95963616a6ca09fce87"",""federal_reserve_h15_real"":""5be7cb777f2a50c090ec837ab67ad98e90e36ff23935d9d8e1e1bbdb97ea0142"",""philadelphia_fed_employ_first_releases"":""8af43817875de1075966ebb668f42ddd7367db908d7897a59744917ef167f755"",""yahoo_DX-Y.NYB"":""2abdecea5830986f7a96a4a77f51a66ae7015a1d96488f3b6807200e2e1f0585"",""yahoo_GC=F"":""dde2a4acfa0b6fafad13fd03b21e79cf06b521cf30e1ed0662dd6da52c3e6f78"",""yahoo_GLD"":""cffc9bd91365864e1969d125a13ee2eeae3f44374a8337e4a94eddc8ffad287e"",""yahoo_TIP"":""9198e3f8407f96f1376cec3bff2883b5a1730e9692a4acc4b4e124d9001589b9"",""yahoo_UUP"":""a4840dacc2e010d8281489df6cb8f77cc34ce1661bdac1c6031f392e01b7aedb"",""yahoo_ZT=F"":""1f36bff6184615be1adeb576578d5ad37ce794b249c13a30005be74f8262dee4""}"
NFP_201112_REL_20120106,nfp,2011:12,2012-01-06,2012-01-06T08:30:00 America/New_York,confirmation,confirmation_protocol_locked,200.0,103.0,97.0,235.763380104513,0.41142945930364705,philadelphia_fed_employ_first_releases,0,0,,-0.020000000000000018,0.017463440423136255,-1.1452497054076027,2012-01-05,2012-01-05,federal_reserve_h15_nominal:RIFLGFCY02_N.B,0.009999999999999995,0.010730388759865745,0.9319326842474169,2012-01-05,2012-01-05,federal_reserve_h15_nominal:RIFLGFCY01_N.B,0.007085916743441566,0.027465760264706644,-0.2579909194265753,2012-01-05,2012-01-05,yahoo:ZT=F,-0.030000000000000027,0.047652224116790556,-0.6295613805238808,2012-01-05,2012-01-05,derived:H15_5Y_nominal_minus_5Y_real,-0.03000000000000025,0.04279236428006712,-0.7010596517560117,2012-01-05,2012-01-05,derived:H15_10Y_nominal_minus_10Y_real,0.010000000000000009,0.043471855951719,0.23003388700740718,2012-01-05,2012-01-05,federal_reserve_h15_real:RIFLGFCY05_XII_N.B,-0.009999999999999995,0.04442062685729998,-0.22512064118601288,2012-01-05,2012-01-05,federal_reserve_h15_real:RIFLGFCY10_XII_N.B,0.3328494546637419,0.3710825339579478,-0.896968798594712,2012-01-05,2012-01-05,yahoo:TIP,-0.3682789348313295,1.3772556250754586,-0.26740056684186847,2012-01-05,2012-01-05,yahoo:GLD,-0.20399010801860334,1.4438771236503685,-0.14127940991466187,2012-01-05,2012-01-05,yahoo:GC=F,0.36995408059998347,0.6258930524737273,0.591081941455985,2012-01-05,2012-01-05,yahoo:DX-Y.NYB,0.3527417217784215,0.6463870761544823,0.5457128318173838,2012-01-05,yahoo:UUP,1,"{""alfred_employment_situation_release_dates"":""b796dbd0eac6d9fd3e17ef1280bf85abe0e8b6e91df1205809e70b9ba0cf5a4b"",""federal_reserve_h15_nominal"":""dd00d34890aea66542962d4e00c3650e37e7303bdcdea95963616a6ca09fce87"",""federal_reserve_h15_real"":""5be7cb777f2a50c090ec837ab67ad98e90e36ff23935d9d8e1e1bbdb97ea0142"",""philadelphia_fed_employ_first_releases"":""8af43817875de1075966ebb668f42ddd7367db908d7897a59744917ef167f755"",""yahoo_DX-Y.NYB"":""2abdecea5830986f7a96a4a77f51a66ae7015a1d96488f3b6807200e2e1f0585"",""yahoo_GC=F"":""dde2a4acfa0b6fafad13fd03b21e79cf06b521cf30e1ed0662dd6da52c3e6f78"",""yahoo_GLD"":""cffc9bd91365864e1969d125a13ee2eeae3f44374a8337e4a94eddc8ffad287e"",""yahoo_TIP"":""9198e3f8407f96f1376cec3bff2883b5a1730e9692a4acc4b4e124d9001589b9"",""yahoo_UUP"":""a4840dacc2e010d8281489df6cb8f77cc34ce1661bdac1c6031f392e01b7aedb"",""yahoo_ZT=F"":""1f36bff6184615be1adeb576578d5ad37ce794b249c13a30005be74f8262dee4""}"
NFP_201201_REL_20120203,nfp,2012:01,2012-02-03,2012-02-03T08:30:00 America/New_York,confirmation,confirmation_protocol_locked,243.0,110.0,133.0,236.01290841361433,0.5635284989027657,philadelphia_fed_employ_first_releases,0,0,,0.0,0.016311757916536274,0.0,2012-02-02,2012-02-02,federal_reserve_h15_nominal:RIFLGFCY02_N.B,0.0,0.008320894671583893,0.0,2012-02-02,2012-02-02,federal_reserve_h15_nominal:RIFLGFCY01_N.B,-0.03539948353721445,0.022089374627736028,1.6025570725196485,2012-02-02,2012-02-02,yahoo:ZT=F,-0.009999999999999787,0.04071257943552318,-0.2456243288597536,2012-02-02,2012-02-02,derived:H15_5Y_nominal_minus_5Y_real,0.020000000000000018,0.03804955139790641,0.5256303757920382,2012-02-02,2012-02-02,derived:H15_10Y_nominal_minus_10Y_real,0.07999999999999985,0.0420371103201421,1.9030803828032825,2012-02-02,2012-02-02,federal_reserve_h15_real:RIFLGFCY05_XII_N.B,0.09,0.04123105625617661,2.1828206253269964,2012-02-02,2012-02-02,federal_reserve_h15_real:RIFLGFCY10_XII_N.B,-0.8417887167147383,0.2903142453829031,2.899577716568751,2012-02-02,2012-02-02,yahoo:TIP,-2.0137109848909707,1.328391906905479,-1.5159012746335974,2012-02-02,2012-02-02,yahoo:GLD,-1.0816498290285133,1.341919591168341,-0.8060466783160799,2012-02-02,2012-02-02,yahoo:GC=F,-0.037994780523148225,0.5450540784091508,-0.0697082767164014,2012-02-02,2012-02-02,yahoo:DX-Y.NYB,0.0,0.5670497035702932,0.0,2012-02-02,yahoo:UUP,1,"{""alfred_employment_situation_release_dates"":""b796dbd0eac6d9fd3e17ef1280bf85abe0e8b6e91df1205809e70b9ba0cf5a4b"",""federal_reserve_h15_nominal"":""dd00d34890aea66542962d4e00c3650e37e7303bdcdea95963616a6ca09fce87"",""federal_reserve_h15_real"":""5be7cb777f2a50c090ec837ab67ad98e90e36ff23935d9d8e1e1bbdb97ea0142"",""philadelphia_fed_employ_first_releases"":""8af43817875de1075966ebb668f42ddd7367db908d7897a59744917ef167f755"",""yahoo_DX-Y.NYB"":""2abdecea5830986f7a96a4a77f51a66ae7015a1d96488f3b6807200e2e1f0585"",""yahoo_GC=F"":""dde2a4acfa0b6fafad13fd03b21e79cf06b521cf30e1ed0662dd6da52c3e6f78"",""yahoo_GLD"":""cffc9bd91365864e1969d125a13ee2eeae3f44374a8337e4a94eddc8ffad287e"",""yahoo_TIP"":""9198e3f8407f96f1376cec3bff2883b5a1730e9692a4acc4b4e124d9001589b9"",""yahoo_UUP"":""a4840dacc2e010d8281489df6cb8f77cc34ce1661bdac1c6031f392e01b7aedb"",""yahoo_ZT=F"":""1f36bff6184615be1adeb576578d5ad37ce794b249c13a30005be74f8262dee4""}"
NFP_201202_REL_20120309,nfp,2012:02,2012-03-09,2012-03-09T08:30:00 America/New_York,confirmation,confirmation_protocol_locked,227.0,118.5,108.5,236.54990097169247,0.458677004531843,philadelphia_fed_employ_first_releases,0,0,,0.010000000000000009,0.015089188706461627,0.6627261541051388,2012-03-08,2012-03-08,federal_reserve_h15_nominal:RIFLGFCY02_N.B,0.0,0.007385663314751763,0.0,2012-03-08,2012-03-08,federal_reserve_h15_nominal:RIFLGFCY01_N.B,-0.02836477114465044,0.024236587233390495,1.1703285974839144,2012-03-08,2012-03-08,yahoo:ZT=F,0.05999999999999961,0.033400074427333414,1.79640318258985,2012-03-08,2012-03-08,derived:H15_5Y_nominal_minus_5Y_real,0.04000000000000048,0.03075141813826029,1.3007530195894703,2012-03-08,2012-03-08,derived:H15_10Y_nominal_minus_10Y_real,-0.04999999999999982,0.03742072600128538,-1.3361579355323665,2012-03-08,2012-03-08,federal_reserve_h15_real:RIFLGFCY05_XII_N.B,-0.03,0.04179719667295301,-0.7177514854581867,2012-03-08,2012-03-08,federal_reserve_h15_real:RIFLGFCY10_XII_N.B,0.1772107333650674,0.29862096303272684,-0.5934303190417556,2012-03-08,2012-03-08,yahoo:TIP,0.6633360217432702,1.3915564734309416,0.47668638277236935,2012-03-08,2012-03-08,yahoo:GLD,0.750959752534856,1.315442780405578,0.5708798312788032,2012-03-08,2012-03-08,yahoo:GC=F,1.105535415742195,0.49719616668395894,2.2235397008700692,2012-03-08,2012-03-08,yahoo:DX-Y.NYB,0.9478743954543739,0.5059215664430075,1.8735599711999091,2012-03-08,yahoo:UUP,1,"{""alfred_employment_situation_release_dates"":""b796dbd0eac6d9fd3e17ef1280bf85abe0e8b6e91df1205809e70b9ba0cf5a4b"",""federal_reserve_h15_nominal"":""dd00d34890aea66542962d4e00c3650e37e7303bdcdea95963616a6ca09fce87"",""federal_reserve_h15_real"":""5be7cb777f2a50c090ec837ab67ad98e90e36ff23935d9d8e1e1bbdb97ea0142"",""philadelphia_fed_employ_first_releases"":""8af43817875de1075966ebb668f42ddd7367db908d7897a59744917ef167f755"",""yahoo_DX-Y.NYB"":""2abdecea5830986f7a96a4a77f51a66ae7015a1d96488f3b6807200e2e1f0585"",""yahoo_GC=F"":""dde2a4acfa0b6fafad13fd03b21e79cf06b521cf30e1ed0662dd6da52c3e6f78"",""yahoo_GLD"":""cffc9bd91365864e1969d125a13ee2eeae3f44374a8337e4a94eddc8ffad287e"",""yahoo_TIP"":""9198e3f8407f96f1376cec3bff2883b5a1730e9692a4acc4b4e124d9001589b9"",""yahoo_UUP"":""a4840dacc2e010d8281489df6cb8f77cc34ce1661bdac1c6031f392e01b7aedb"",""yahoo_ZT=F"":""1f36bff6184615be1adeb576578d5ad37ce794b249c13a30005be74f8262dee4""}"
NFP_201203_REL_20120406,nfp,2012:03,2012-04-06,2012-04-06T08:30:00 America/New_York,confirmation,confirmation_protocol_locked,120.0,118.5,1.5,236.8454650057402,0.006333243492602427,philadelphia_fed_employ_first_releases,0,0,,-0.02999999999999997,0.01620751726265343,-1.8509929382662578,2012-04-05,2012-04-05,federal_reserve_h15_nominal:RIFLGFCY02_N.B,0.0,0.00832937759220017,0.0,2012-04-05,2012-04-05,federal_reserve_h15_nominal:RIFLGFCY01_N.B,,,,,,yahoo:ZT=F,-0.09999999999999987,0.031905138349603554,-3.1342913766503835,2012-04-05,2012-04-05,derived:H15_5Y_nominal_minus_5Y_real,-0.040000000000000036,0.025676716793833584,-1.557831568621977,2012-04-05,2012-04-05,derived:H15_10Y_nominal_minus_10Y_real,-0.020000000000000018,0.040007061523578684,-0.4999117465353649,2012-04-05,2012-04-05,federal_reserve_h15_real:RIFLGFCY05_XII_N.B,-0.08,0.04532369455522788,-1.7650811740979833,2012-04-05,2012-04-05,federal_reserve_h15_real:RIFLGFCY10_XII_N.B,,,,,,yahoo:TIP,,,,,,yahoo:GLD,,,,,,yahoo:GC=F,,,,,,yahoo:DX-Y.NYB,,,,,yahoo:UUP,0,"{""alfred_employment_situation_release_dates"":""b796dbd0eac6d9fd3e17ef1280bf85abe0e8b6e91df1205809e70b9ba0cf5a4b"",""federal_reserve_h15_nominal"":""dd00d34890aea66542962d4e00c3650e37e7303bdcdea95963616a6ca09fce87"",""federal_reserve_h15_real"":""5be7cb777f2a50c090ec837ab67ad98e90e36ff23935d9d8e1e1bbdb97ea0142"",""philadelphia_fed_employ_first_releases"":""8af43817875de1075966ebb668f42ddd7367db908d7897a59744917ef167f755"",""yahoo_DX-Y.NYB"":""2abdecea5830986f7a96a4a77f51a66ae7015a1d96488f3b6807200e2e1f0585"",""yahoo_GC=F"":""dde2a4acfa0b6fafad13fd03b21e79cf06b521cf30e1ed0662dd6da52c3e6f78"",""yahoo_GLD"":""cffc9bd91365864e1969d125a13ee2eeae3f44374a8337e4a94eddc8ffad287e"",""yahoo_TIP"":""9198e3f8407f96f1376cec3bff2883b5a1730e9692a4acc4b4e124d9001589b9"",""yahoo_UUP"":""a4840dacc2e010d8281489df6cb8f77cc34ce1661bdac1c6031f392e01b7aedb"",""yahoo_ZT=F"":""1f36bff6184615be1adeb576578d5ad37ce794b249c13a30005be74f8262dee4""}"
NFP_201204_REL_20120504,nfp,2012:04,2012-05-04,2012-05-04T08:30:00 America/New_York,confirmation,confirmation_protocol_locked,115.0,118.5,-3.5,236.75091487065134,-0.014783469799524204,philadelphia_fed_employ_first_releases,0,0,,-0.010000000000000009,0.016311757916536263,-0.6130547088283094,2012-05-03,2012-05-03,federal_reserve_h15_nominal:RIFLGFCY02_N.B,-0.010000000000000009,0.008994662573007385,-1.1117704437306632,2012-05-03,2012-05-03,federal_reserve_h15_nominal:RIFLGFCY01_N.B,0.014169323438502536,0.030702688709833895,-0.46150106176089334,2012-05-03,2012-05-03,yahoo:ZT=F,-0.07999999999999985,0.03719698669528271,-2.150711848122509,2012-05-03,2012-05-03,derived:H15_5Y_nominal_minus_5Y_real,-0.020000000000000018,0.02652096495078761,-0.754120373716118,2012-05-03,2012-05-03,derived:H15_10Y_nominal_minus_10Y_real,0.040000000000000036,0.0360398398511588,1.109882845351043,2012-05-03,2012-05-03,federal_reserve_h15_real:RIFLGFCY05_XII_N.B,-0.02999999999999997,0.03726678895909914,-0.8050063028753408,2012-05-03,2012-05-03,federal_reserve_h15_real:RIFLGFCY10_XII_N.B,0.2098067980081214,0.2952418456639169,-0.710626901604426,2012-05-03,2012-05-03,yahoo:TIP,0.31403115630244816,1.11770845123375,0.28095981197584574,2012-05-03,2012-05-03,yahoo:GLD,0.6404608987367542,1.143207077717559,0.5602317473536379,2012-05-03,2012-05-03,yahoo:GC=F,0.31507997098430957,0.4196170028304507,0.7508751286506374,2012-05-03,2012-05-03,yahoo:DX-Y.NYB,0.4097522047704771,0.41971728130608443,0.9762576453735766,2012-05-03,yahoo:UUP,1,"{""alfred_employment_situation_release_dates"":""b796dbd0eac6d9fd3e17ef1280bf85abe0e8b6e91df1205809e70b9ba0cf5a4b"",""federal_reserve_h15_nominal"":""dd00d34890aea66542962d4e00c3650e37e7303bdcdea95963616a6ca09fce87"",""federal_reserve_h15_real"":""5be7cb777f2a50c090ec837ab67ad98e90e36ff23935d9d8e1e1bbdb97ea0142"",""philadelphia_fed_employ_first_releases"":""8af43817875de1075966ebb668f42ddd7367db908d7897a59744917ef167f755"",""yahoo_DX-Y.NYB"":""2abdecea5830986f7a96a4a77f51a66ae7015a1d96488f3b6807200e2e1f0585"",""yahoo_GC=F"":""dde2a4acfa0b6fafad13fd03b21e79cf06b521cf30e1ed0662dd6da52c3e6f78"",""yahoo_GLD"":""cffc9bd91365864e1969d125a13ee2eeae3f44374a8337e4a94eddc8ffad287e"",""yahoo_TIP"":""9198e3f8407f96f1376cec3bff2883b5a1730e9692a4acc4b4e124d9001589b9"",""yahoo_UUP"":""a4840dacc2e010d8281489df6cb8f77cc34ce1661bdac1c6031f392e01b7aedb"",""yahoo_ZT=F"":""1f36bff6184615be1adeb576578d5ad37ce794b249c13a30005be74f8262dee4""}"
NFP_201205_REL_20120601,nfp,2012:05,2012-06-01,2012-06-01T08:30:00 America/New_York,confirmation,confirmation_protocol_locked,69.0,116.0,-47.0,236.7021293157264,-0.19856179636351642,philadelphia_fed_employ_first_releases,0,0,,-0.020000000000000018,0.01620054403773663,-1.2345264426560707,2012-05-31,2012-05-31,federal_reserve_h15_nominal:RIFLGFCY02_N.B,-0.009999999999999981,0.008233869695926183,-1.2144957801491096,2012-05-31,2012-05-31,federal_reserve_h15_nominal:RIFLGFCY01_N.B,0.021254738115370507,0.028391867536602305,-0.7486206424416875,2012-05-31,2012-05-31,yahoo:ZT=F,-0.07000000000000028,0.035813389535989136,-1.954576232714772,2012-05-31,2012-05-31,derived:H15_5Y_nominal_minus_5Y_real,-0.029999999999999805,0.02807324962722999,-1.0686329654868647,2012-05-31,2012-05-31,derived:H15_10Y_nominal_minus_10Y_real,0.020000000000000018,0.03397240488669164,0.5887131060254973,2012-05-31,2012-05-31,federal_reserve_h15_real:RIFLGFCY05_XII_N.B,-0.08999999999999997,0.03757328056517528,-2.395319190824564,2012-05-31,2012-05-31,federal_reserve_h15_real:RIFLGFCY10_XII_N.B,0.4173851093787831,0.28510033569310383,-1.4639937493026216,2012-05-31,2012-05-31,yahoo:TIP,3.804809984180762,0.9203970823613951,4.133878797637038,2012-05-31,2012-05-31,yahoo:GLD,3.6383658642958387,1.0846459524879204,3.3544271805470633,2012-05-31,2012-05-31,yahoo:GC=F,-0.18080102026722514,0.38906752800071775,-0.46470344414579773,2012-05-31,2012-05-31,yahoo:DX-Y.NYB,-0.3049513049070539,0.41282400451510454,-0.7386956707259407,2012-05-31,yahoo:UUP,1,"{""alfred_employment_situation_release_dates"":""b796dbd0eac6d9fd3e17ef1280bf85abe0e8b6e91df1205809e70b9ba0cf5a4b"",""federal_reserve_h15_nominal"":""dd00d34890aea66542962d4e00c3650e37e7303bdcdea95963616a6ca09fce87"",""federal_reserve_h15_real"":""5be7cb777f2a50c090ec837ab67ad98e90e36ff23935d9d8e1e1bbdb97ea0142"",""philadelphia_fed_employ_first_releases"":""8af43817875de1075966ebb668f42ddd7367db908d7897a59744917ef167f755"",""yahoo_DX-Y.NYB"":""2abdecea5830986f7a96a4a77f51a66ae7015a1d96488f3b6807200e2e1f0585"",""yahoo_GC=F"":""dde2a4acfa0b6fafad13fd03b21e79cf06b521cf30e1ed0662dd6da52c3e6f78"",""yahoo_GLD"":""cffc9bd91365864e1969d125a13ee2eeae3f44374a8337e4a94eddc8ffad287e"",""yahoo_TIP"":""9198e3f8407f96f1376cec3bff2883b5a1730e9692a4acc4b4e124d9001589b9"",""yahoo_UUP"":""a4840dacc2e010d8281489df6cb8f77cc34ce1661bdac1c6031f392e01b7aedb"",""yahoo_ZT=F"":""1f36bff6184615be1adeb576578d5ad37ce794b249c13a30005be74f8262dee4""}"
NFP_201206_REL_20120706,nfp,2012:06,2012-07-06,2012-07-06T08:30:00 America/New_York,confirmation,confirmation_protocol_locked,80.0,116.0,-36.0,236.7740340922944,-0.15204369912440321,philadelphia_fed_employ_first_releases,0,0,,-0.010000000000000009,0.012350804543889269,-0.8096638534327424,2012-07-05,2012-07-05,federal_reserve_h15_nominal:RIFLGFCY02_N.B,0.010000000000000009,0.00843720573874823,1.1852265204432053,2012-07-05,2012-07-05,federal_reserve_h15_nominal:RIFLGFCY01_N.B,0.03545973584193696,0.015969174126651435,-2.2205115656392738,2012-07-05,2012-07-05,yahoo:ZT=F,-0.040000000000000036,0.03751120359946114,-1.0663480816855113,2012-07-05,2012-07-05,derived:H15_5Y_nominal_minus_5Y_real,-0.029999999999999805,0.027358263400135384,-1.0965608292173745,2012-07-05,2012-07-05,derived:H15_10Y_nominal_minus_10Y_real,0.0,0.03527935328717892,0.0,2012-07-05,2012-07-05,federal_reserve_h15_real:RIFLGFCY05_XII_N.B,-0.020000000000000018,0.033366226708241416,-0.5994085029416899,2012-07-05,2012-07-05,federal_reserve_h15_real:RIFLGFCY10_XII_N.B,0.14983246515028179,0.24755493364542874,-0.6052493599860377,2012-07-05,2012-07-05,yahoo:TIP,-1.2734817475435407,1.0476830216344881,-1.215521986370252,2012-07-05,2012-07-05,yahoo:GLD,-1.9139039655363514,1.217938456257157,-1.5714291273944696,2012-07-05,2012-07-05,yahoo:GC=F,0.5779707375706923,0.42729459995310387,1.352628228005047,2012-07-05,2012-07-05,yahoo:DX-Y.NYB,0.6557442434095859,0.47207027437926624,1.3890818359021566,2012-07-05,yahoo:UUP,1,"{""alfred_employment_situation_release_dates"":""b796dbd0eac6d9fd3e17ef1280bf85abe0e8b6e91df1205809e70b9ba0cf5a4b"",""federal_reserve_h15_nominal"":""dd00d34890aea66542962d4e00c3650e37e7303bdcdea95963616a6ca09fce87"",""federal_reserve_h15_real"":""5be7cb777f2a50c090ec837ab67ad98e90e36ff23935d9d8e1e1bbdb97ea0142"",""philadelphia_fed_employ_first_releases"":""8af43817875de1075966ebb668f42ddd7367db908d7897a59744917ef167f755"",""yahoo_DX-Y.NYB"":""2abdecea5830986f7a96a4a77f51a66ae7015a1d96488f3b6807200e2e1f0585"",""yahoo_GC=F"":""dde2a4acfa0b6fafad13fd03b21e79cf06b521cf30e1ed0662dd6da52c3e6f78"",""yahoo_GLD"":""cffc9bd91365864e1969d125a13ee2eeae3f44374a8337e4a94eddc8ffad287e"",""yahoo_TIP"":""9198e3f8407f96f1376cec3bff2883b5a1730e9692a4acc4b4e124d9001589b9"",""yahoo_UUP"":""a4840dacc2e010d8281489df6cb8f77cc34ce1661bdac1c6031f392e01b7aedb"",""yahoo_ZT=F"":""1f36bff6184615be1adeb576578d5ad37ce794b249c13a30005be74f8262dee4""}"
NFP_201207_REL_20120803,nfp,2012:07,2012-08-03,2012-08-03T08:30:00 America/New_York,confirmation,confirmation_protocol_locked,163.0,116.0,47.0,236.8442096843766,0.19844268121493513,philadelphia_fed_employ_first_releases,0,0,,0.0,0.012679223630191508,0.0,2012-08-02,2012-08-02,federal_reserve_h15_nominal:RIFLGFCY02_N.B,-0.010000000000000009,0.008731720211568126,-1.145249705407603,2012-08-02,2012-08-02,federal_reserve_h15_nominal:RIFLGFCY01_N.B,-0.021254738115370327,0.020131435200250288,1.0557984517222136,2012-08-02,2012-08-02,yahoo:ZT=F,0.040000000000000036,0.036069612545084874,1.1089667223345527,2012-08-02,2012-08-02,derived:H15_5Y_nominal_minus_5Y_real,0.06000000000000005,0.027486000545526825,2.182929448051862,2012-08-02,2012-08-02,derived:H15_10Y_nominal_minus_10Y_real,0.020000000000000018,0.03343937933627776,0.5980972253962379,2012-08-02,2012-08-02,federal_reserve_h15_real:RIFLGFCY05_XII_N.B,0.029999999999999916,0.03367298704447194,0.890921852592967,2012-08-02,2012-08-02,federal_reserve_h15_real:RIFLGFCY10_XII_N.B,-0.18130889831009714,0.24277265911816634,0.7468258533257959,2012-08-02,2012-08-02,yahoo:TIP,0.9170809124329653,1.0515577363690352,0.8721165569087912,2012-08-02,2012-08-02,yahoo:GLD,1.1649142470026141,1.2379442540944363,0.9410070309302869,2012-08-02,2012-08-02,yahoo:GC=F,-1.1465994700114803,0.4426782349844917,-2.590141957287891,2012-08-02,2012-08-02,yahoo:DX-Y.NYB,-1.229710261243704,0.4944592291896681,-2.4869800959302215,2012-08-02,yahoo:UUP,1,"{""alfred_employment_situation_release_dates"":""b796dbd0eac6d9fd3e17ef1280bf85abe0e8b6e91df1205809e70b9ba0cf5a4b"",""federal_reserve_h15_nominal"":""dd00d34890aea66542962d4e00c3650e37e7303bdcdea95963616a6ca09fce87"",""federal_reserve_h15_real"":""5be7cb777f2a50c090ec837ab67ad98e90e36ff23935d9d8e1e1bbdb97ea0142"",""philadelphia_fed_employ_first_releases"":""8af43817875de1075966ebb668f42ddd7367db908d7897a59744917ef167f755"",""yahoo_DX-Y.NYB"":""2abdecea5830986f7a96a4a77f51a66ae7015a1d96488f3b6807200e2e1f0585"",""yahoo_GC=F"":""dde2a4acfa0b6fafad13fd03b21e79cf06b521cf30e1ed0662dd6da52c3e6f78"",""yahoo_GLD"":""cffc9bd91365864e1969d125a13ee2eeae3f44374a8337e4a94eddc8ffad287e"",""yahoo_TIP"":""9198e3f8407f96f1376cec3bff2883b5a1730e9692a4acc4b4e124d9001589b9"",""yahoo_UUP"":""a4840dacc2e010d8281489df6cb8f77cc34ce1661bdac1c6031f392e01b7aedb"",""yahoo_ZT=F"":""1f36bff6184615be1adeb576578d5ad37ce794b249c13a30005be74f8262dee4""}"
NFP_201208_REL_20120907,nfp,2012:08,2012-09-07,2012-09-07T08:30:00 America/New_York,confirmation,confirmation_protocol_locked,96.0,117.5,-21.5,236.84594312936028,-0.09077630680909383,philadelphia_fed_employ_first_releases,0,0,,-0.020000000000000018,0.015340762140482052,-1.3037161919891131,2012-09-06,2012-09-06,federal_reserve_h15_nominal:RIFLGFCY02_N.B,0.0,0.009827610131865977,0.0,2012-09-06,2012-09-06,federal_reserve_h15_nominal:RIFLGFCY01_N.B,0.028358738226203693,0.022995414459012035,-1.2332344901524372,2012-09-06,2012-09-06,yahoo:ZT=F,0.019999999999999574,0.03582758461310279,0.5582290912428747,2012-09-06,2012-09-06,derived:H15_5Y_nominal_minus_5Y_real,0.040000000000000036,0.026480992010366737,1.5105174301756104,2012-09-06,2012-09-06,derived:H15_10Y_nominal_minus_10Y_real,-0.05999999999999983,0.040229216130922486,-1.4914533707227864,2012-09-06,2012-09-06,federal_reserve_h15_real:RIFLGFCY05_XII_N.B,-0.050000000000000044,0.035588276492811696,-1.404957051238469,2012-09-06,2012-09-06,federal_reserve_h15_real:RIFLGFCY10_XII_N.B,0.32308157897543166,0.2818123702121931,-1.1464421477742959,2012-09-06,2012-09-06,yahoo:TIP,2.1301036576637187,0.8413745845950257,2.5316947964252927,2012-09-06,2012-09-06,yahoo:GLD,2.0290818328273095,1.0030260087625975,2.0229603371207947,2012-09-06,2012-09-06,yahoo:GC=F,-1.0289582156982748,0.4411876385599742,-2.332246250272944,2012-09-06,2012-09-06,yahoo:DX-Y.NYB,-1.0844935353130858,0.4766227407244084,-2.275370943620499,2012-09-06,yahoo:UUP,1,"{""alfred_employment_situation_release_dates"":""b796dbd0eac6d9fd3e17ef1280bf85abe0e8b6e91df1205809e70b9ba0cf5a4b"",""federal_reserve_h15_nominal"":""dd00d34890aea66542962d4e00c3650e37e7303bdcdea95963616a6ca09fce87"",""federal_reserve_h15_real"":""5be7cb777f2a50c090ec837ab67ad98e90e36ff23935d9d8e1e1bbdb97ea0142"",""philadelphia_fed_employ_first_releases"":""8af43817875de1075966ebb668f42ddd7367db908d7897a59744917ef167f755"",""yahoo_DX-Y.NYB"":""2abdecea5830986f7a96a4a77f51a66ae7015a1d96488f3b6807200e2e1f0585"",""yahoo_GC=F"":""dde2a4acfa0b6fafad13fd03b21e79cf06b521cf30e1ed0662dd6da52c3e6f78"",""yahoo_GLD"":""cffc9bd91365864e1969d125a13ee2eeae3f44374a8337e4a94eddc8ffad287e"",""yahoo_TIP"":""9198e3f8407f96f1376cec3bff2883b5a1730e9692a4acc4b4e124d9001589b9"",""yahoo_UUP"":""a4840dacc2e010d8281489df6cb8f77cc34ce1661bdac1c6031f392e01b7aedb"",""yahoo_ZT=F"":""1f36bff6184615be1adeb576578d5ad37ce794b249c13a30005be74f8262dee4""}"
NFP_201209_REL_20121005,nfp,2012:09,2012-10-05,2012-10-05T08:30:00 America/New_York,confirmation,confirmation_protocol_locked,114.0,117.5,-3.5,236.23999380956062,-0.014815442311691913,philadelphia_fed_employ_first_releases,0,0,,0.04000000000000001,0.015930640625362914,2.5108845865442886,2012-10-04,2012-10-04,federal_reserve_h15_nominal:RIFLGFCY02_N.B,0.0,0.009199606967777586,0.0,2012-10-04,2012-10-04,federal_reserve_h15_nominal:RIFLGFCY01_N.B,-0.028348689062997375,0.02258891845623587,1.2549821328506974,2012-10-04,2012-10-04,yahoo:ZT=F,0.03000000000000025,0.04283854856245541,0.7003038386387551,2012-10-04,2012-10-04,derived:H15_5Y_nominal_minus_5Y_real,0.009999999999999787,0.037894814277847313,0.2638883496480315,2012-10-04,2012-10-04,derived:H15_10Y_nominal_minus_10Y_real,0.010000000000000009,0.044075884742330575,0.22688143547112935,2012-10-04,2012-10-04,federal_reserve_h15_real:RIFLGFCY05_XII_N.B,0.040000000000000036,0.03716621696670001,1.0762462059520082,2012-10-04,2012-10-04,federal_reserve_h15_real:RIFLGFCY10_XII_N.B,-0.20378233355088338,0.28814350571002884,0.7072251482771862,2012-10-04,2012-10-04,yahoo:TIP,-0.571878926447531,0.6989223364269384,-0.8182295752216415,2012-10-04,2012-10-04,yahoo:GLD,-0.8676965578388649,0.7805340190772846,-1.1116703905674994,2012-10-04,2012-10-04,yahoo:GC=F,-0.012605881367080837,0.3914454065945215,-0.03220342135765213,2012-10-04,2012-10-04,yahoo:DX-Y.NYB,0.0,0.4119107906003125,0.0,2012-10-04,yahoo:UUP,1,"{""alfred_employment_situation_release_dates"":""b796dbd0eac6d9fd3e17ef1280bf85abe0e8b6e91df1205809e70b9ba0cf5a4b"",""federal_reserve_h15_nominal"":""dd00d34890aea66542962d4e00c3650e37e7303bdcdea95963616a6ca09fce87"",""federal_reserve_h15_real"":""5be7cb777f2a50c090ec837ab67ad98e90e36ff23935d9d8e1e1bbdb97ea0142"",""philadelphia_fed_employ_first_releases"":""8af43817875de1075966ebb668f42ddd7367db908d7897a59744917ef167f755"",""yahoo_DX-Y.NYB"":""2abdecea5830986f7a96a4a77f51a66ae7015a1d96488f3b6807200e2e1f0585"",""yahoo_GC=F"":""dde2a4acfa0b6fafad13fd03b21e79cf06b521cf30e1ed0662dd6da52c3e6f78"",""yahoo_GLD"":""cffc9bd91365864e1969d125a13ee2eeae3f44374a8337e4a94eddc8ffad287e"",""yahoo_TIP"":""9198e3f8407f96f1376cec3bff2883b5a1730e9692a4acc4b4e124d9001589b9"",""yahoo_UUP"":""a4840dacc2e010d8281489df6cb8f77cc34ce1661bdac1c6031f392e01b7aedb"",""yahoo_ZT=F"":""1f36bff6184615be1adeb576578d5ad37ce794b249c13a30005be74f8262dee4""}"
NFP_201210_REL_20121102,nfp,2012:10,2012-11-02,2012-11-02T08:30:00 America/New_York,confirmation,confirmation_protocol_locked,171.0,117.5,53.5,236.24676125481557,0.22645813096372966,philadelphia_fed_employ_first_releases,0,0,,-0.019999999999999962,0.017437539866912696,-1.146950782773519,2012-11-01,2012-11-01,federal_reserve_h15_nominal:RIFLGFCY02_N.B,0.010000000000000009,0.008227005276478742,1.215509126825324,2012-11-01,2012-11-01,federal_reserve_h15_nominal:RIFLGFCY01_N.B,-0.007090941325429554,0.021899361455615912,0.3237967161645775,2012-11-01,2012-11-01,yahoo:ZT=F,-0.009999999999999787,0.04219406336264433,-0.23700016549847358,2012-11-01,2012-11-01,derived:H15_5Y_nominal_minus_5Y_real,-0.040000000000000036,0.03665189738500456,-1.091348684621312,2012-11-01,2012-11-01,derived:H15_10Y_nominal_minus_10Y_real,0.010000000000000009,0.04572825654152675,0.21868316783341188,2012-11-01,2012-11-01,federal_reserve_h15_real:RIFLGFCY05_XII_N.B,0.040000000000000036,0.0404141693561276,0.9897518775536885,2012-11-01,2012-11-01,federal_reserve_h15_real:RIFLGFCY10_XII_N.B,-0.057342450390944,0.3132715741506706,0.18304389904002166,2012-11-01,2012-11-01,yahoo:TIP,-2.111619567115675,0.7248266206239186,-2.913275405500461,2012-11-01,2012-11-01,yahoo:GLD,-2.3612454431588334,0.7439371240776038,-3.173985229042717,2012-11-01,2012-11-01,yahoo:GC=F,0.6723049329312103,0.3428366471410215,1.9610066150678056,2012-11-01,2012-11-01,yahoo:DX-Y.NYB,0.6819698534839616,0.35488432502057726,1.9216680067354874,2012-11-01,yahoo:UUP,1,"{""alfred_employment_situation_release_dates"":""b796dbd0eac6d9fd3e17ef1280bf85abe0e8b6e91df1205809e70b9ba0cf5a4b"",""federal_reserve_h15_nominal"":""dd00d34890aea66542962d4e00c3650e37e7303bdcdea95963616a6ca09fce87"",""federal_reserve_h15_real"":""5be7cb777f2a50c090ec837ab67ad98e90e36ff23935d9d8e1e1bbdb97ea0142"",""philadelphia_fed_employ_first_releases"":""8af43817875de1075966ebb668f42ddd7367db908d7897a59744917ef167f755"",""yahoo_DX-Y.NYB"":""2abdecea5830986f7a96a4a77f51a66ae7015a1d96488f3b6807200e2e1f0585"",""yahoo_GC=F"":""dde2a4acfa0b6fafad13fd03b21e79cf06b521cf30e1ed0662dd6da52c3e6f78"",""yahoo_GLD"":""cffc9bd91365864e1969d125a13ee2eeae3f44374a8337e4a94eddc8ffad287e"",""yahoo_TIP"":""9198e3f8407f96f1376cec3bff2883b5a1730e9692a4acc4b4e124d9001589b9"",""yahoo_UUP"":""a4840dacc2e010d8281489df6cb8f77cc34ce1661bdac1c6031f392e01b7aedb"",""yahoo_ZT=F"":""1f36bff6184615be1adeb576578d5ad37ce794b249c13a30005be74f8262dee4""}"
NFP_201211_REL_20121207,nfp,2012:11,2012-12-07,2012-12-07T08:30:00 America/New_York,confirmation,confirmation_protocol_locked,146.0,120.0,26.0,236.24053145166468,0.11005732098651182,philadelphia_fed_employ_first_releases,0,0,,0.0,0.014613669013423642,0.0,2012-12-06,2012-12-06,federal_reserve_h15_nominal:RIFLGFCY02_N.B,0.0,0.008025383458814723,0.0,2012-12-06,2012-12-06,federal_reserve_h15_nominal:RIFLGFCY01_N.B,0.007085916743441566,0.018545943839049703,-0.38207366553767425,2012-12-06,2012-12-06,yahoo:ZT=F,0.040000000000000036,0.040690022930709835,0.9830419625989195,2012-12-06,2012-12-06,derived:H15_5Y_nominal_minus_5Y_real,0.040000000000000036,0.03596098010893865,1.1123167354956887,2012-12-06,2012-12-06,derived:H15_10Y_nominal_minus_10Y_real,-0.010000000000000009,0.03751120359946113,-0.2665870204213779,2012-12-06,2012-12-06,federal_reserve_h15_real:RIFLGFCY05_XII_N.B,0.010000000000000009,0.035005649261597604,0.28566817673541484,2012-12-06,2012-12-06,federal_reserve_h15_real:RIFLGFCY10_XII_N.B,-0.12170488549485693,0.26878847170024606,0.45279057068557127,2012-12-06,2012-12-06,yahoo:TIP,0.4004152985563731,0.7385491713992165,0.5421647116572716,2012-12-06,2012-12-06,yahoo:GLD,0.21736936084627304,0.8042190208408153,0.270286271790752,2012-12-06,2012-12-06,yahoo:GC=F,0.19914872453316015,0.3354475485108057,0.5936806675656627,2012-12-06,2012-12-06,yahoo:DX-Y.NYB,0.18206007626506535,0.3395319360017185,0.5362089893780828,2012-12-06,yahoo:UUP,1,"{""alfred_employment_situation_release_dates"":""b796dbd0eac6d9fd3e17ef1280bf85abe0e8b6e91df1205809e70b9ba0cf5a4b"",""federal_reserve_h15_nominal"":""dd00d34890aea66542962d4e00c3650e37e7303bdcdea95963616a6ca09fce87"",""federal_reserve_h15_real"":""5be7cb777f2a50c090ec837ab67ad98e90e36ff23935d9d8e1e1bbdb97ea0142"",""philadelphia_fed_employ_first_releases"":""8af43817875de1075966ebb668f42ddd7367db908d7897a59744917ef167f755"",""yahoo_DX-Y.NYB"":""2abdecea5830986f7a96a4a77f51a66ae7015a1d96488f3b6807200e2e1f0585"",""yahoo_GC=F"":""dde2a4acfa0b6fafad13fd03b21e79cf06b521cf30e1ed0662dd6da52c3e6f78"",""yahoo_GLD"":""cffc9bd91365864e1969d125a13ee2eeae3f44374a8337e4a94eddc8ffad287e"",""yahoo_TIP"":""9198e3f8407f96f1376cec3bff2883b5a1730e9692a4acc4b4e124d9001589b9"",""yahoo_UUP"":""a4840dacc2e010d8281489df6cb8f77cc34ce1661bdac1c6031f392e01b7aedb"",""yahoo_ZT=F"":""1f36bff6184615be1adeb576578d5ad37ce794b249c13a30005be74f8262dee4""}"
NFP_201212_REL_20130104,nfp,2012:12,2013-01-04,2013-01-04T08:30:00 America/New_York,confirmation,confirmation_protocol_locked,155.0,133.0,22.0,236.1934586930352,0.0931439851117635,philadelphia_fed_employ_first_releases,0,0,,0.0,0.01494245080829086,0.0,2013-01-03,2013-01-03,federal_reserve_h15_nominal:RIFLGFCY02_N.B,0.0,0.009653605046586496,0.0,2013-01-03,2013-01-03,federal_reserve_h15_nominal:RIFLGFCY01_N.B,-0.014180374385641101,0.019098697737854883,0.7424786014354613,2013-01-03,2013-01-03,yahoo:ZT=F,0.019999999999999574,0.029232653362274007,0.684166426911162,2013-01-03,2013-01-03,derived:H15_5Y_nominal_minus_5Y_real,0.020000000000000018,0.02439030556696084,0.8199979268440187,2013-01-03,2013-01-03,derived:H15_10Y_nominal_minus_10Y_real,-0.010000000000000009,0.027335021306567644,-0.36583106659577985,2013-01-03,2013-01-03,federal_reserve_h15_real:RIFLGFCY05_XII_N.B,-0.010000000000000009,0.03446893303589144,-0.290116319805644,2013-01-03,2013-01-03,federal_reserve_h15_real:RIFLGFCY10_XII_N.B,-0.04144892502613676,0.26962695684549914,0.1537269326148561,2013-01-03,2013-01-03,yahoo:TIP,-0.47257550222331546,0.7155717339058963,-0.6604166707980434,2013-01-03,2013-01-03,yahoo:GLD,-1.5413620919155364,0.7978983197262178,-1.9317775884581667,2013-01-03,2013-01-03,yahoo:GC=F,0.08699397142371743,0.29163730313048397,0.29829507573245767,2013-01-03,2013-01-03,yahoo:DX-Y.NYB,0.0,0.30641351928936233,0.0,2013-01-03,yahoo:UUP,1,"{""alfred_employment_situation_release_dates"":""b796dbd0eac6d9fd3e17ef1280bf85abe0e8b6e91df1205809e70b9ba0cf5a4b"",""federal_reserve_h15_nominal"":""dd00d34890aea66542962d4e00c3650e37e7303bdcdea95963616a6ca09fce87"",""federal_reserve_h15_real"":""5be7cb777f2a50c090ec837ab67ad98e90e36ff23935d9d8e1e1bbdb97ea0142"",""philadelphia_fed_employ_first_releases"":""8af43817875de1075966ebb668f42ddd7367db908d7897a59744917ef167f755"",""yahoo_DX-Y.NYB"":""2abdecea5830986f7a96a4a77f51a66ae7015a1d96488f3b6807200e2e1f0585"",""yahoo_GC=F"":""dde2a4acfa0b6fafad13fd03b21e79cf06b521cf30e1ed0662dd6da52c3e6f78"",""yahoo_GLD"":""cffc9bd91365864e1969d125a13ee2eeae3f44374a8337e4a94eddc8ffad287e"",""yahoo_TIP"":""9198e3f8407f96f1376cec3bff2883b5a1730e9692a4acc4b4e124d9001589b9"",""yahoo_UUP"":""a4840dacc2e010d8281489df6cb8f77cc34ce1661bdac1c6031f392e01b7aedb"",""yahoo_ZT=F"":""1f36bff6184615be1adeb576578d5ad37ce794b249c13a30005be74f8262dee4""}"
NFP_201301_REL_20130201,nfp,2013:01,2013-02-01,2013-02-01T08:30:00 America/New_York,confirmation,confirmation_protocol_locked,157.0,133.0,24.0,235.79740058850052,0.10178229251086343,philadelphia_fed_employ_first_releases,0,0,,0.0,0.015340762140482054,0.0,2013-01-31,2013-01-31,federal_reserve_h15_nominal:RIFLGFCY02_N.B,0.0,0.009283665260982114,0.0,2013-01-31,2013-01-31,federal_reserve_h15_nominal:RIFLGFCY01_N.B,0.0,0.019719651232922672,-0.0,2013-01-31,2013-01-31,yahoo:ZT=F,0.009999999999999787,0.03100938440059647,0.322483022262365,2013-01-31,2013-01-31,derived:H15_5Y_nominal_minus_5Y_real,0.0,0.021791902295341677,0.0,2013-01-31,2013-01-31,derived:H15_10Y_nominal_minus_10Y_real,-0.010000000000000009,0.03371323065065038,-0.29661945197788675,2013-01-31,2013-01-31,federal_reserve_h15_real:RIFLGFCY05_XII_N.B,0.019999999999999907,0.031281481317967146,0.6393559114642217,2013-01-31,2013-01-31,federal_reserve_h15_real:RIFLGFCY10_XII_N.B,-0.48972293888109847,0.24484468339367849,2.000137115878018,2013-01-31,2013-01-31,yahoo:TIP,0.15496671610711066,0.6549284210242433,0.23661626390370727,2013-01-31,2013-01-31,yahoo:GLD,0.528532691511206,0.8051181307979307,0.6564660157229245,2013-01-31,2013-01-31,yahoo:GC=F,-0.10105070066013494,0.2979300176482315,-0.3391759630593731,2013-01-31,2013-01-31,yahoo:DX-Y.NYB,-0.09256231699193691,0.30316781635519074,-0.30531709501608545,2013-01-31,yahoo:UUP,1,"{""alfred_employment_situation_release_dates"":""b796dbd0eac6d9fd3e17ef1280bf85abe0e8b6e91df1205809e70b9ba0cf5a4b"",""federal_reserve_h15_nominal"":""dd00d34890aea66542962d4e00c3650e37e7303bdcdea95963616a6ca09fce87"",""federal_reserve_h15_real"":""5be7cb777f2a50c090ec837ab67ad98e90e36ff23935d9d8e1e1bbdb97ea0142"",""philadelphia_fed_employ_first_releases"":""8af43817875de1075966ebb668f42ddd7367db908d7897a59744917ef167f755"",""yahoo_DX-Y.NYB"":""2abdecea5830986f7a96a4a77f51a66ae7015a1d96488f3b6807200e2e1f0585"",""yahoo_GC=F"":""dde2a4acfa0b6fafad13fd03b21e79cf06b521cf30e1ed0662dd6da52c3e6f78"",""yahoo_GLD"":""cffc9bd91365864e1969d125a13ee2eeae3f44374a8337e4a94eddc8ffad287e"",""yahoo_TIP"":""9198e3f8407f96f1376cec3bff2883b5a1730e9692a4acc4b4e124d9001589b9"",""yahoo_UUP"":""a4840dacc2e010d8281489df6cb8f77cc34ce1661bdac1c6031f392e01b7aedb"",""yahoo_ZT=F"":""1f36bff6184615be1adeb576578d5ad37ce794b249c13a30005be74f8262dee4""}"
NFP_201302_REL_20130308,nfp,2013:02,2013-03-08,2013-03-08T08:30:00 America/New_York,confirmation,confirmation_protocol_locked,236.0,133.0,103.0,235.13878745202115,0.43803917301826106,philadelphia_fed_employ_first_releases,0,0,,0.020000000000000018,0.015838164591489724,1.262772582294451,2013-03-07,2013-03-07,federal_reserve_h15_nominal:RIFLGFCY02_N.B,0.0,0.008114644639607987,0.0,2013-03-07,2013-03-07,federal_reserve_h15_nominal:RIFLGFCY01_N.B,0.0,0.018634377040392235,-0.0,2013-03-07,2013-03-07,yahoo:ZT=F,-0.040000000000000036,0.0341383029574342,-1.1717044063342743,2013-03-07,2013-03-07,derived:H15_5Y_nominal_minus_5Y_real,0.0,0.019718355898046692,0.0,2013-03-07,2013-03-07,derived:H15_10Y_nominal_minus_10Y_real,0.09000000000000008,0.040928489380110886,2.1989572877745984,2013-03-07,2013-03-07,federal_reserve_h15_real:RIFLGFCY05_XII_N.B,0.06000000000000005,0.030337089231678882,1.977777088032107,2013-03-07,2013-03-07,federal_reserve_h15_real:RIFLGFCY10_XII_N.B,-0.32450111404345294,0.2541964492676322,1.2765761086686152,2013-03-07,2013-03-07,yahoo:TIP,0.01310037451856418,0.7089843692920432,0.018477663381557433,2013-03-07,2013-03-07,yahoo:GLD,0.11423030650432725,0.787497435007966,0.14505482992864827,2013-03-07,2013-03-07,yahoo:GC=F,0.7525161397469082,0.3204388056321169,2.348392661938836,2013-03-07,2013-03-07,yahoo:DX-Y.NYB,0.756395728246415,0.3186097797678388,2.3740505668017393,2013-03-07,yahoo:UUP,1,"{""alfred_employment_situation_release_dates"":""b796dbd0eac6d9fd3e17ef1280bf85abe0e8b6e91df1205809e70b9ba0cf5a4b"",""federal_reserve_h15_nominal"":""dd00d34890aea66542962d4e00c3650e37e7303bdcdea95963616a6ca09fce87"",""federal_reserve_h15_real"":""5be7cb777f2a50c090ec837ab67ad98e90e36ff23935d9d8e1e1bbdb97ea0142"",""philadelphia_fed_employ_first_releases"":""8af43817875de1075966ebb668f42ddd7367db908d7897a59744917ef167f755"",""yahoo_DX-Y.NYB"":""2abdecea5830986f7a96a4a77f51a66ae7015a1d96488f3b6807200e2e1f0585"",""yahoo_GC=F"":""dde2a4acfa0b6fafad13fd03b21e79cf06b521cf30e1ed0662dd6da52c3e6f78"",""yahoo_GLD"":""cffc9bd91365864e1969d125a13ee2eeae3f44374a8337e4a94eddc8ffad287e"",""yahoo_TIP"":""9198e3f8407f96f1376cec3bff2883b5a1730e9692a4acc4b4e124d9001589b9"",""yahoo_UUP"":""a4840dacc2e010d8281489df6cb8f77cc34ce1661bdac1c6031f392e01b7aedb"",""yahoo_ZT=F"":""1f36bff6184615be1adeb576578d5ad37ce794b249c13a30005be74f8262dee4""}"
NFP_201303_REL_20130405,nfp,2013:03,2013-04-05,2013-04-05T08:30:00 America/New_York,confirmation,confirmation_protocol_locked,88.0,133.0,-45.0,234.26625202140875,-0.1920891276985454,philadelphia_fed_employ_first_releases,0,0,,0.01999999999999999,0.015762180296000166,1.2688599942658452,2013-04-04,2013-04-04,federal_reserve_h15_nominal:RIFLGFCY02_N.B,0.0,0.005812513288970895,0.0,2013-04-04,2013-04-04,federal_reserve_h15_nominal:RIFLGFCY01_N.B,0.0,0.017372161421760447,-0.0,2013-04-04,2013-04-04,yahoo:ZT=F,-0.029999999999999805,0.0349539648826417,-0.8582717325695416,2013-04-04,2013-04-04,derived:H15_5Y_nominal_minus_5Y_real,-0.020000000000000018,0.01735635151329639,-1.1523159106727225,2013-04-04,2013-04-04,derived:H15_10Y_nominal_minus_10Y_real,0.020000000000000018,0.04235310272854234,0.4722204209733551,2013-04-04,2013-04-04,federal_reserve_h15_real:RIFLGFCY05_XII_N.B,-0.040000000000000036,0.02675479786953263,-1.4950589496155584,2013-04-04,2013-04-04,federal_reserve_h15_real:RIFLGFCY10_XII_N.B,0.4169604953808145,0.22635884079394727,-1.8420331802298389,2013-04-04,2013-04-04,yahoo:TIP,1.6628587367166923,0.6937183361904777,2.3970228981523025,2013-04-04,2013-04-04,yahoo:GLD,1.5093644840956135,0.7394188467029318,2.0412848425839685,2013-04-04,2013-04-04,yahoo:GC=F,-0.21794451639793908,0.34255286373727806,-0.6362361535097026,2013-04-04,2013-04-04,yahoo:DX-Y.NYB,-0.1780088610779875,0.35463272696084497,-0.5019527176848556,2013-04-04,yahoo:UUP,1,"{""alfred_employment_situation_release_dates"":""b796dbd0eac6d9fd3e17ef1280bf85abe0e8b6e91df1205809e70b9ba0cf5a4b"",""federal_reserve_h15_nominal"":""dd00d34890aea66542962d4e00c3650e37e7303bdcdea95963616a6ca09fce87"",""federal_reserve_h15_real"":""5be7cb777f2a50c090ec837ab67ad98e90e36ff23935d9d8e1e1bbdb97ea0142"",""philadelphia_fed_employ_first_releases"":""8af43817875de1075966ebb668f42ddd7367db908d7897a59744917ef167f755"",""yahoo_DX-Y.NYB"":""2abdecea5830986f7a96a4a77f51a66ae7015a1d96488f3b6807200e2e1f0585"",""yahoo_GC=F"":""dde2a4acfa0b6fafad13fd03b21e79cf06b521cf30e1ed0662dd6da52c3e6f78"",""yahoo_GLD"":""cffc9bd91365864e1969d125a13ee2eeae3f44374a8337e4a94eddc8ffad287e"",""yahoo_TIP"":""9198e3f8407f96f1376cec3bff2883b5a1730e9692a4acc4b4e124d9001589b9"",""yahoo_UUP"":""a4840dacc2e010d8281489df6cb8f77cc34ce1661bdac1c6031f392e01b7aedb"",""yahoo_ZT=F"":""1f36bff6184615be1adeb576578d5ad37ce794b249c13a30005be74f8262dee4""}"
NFP_201304_REL_20130503,nfp,2013:04,2013-05-03,2013-05-03T08:30:00 America/New_York,confirmation,confirmation_protocol_locked,165.0,130.5,34.5,233.05272311520505,0.14803517220841741,philadelphia_fed_employ_first_releases,0,0,,0.01999999999999999,0.013160246593262613,1.5197283620991562,2013-05-02,2013-05-02,federal_reserve_h15_nominal:RIFLGFCY02_N.B,0.0,0.006069279874259415,0.0,2013-05-02,2013-05-02,federal_reserve_h15_nominal:RIFLGFCY01_N.B,-0.028328612087471373,0.012091442134446727,2.3428646287581656,2013-05-02,2013-05-02,yahoo:ZT=F,0.040000000000000036,0.036519091826010784,1.095317490111021,2013-05-02,2013-05-02,derived:H15_5Y_nominal_minus_5Y_real,0.03000000000000025,0.022284118131619093,1.3462502676932517,2013-05-02,2013-05-02,derived:H15_10Y_nominal_minus_10Y_real,0.040000000000000036,0.03858368262584261,1.0367076773850716,2013-05-02,2013-05-02,federal_reserve_h15_real:RIFLGFCY05_XII_N.B,0.08999999999999997,0.030703153190172652,2.931295018545744,2013-05-02,2013-05-02,federal_reserve_h15_real:RIFLGFCY10_XII_N.B,-0.684489597092088,0.2521013189329167,2.715136913957314,2013-05-02,2013-05-02,yahoo:TIP,0.11971282175668826,1.601753115756035,0.07473862268729425,2013-05-02,2013-05-02,yahoo:GLD,-0.23191704417660503,1.6597534189855387,-0.1397298186126681,2013-05-02,2013-05-02,yahoo:GC=F,-0.13389401548261898,0.37949304149310337,-0.35282337445718953,2013-05-02,2013-05-02,yahoo:DX-Y.NYB,-0.04480403423746881,0.38775272501391694,-0.11554795452658839,2013-05-02,yahoo:UUP,1,"{""alfred_employment_situation_release_dates"":""b796dbd0eac6d9fd3e17ef1280bf85abe0e8b6e91df1205809e70b9ba0cf5a4b"",""federal_reserve_h15_nominal"":""dd00d34890aea66542962d4e00c3650e37e7303bdcdea95963616a6ca09fce87"",""federal_reserve_h15_real"":""5be7cb777f2a50c090ec837ab67ad98e90e36ff23935d9d8e1e1bbdb97ea0142"",""philadelphia_fed_employ_first_releases"":""8af43817875de1075966ebb668f42ddd7367db908d7897a59744917ef167f755"",""yahoo_DX-Y.NYB"":""2abdecea5830986f7a96a4a77f51a66ae7015a1d96488f3b6807200e2e1f0585"",""yahoo_GC=F"":""dde2a4acfa0b6fafad13fd03b21e79cf06b521cf30e1ed0662dd6da52c3e6f78"",""yahoo_GLD"":""cffc9bd91365864e1969d125a13ee2eeae3f44374a8337e4a94eddc8ffad287e"",""yahoo_TIP"":""9198e3f8407f96f1376cec3bff2883b5a1730e9692a4acc4b4e124d9001589b9"",""yahoo_UUP"":""a4840dacc2e010d8281489df6cb8f77cc34ce1661bdac1c6031f392e01b7aedb"",""yahoo_ZT=F"":""1f36bff6184615be1adeb576578d5ad37ce794b249c13a30005be74f8262dee4""}"
NFP_201305_REL_20130607,nfp,2013:05,2013-06-07,2013-06-07T08:30:00 America/New_York,confirmation,confirmation_protocol_locked,175.0,150.5,24.5,232.40319335082515,0.10542023819361178,philadelphia_fed_employ_first_releases,0,0,,0.020000000000000018,0.014546826784268982,1.3748702927863365,2013-06-06,2013-06-06,federal_reserve_h15_nominal:RIFLGFCY02_N.B,0.0,0.006507275372101721,0.0,2013-06-06,2013-06-06,federal_reserve_h15_nominal:RIFLGFCY01_N.B,-0.014180374385641101,0.01443680904800589,0.9822374417011349,2013-06-06,2013-06-06,yahoo:ZT=F,0.020000000000000018,0.03307242523212443,0.6047333952568226,2013-06-06,2013-06-06,derived:H15_5Y_nominal_minus_5Y_real,0.010000000000000231,0.02559793423868688,0.3906565235598953,2013-06-06,2013-06-06,derived:H15_10Y_nominal_minus_10Y_real,0.06999999999999995,0.03236925024744812,2.1625462272027294,2013-06-06,2013-06-06,federal_reserve_h15_real:RIFLGFCY05_XII_N.B,0.08,0.039060651086186934,2.048096940920949,2013-06-06,2013-06-06,federal_reserve_h15_real:RIFLGFCY10_XII_N.B,-0.5873368303826416,0.3064116323247173,1.9168228892831851,2013-06-06,2013-06-06,yahoo:TIP,-2.4092192496149725,1.751840330669286,-1.3752504765628593,2013-06-06,2013-06-06,yahoo:GLD,-2.3369021245246344,1.750014436406319,-1.3353616266866335,2013-06-06,2013-06-06,yahoo:GC=F,0.20832775048044214,0.45870387234178117,0.45416610375858507,2013-06-06,2013-06-06,yahoo:DX-Y.NYB,0.13546341165368972,0.46673562080020387,0.29023585433964066,2013-06-06,yahoo:UUP,1,"{""alfred_employment_situation_release_dates"":""b796dbd0eac6d9fd3e17ef1280bf85abe0e8b6e91df1205809e70b9ba0cf5a4b"",""federal_reserve_h15_nominal"":""dd00d34890aea66542962d4e00c3650e37e7303bdcdea95963616a6ca09fce87"",""federal_reserve_h15_real"":""5be7cb777f2a50c090ec837ab67ad98e90e36ff23935d9d8e1e1bbdb97ea0142"",""philadelphia_fed_employ_first_releases"":""8af43817875de1075966ebb668f42ddd7367db908d7897a59744917ef167f755"",""yahoo_DX-Y.NYB"":""2abdecea5830986f7a96a4a77f51a66ae7015a1d96488f3b6807200e2e1f0585"",""yahoo_GC=F"":""dde2a4acfa0b6fafad13fd03b21e79cf06b521cf30e1ed0662dd6da52c3e6f78"",""yahoo_GLD"":""cffc9bd91365864e1969d125a13ee2eeae3f44374a8337e4a94eddc8ffad287e"",""yahoo_TIP"":""9198e3f8407f96f1376cec3bff2883b5a1730e9692a4acc4b4e124d9001589b9"",""yahoo_UUP"":""a4840dacc2e010d8281489df6cb8f77cc34ce1661bdac1c6031f392e01b7aedb"",""yahoo_ZT=F"":""1f36bff6184615be1adeb576578d5ad37ce794b249c13a30005be74f8262dee4""}"
NFP_201306_REL_20130705,nfp,2013:06,2013-07-05,2013-07-05T08:30:00 America/New_York,confirmation,confirmation_protocol_locked,195.0,156.0,39.0,231.78388836145365,0.16826018527733794,philadelphia_fed_employ_first_releases,0,0,,0.040000000000000036,0.018667473751720835,2.1427644967928607,2013-07-03,2013-07-03,federal_reserve_h15_nominal:RIFLGFCY02_N.B,0.009999999999999981,0.007917298517752698,1.2630570866536497,2013-07-03,2013-07-03,federal_reserve_h15_nominal:RIFLGFCY01_N.B,-0.05685048476027206,0.02686754469345213,2.115953854693952,2013-07-03,2013-07-03,yahoo:ZT=F,0.04000000000000026,0.03622395811121331,1.1042415596107389,2013-07-03,2013-07-03,derived:H15_5Y_nominal_minus_5Y_real,0.029999999999999805,0.029829553464425326,1.005714015658255,2013-07-03,2013-07-03,derived:H15_10Y_nominal_minus_10Y_real,0.13999999999999996,0.0572325516795417,2.4461603736260504,2013-07-03,2013-07-03,federal_reserve_h15_real:RIFLGFCY05_XII_N.B,0.18000000000000005,0.054719366220269974,3.289511784098876,2013-07-03,2013-07-03,federal_reserve_h15_real:RIFLGFCY10_XII_N.B,-1.3733522665867315,0.44047646798027473,3.117878857147557,2013-07-03,2013-07-03,yahoo:TIP,-2.2192441073447897,2.021424109648162,-1.0978616989638355,2013-07-03,2013-07-03,yahoo:GLD,-3.1807915732905694,2.030800311562994,-1.566274909049276,2013-07-03,2013-07-03,yahoo:GC=F,1.4196418573312175,0.4824108732111284,2.9428065082395176,2013-07-03,2013-07-03,yahoo:DX-Y.NYB,1.4515432286489893,0.4826126548603196,3.007677511210523,2013-07-03,yahoo:UUP,1,"{""alfred_employment_situation_release_dates"":""b796dbd0eac6d9fd3e17ef1280bf85abe0e8b6e91df1205809e70b9ba0cf5a4b"",""federal_reserve_h15_nominal"":""dd00d34890aea66542962d4e00c3650e37e7303bdcdea95963616a6ca09fce87"",""federal_reserve_h15_real"":""5be7cb777f2a50c090ec837ab67ad98e90e36ff23935d9d8e1e1bbdb97ea0142"",""philadelphia_fed_employ_first_releases"":""8af43817875de1075966ebb668f42ddd7367db908d7897a59744917ef167f755"",""yahoo_DX-Y.NYB"":""2abdecea5830986f7a96a4a77f51a66ae7015a1d96488f3b6807200e2e1f0585"",""yahoo_GC=F"":""dde2a4acfa0b6fafad13fd03b21e79cf06b521cf30e1ed0662dd6da52c3e6f78"",""yahoo_GLD"":""cffc9bd91365864e1969d125a13ee2eeae3f44374a8337e4a94eddc8ffad287e"",""yahoo_TIP"":""9198e3f8407f96f1376cec3bff2883b5a1730e9692a4acc4b4e124d9001589b9"",""yahoo_UUP"":""a4840dacc2e010d8281489df6cb8f77cc34ce1661bdac1c6031f392e01b7aedb"",""yahoo_ZT=F"":""1f36bff6184615be1adeb576578d5ad37ce794b249c13a30005be74f8262dee4""}"
NFP_201307_REL_20130802,nfp,2013:07,2013-08-02,2013-08-02T08:30:00 America/New_York,confirmation,confirmation_protocol_locked,162.0,160.0,2.0,231.44233397285436,0.008641461420081332,philadelphia_fed_employ_first_releases,0,0,,-0.04999999999999999,0.021557307673368997,-2.3193990992561613,2013-08-01,2013-08-01,federal_reserve_h15_nominal:RIFLGFCY02_N.B,-0.020000000000000004,0.008718769933456346,-2.2939015655470434,2013-08-01,2013-08-01,federal_reserve_h15_nominal:RIFLGFCY01_N.B,0.056745639201799765,0.03289671850694265,-1.724963515428566,2013-08-01,2013-08-01,yahoo:ZT=F,-0.029999999999999805,0.03387372696546799,-0.8856421388347024,2013-08-01,2013-08-01,derived:H15_5Y_nominal_minus_5Y_real,-0.050000000000000266,0.02784338767621745,-1.7957584968264468,2013-08-01,2013-08-01,derived:H15_10Y_nominal_minus_10Y_real,-0.10000000000000003,0.0641050955606195,-1.559938396869518,2013-08-01,2013-08-01,federal_reserve_h15_real:RIFLGFCY05_XII_N.B,-0.06,0.06498935158323277,-0.9232281679739051,2013-08-01,2013-08-01,federal_reserve_h15_real:RIFLGFCY10_XII_N.B,0.5075660650500462,0.5075041900697319,-1.0001219201368678,2013-08-01,2013-08-01,yahoo:TIP,-0.1976519588739746,1.6045177709519534,-0.1231846492773393,2013-08-01,2013-08-01,yahoo:GLD,-0.030517578646048857,1.574780788881059,-0.01937893760294901,2013-08-01,2013-08-01,yahoo:GC=F,-0.5235843629846759,0.5576065930299331,-0.9389852443092781,2013-08-01,2013-08-01,yahoo:DX-Y.NYB,-0.5400567792935754,0.5546582540900066,-0.9736748264561809,2013-08-01,yahoo:UUP,1,"{""alfred_employment_situation_release_dates"":""b796dbd0eac6d9fd3e17ef1280bf85abe0e8b6e91df1205809e70b9ba0cf5a4b"",""federal_reserve_h15_nominal"":""dd00d34890aea66542962d4e00c3650e37e7303bdcdea95963616a6ca09fce87"",""federal_reserve_h15_real"":""5be7cb777f2a50c090ec837ab67ad98e90e36ff23935d9d8e1e1bbdb97ea0142"",""philadelphia_fed_employ_first_releases"":""8af43817875de1075966ebb668f42ddd7367db908d7897a59744917ef167f755"",""yahoo_DX-Y.NYB"":""2abdecea5830986f7a96a4a77f51a66ae7015a1d96488f3b6807200e2e1f0585"",""yahoo_GC=F"":""dde2a4acfa0b6fafad13fd03b21e79cf06b521cf30e1ed0662dd6da52c3e6f78"",""yahoo_GLD"":""cffc9bd91365864e1969d125a13ee2eeae3f44374a8337e4a94eddc8ffad287e"",""yahoo_TIP"":""9198e3f8407f96f1376cec3bff2883b5a1730e9692a4acc4b4e124d9001589b9"",""yahoo_UUP"":""a4840dacc2e010d8281489df6cb8f77cc34ce1661bdac1c6031f392e01b7aedb"",""yahoo_ZT=F"":""1f36bff6184615be1adeb576578d5ad37ce794b249c13a30005be74f8262dee4""}"
NFP_201308_REL_20130906,nfp,2013:08,2013-09-06,2013-09-06T08:30:00 America/New_York,confirmation,confirmation_protocol_locked,169.0,159.5,9.5,231.29064599271803,0.041073861674021606,philadelphia_fed_employ_first_releases,0,0,,-0.06,0.024237525185518506,-2.4755002641874073,2013-09-05,2013-09-05,federal_reserve_h15_nominal:RIFLGFCY02_N.B,-0.01999999999999999,0.00956098474941421,-2.0918347350387068,2013-09-05,2013-09-05,federal_reserve_h15_nominal:RIFLGFCY01_N.B,0.09243787766689292,0.038557660668706625,-2.3973933081971293,2013-09-05,2013-09-05,yahoo:ZT=F,0.0,0.03261485571881812,0.0,2013-09-05,2013-09-05,derived:H15_5Y_nominal_minus_5Y_real,0.009999999999999787,0.026838605300262476,0.37259760289786703,2013-09-05,2013-09-05,derived:H15_10Y_nominal_minus_10Y_real,-0.08000000000000002,0.07388244594766093,-1.0828011846910541,2013-09-05,2013-09-05,federal_reserve_h15_real:RIFLGFCY05_XII_N.B,-0.050000000000000044,0.07028975542363286,-0.7113412146429097,2013-09-05,2013-09-05,federal_reserve_h15_real:RIFLGFCY10_XII_N.B,0.41314269344577575,0.547259262267425,-0.7549304725040696,2013-09-05,2013-09-05,yahoo:TIP,1.4642627040753582,1.4917085740179774,0.9816010510225247,2013-09-05,2013-09-05,yahoo:GLD,0.9855849000619288,1.546964452061947,0.6371089515006269,2013-09-05,2013-09-05,yahoo:GC=F,-0.5825914415987552,0.48563384966449424,-1.1996516346651809,2013-09-05,2013-09-05,yahoo:DX-Y.NYB,-0.5838698216735828,0.4871496231130543,-1.1985431045649857,2013-09-05,yahoo:UUP,1,"{""alfred_employment_situation_release_dates"":""b796dbd0eac6d9fd3e17ef1280bf85abe0e8b6e91df1205809e70b9ba0cf5a4b"",""federal_reserve_h15_nominal"":""dd00d34890aea66542962d4e00c3650e37e7303bdcdea95963616a6ca09fce87"",""federal_reserve_h15_real"":""5be7cb777f2a50c090ec837ab67ad98e90e36ff23935d9d8e1e1bbdb97ea0142"",""philadelphia_fed_employ_first_releases"":""8af43817875de1075966ebb668f42ddd7367db908d7897a59744917ef167f755"",""yahoo_DX-Y.NYB"":""2abdecea5830986f7a96a4a77f51a66ae7015a1d96488f3b6807200e2e1f0585"",""yahoo_GC=F"":""dde2a4acfa0b6fafad13fd03b21e79cf06b521cf30e1ed0662dd6da52c3e6f78"",""yahoo_GLD"":""cffc9bd91365864e1969d125a13ee2eeae3f44374a8337e4a94eddc8ffad287e"",""yahoo_TIP"":""9198e3f8407f96f1376cec3bff2883b5a1730e9692a4acc4b4e124d9001589b9"",""yahoo_UUP"":""a4840dacc2e010d8281489df6cb8f77cc34ce1661bdac1c6031f392e01b7aedb"",""yahoo_ZT=F"":""1f36bff6184615be1adeb576578d5ad37ce794b249c13a30005be74f8262dee4""}"
NFP_201309_REL_20131022,nfp,2013:09,2013-10-22,2013-10-22T08:30:00 America/New_York,confirmation,confirmation_protocol_locked,148.0,163.5,-15.5,230.96917809269175,-0.06710852126676224,philadelphia_fed_employ_first_releases,0,0,,-0.020000000000000018,0.02459789619408825,-0.8130776649430178,2013-10-21,2013-10-21,federal_reserve_h15_nominal:RIFLGFCY02_N.B,-0.009999999999999995,0.010655096125625882,-0.9385180463975019,2013-10-21,2013-10-21,federal_reserve_h15_nominal:RIFLGFCY01_N.B,0.04255017438852835,0.038046273050189254,-1.1183795672285093,2013-10-21,2013-10-21,yahoo:ZT=F,-0.029999999999999805,0.02815614251956259,-1.06548686415961,2013-10-21,2013-10-21,derived:H15_5Y_nominal_minus_5Y_real,-0.020000000000000018,0.0248361864663658,-0.8052766082701486,2013-10-21,2013-10-21,derived:H15_10Y_nominal_minus_10Y_real,-0.050000000000000044,0.06302721141325446,-0.7933081422905087,2013-10-21,2013-10-21,federal_reserve_h15_real:RIFLGFCY05_XII_N.B,-0.07,0.05701620346556862,-1.2277211695140688,2013-10-21,2013-10-21,federal_reserve_h15_real:RIFLGFCY10_XII_N.B,0.5048977596742421,0.4111320173684484,-1.228067234719311,2013-10-21,2013-10-21,yahoo:TIP,1.8414947525612457,1.327435424140267,1.3872575035082528,2013-10-21,2013-10-21,yahoo:GLD,2.0164741123126424,1.4043331018871474,1.4358944538178997,2013-10-21,2013-10-21,yahoo:GC=F,-0.553742223500157,0.38033117461162474,-1.4559475017150803,2013-10-21,2013-10-21,yahoo:DX-Y.NYB,-0.5604887208481145,0.3865536021648933,-1.449963776586475,2013-10-21,yahoo:UUP,1,"{""alfred_employment_situation_release_dates"":""b796dbd0eac6d9fd3e17ef1280bf85abe0e8b6e91df1205809e70b9ba0cf5a4b"",""federal_reserve_h15_nominal"":""dd00d34890aea66542962d4e00c3650e37e7303bdcdea95963616a6ca09fce87"",""federal_reserve_h15_real"":""5be7cb777f2a50c090ec837ab67ad98e90e36ff23935d9d8e1e1bbdb97ea0142"",""philadelphia_fed_employ_first_releases"":""8af43817875de1075966ebb668f42ddd7367db908d7897a59744917ef167f755"",""yahoo_DX-Y.NYB"":""2abdecea5830986f7a96a4a77f51a66ae7015a1d96488f3b6807200e2e1f0585"",""yahoo_GC=F"":""dde2a4acfa0b6fafad13fd03b21e79cf06b521cf30e1ed0662dd6da52c3e6f78"",""yahoo_GLD"":""cffc9bd91365864e1969d125a13ee2eeae3f44374a8337e4a94eddc8ffad287e"",""yahoo_TIP"":""9198e3f8407f96f1376cec3bff2883b5a1730e9692a4acc4b4e124d9001589b9"",""yahoo_UUP"":""a4840dacc2e010d8281489df6cb8f77cc34ce1661bdac1c6031f392e01b7aedb"",""yahoo_ZT=F"":""1f36bff6184615be1adeb576578d5ad37ce794b249c13a30005be74f8262dee4""}"
NFP_201310_REL_20131108,nfp,2013:10,2013-11-08,2013-11-08T08:30:00 America/New_York,confirmation,confirmation_protocol_locked,204.0,163.5,40.5,230.1519964171553,0.17597066560566743,philadelphia_fed_employ_first_releases,0,0,,0.030000000000000027,0.023237292256466313,1.2910282174400864,2013-11-07,2013-11-07,federal_reserve_h15_nominal:RIFLGFCY02_N.B,0.009999999999999995,0.010332057511908195,0.9678614340342678,2013-11-07,2013-11-07,federal_reserve_h15_nominal:RIFLGFCY01_N.B,-0.04252303395046184,0.037278422888432784,1.140687578917305,2013-11-07,2013-11-07,yahoo:ZT=F,0.010000000000000009,0.02717592819843192,0.3679727119891721,2013-11-07,2013-11-07,derived:H15_5Y_nominal_minus_5Y_real,0.010000000000000231,0.023047482306706897,0.43388687175996643,2013-11-07,2013-11-07,derived:H15_10Y_nominal_minus_10Y_real,0.10000000000000003,0.06294917688148509,1.5885831229893732,2013-11-07,2013-11-07,federal_reserve_h15_real:RIFLGFCY05_XII_N.B,0.12999999999999995,0.05514131819018669,2.3575787497792464,2013-11-07,2013-11-07,federal_reserve_h15_real:RIFLGFCY10_XII_N.B,-0.8573888364083595,0.3930289842739412,2.1814900954245133,2013-11-07,2013-11-07,yahoo:TIP,-1.5013896979636616,1.2953218856560642,-1.1590861812724076,2013-11-07,2013-11-07,yahoo:GLD,-1.8435497773769578,1.4024905055199244,-1.3144828931968606,2013-11-07,2013-11-07,yahoo:GC=F,0.48139251464063454,0.3649937713981183,1.318906108443023,2013-11-07,2013-11-07,yahoo:DX-Y.NYB,0.5953786190775099,0.3861510459641839,1.5418283215856734,2013-11-07,yahoo:UUP,1,"{""alfred_employment_situation_release_dates"":""b796dbd0eac6d9fd3e17ef1280bf85abe0e8b6e91df1205809e70b9ba0cf5a4b"",""federal_reserve_h15_nominal"":""dd00d34890aea66542962d4e00c3650e37e7303bdcdea95963616a6ca09fce87"",""federal_reserve_h15_real"":""5be7cb777f2a50c090ec837ab67ad98e90e36ff23935d9d8e1e1bbdb97ea0142"",""philadelphia_fed_employ_first_releases"":""8af43817875de1075966ebb668f42ddd7367db908d7897a59744917ef167f755"",""yahoo_DX-Y.NYB"":""2abdecea5830986f7a96a4a77f51a66ae7015a1d96488f3b6807200e2e1f0585"",""yahoo_GC=F"":""dde2a4acfa0b6fafad13fd03b21e79cf06b521cf30e1ed0662dd6da52c3e6f78"",""yahoo_GLD"":""cffc9bd91365864e1969d125a13ee2eeae3f44374a8337e4a94eddc8ffad287e"",""yahoo_TIP"":""9198e3f8407f96f1376cec3bff2883b5a1730e9692a4acc4b4e124d9001589b9"",""yahoo_UUP"":""a4840dacc2e010d8281489df6cb8f77cc34ce1661bdac1c6031f392e01b7aedb"",""yahoo_ZT=F"":""1f36bff6184615be1adeb576578d5ad37ce794b249c13a30005be74f8262dee4""}"
NFP_201311_REL_20131206,nfp,2013:11,2013-12-06,2013-12-06T08:30:00 America/New_York,confirmation,confirmation_protocol_locked,203.0,163.5,39.5,228.28462138650934,0.17302961434761932,philadelphia_fed_employ_first_releases,0,0,,0.0,0.019711908127674965,0.0,2013-12-05,2013-12-05,federal_reserve_h15_nominal:RIFLGFCY02_N.B,0.0,0.009653605046586496,0.0,2013-12-05,2013-12-05,federal_reserve_h15_nominal:RIFLGFCY01_N.B,-0.007086418881183789,0.02923710168104834,0.24237761179239073,2013-12-05,2013-12-05,yahoo:ZT=F,-0.010000000000000009,0.02417625954161909,-0.4136289148776365,2013-12-05,2013-12-05,derived:H15_5Y_nominal_minus_5Y_real,-0.010000000000000231,0.02112914285923838,-0.4732799653360236,2013-12-05,2013-12-05,derived:H15_10Y_nominal_minus_10Y_real,0.03,0.05318632635118224,0.5640547497474067,2013-12-05,2013-12-05,federal_reserve_h15_real:RIFLGFCY05_XII_N.B,0.010000000000000009,0.05196043692704785,0.1924541168512488,2013-12-05,2013-12-05,federal_reserve_h15_real:RIFLGFCY10_XII_N.B,-0.009074696978245285,0.336516902129809,0.026966541415339624,2013-12-05,2013-12-05,yahoo:TIP,0.21110414726728802,1.3055829107925907,0.16169340569809643,2013-12-05,2013-12-05,yahoo:GLD,-0.23542956632373094,1.3928660016176124,-0.16902528028562228,2013-12-05,2013-12-05,yahoo:GC=F,0.0,0.33478944265842303,0.0,2013-12-05,2013-12-05,yahoo:DX-Y.NYB,0.0,0.3471995798004091,0.0,2013-12-05,yahoo:UUP,1,"{""alfred_employment_situation_release_dates"":""b796dbd0eac6d9fd3e17ef1280bf85abe0e8b6e91df1205809e70b9ba0cf5a4b"",""federal_reserve_h15_nominal"":""dd00d34890aea66542962d4e00c3650e37e7303bdcdea95963616a6ca09fce87"",""federal_reserve_h15_real"":""5be7cb777f2a50c090ec837ab67ad98e90e36ff23935d9d8e1e1bbdb97ea0142"",""philadelphia_fed_employ_first_releases"":""8af43817875de1075966ebb668f42ddd7367db908d7897a59744917ef167f755"",""yahoo_DX-Y.NYB"":""2abdecea5830986f7a96a4a77f51a66ae7015a1d96488f3b6807200e2e1f0585"",""yahoo_GC=F"":""dde2a4acfa0b6fafad13fd03b21e79cf06b521cf30e1ed0662dd6da52c3e6f78"",""yahoo_GLD"":""cffc9bd91365864e1969d125a13ee2eeae3f44374a8337e4a94eddc8ffad287e"",""yahoo_TIP"":""9198e3f8407f96f1376cec3bff2883b5a1730e9692a4acc4b4e124d9001589b9"",""yahoo_UUP"":""a4840dacc2e010d8281489df6cb8f77cc34ce1661bdac1c6031f392e01b7aedb"",""yahoo_ZT=F"":""1f36bff6184615be1adeb576578d5ad37ce794b249c13a30005be74f8262dee4""}"
NFP_201312_REL_20140110,nfp,2013:12,2014-01-10,2014-01-10T08:30:00 America/New_York,confirmation,confirmation_protocol_locked,74.0,167.0,-93.0,218.11518622800392,-0.4263802150061374,philadelphia_fed_employ_first_releases,0,0,,-0.04999999999999999,0.016552433381453544,-3.0207038957802625,2014-01-09,2014-01-09,federal_reserve_h15_nominal:RIFLGFCY02_N.B,-0.010000000000000009,0.008731720211568131,-1.1452497054076023,2014-01-09,2014-01-09,federal_reserve_h15_nominal:RIFLGFCY01_N.B,0.11374947906435488,0.03873026478645244,-2.9369662121221443,2014-01-09,2014-01-09,yahoo:ZT=F,-0.08000000000000007,0.03257152060930316,-2.4561334105215296,2014-01-09,2014-01-09,derived:H15_5Y_nominal_minus_5Y_real,-0.020000000000000018,0.016891143669487806,-1.1840524473264682,2014-01-09,2014-01-09,derived:H15_10Y_nominal_minus_10Y_real,-0.03,0.05156834092067277,-0.5817522818147047,2014-01-09,2014-01-09,federal_reserve_h15_real:RIFLGFCY05_XII_N.B,-0.07000000000000006,0.046097415886494436,-1.5185232979731642,2014-01-09,2014-01-09,federal_reserve_h15_real:RIFLGFCY10_XII_N.B,0.5304037071029265,0.30249954315326283,-1.7534033326926215,2014-01-09,2014-01-09,yahoo:TIP,1.5080740254614515,1.0910816468579083,1.3821825615016035,2014-01-09,2014-01-09,yahoo:GLD,1.4055079791468317,1.163138981985898,1.2083749241617905,2014-01-09,2014-01-09,yahoo:GC=F,-0.432979536533623,0.3214715442820034,-1.3468673798194772,2014-01-09,2014-01-09,yahoo:DX-Y.NYB,-0.4144801568808342,0.32371819133378177,-1.2803733864108642,2014-01-09,yahoo:UUP,1,"{""alfred_employment_situation_release_dates"":""b796dbd0eac6d9fd3e17ef1280bf85abe0e8b6e91df1205809e70b9ba0cf5a4b"",""federal_reserve_h15_nominal"":""dd00d34890aea66542962d4e00c3650e37e7303bdcdea95963616a6ca09fce87"",""federal_reserve_h15_real"":""5be7cb777f2a50c090ec837ab67ad98e90e36ff23935d9d8e1e1bbdb97ea0142"",""philadelphia_fed_employ_first_releases"":""8af43817875de1075966ebb668f42ddd7367db908d7897a59744917ef167f755"",""yahoo_DX-Y.NYB"":""2abdecea5830986f7a96a4a77f51a66ae7015a1d96488f3b6807200e2e1f0585"",""yahoo_GC=F"":""dde2a4acfa0b6fafad13fd03b21e79cf06b521cf30e1ed0662dd6da52c3e6f78"",""yahoo_GLD"":""cffc9bd91365864e1969d125a13ee2eeae3f44374a8337e4a94eddc8ffad287e"",""yahoo_TIP"":""9198e3f8407f96f1376cec3bff2883b5a1730e9692a4acc4b4e124d9001589b9"",""yahoo_UUP"":""a4840dacc2e010d8281489df6cb8f77cc34ce1661bdac1c6031f392e01b7aedb"",""yahoo_ZT=F"":""1f36bff6184615be1adeb576578d5ad37ce794b249c13a30005be74f8262dee4""}"
NFP_201401_REL_20140207,nfp,2014:01,2014-02-07,2014-02-07T08:30:00 America/New_York,confirmation,confirmation_protocol_locked,113.0,167.0,-54.0,208.58167983074867,-0.25889138511022497,philadelphia_fed_employ_first_releases,0,0,,-0.030000000000000027,0.01947329041400098,-1.5405716939562772,2014-02-06,2014-02-06,federal_reserve_h15_nominal:RIFLGFCY02_N.B,-0.010000000000000009,0.008430506884386233,-1.1861682977236592,2014-02-06,2014-02-06,federal_reserve_h15_nominal:RIFLGFCY01_N.B,0.03546979783933161,0.043927220210635734,-0.8074673896788852,2014-02-06,2014-02-06,yahoo:ZT=F,-0.050000000000000044,0.039432413751091744,-1.267992375907136,2014-02-06,2014-02-06,derived:H15_5Y_nominal_minus_5Y_real,0.019999999999999574,0.021510081725070466,0.9297965603119556,2014-02-06,2014-02-06,derived:H15_10Y_nominal_minus_10Y_real,0.0,0.0504093413457789,0.0,2014-02-06,2014-02-06,federal_reserve_h15_real:RIFLGFCY05_XII_N.B,-0.039999999999999925,0.045825448731162795,-0.8728774318100375,2014-02-06,2014-02-06,federal_reserve_h15_real:RIFLGFCY10_XII_N.B,0.2855035194205834,0.28891694717050725,-0.988185436045365,2014-02-06,2014-02-06,yahoo:TIP,0.7641467858454636,1.0793786719565672,0.7079506068619187,2014-02-06,2014-02-06,yahoo:GLD,0.4522260225517395,1.0846816264301429,0.4169205152299723,2014-02-06,2014-02-06,yahoo:GC=F,-0.24755173673803071,0.2993843896503811,-0.8268692199587286,2014-02-06,2014-02-06,yahoo:DX-Y.NYB,-0.32280051734237925,0.29327948092063355,-1.1006583765392526,2014-02-06,yahoo:UUP,1,"{""alfred_employment_situation_release_dates"":""b796dbd0eac6d9fd3e17ef1280bf85abe0e8b6e91df1205809e70b9ba0cf5a4b"",""federal_reserve_h15_nominal"":""dd00d34890aea66542962d4e00c3650e37e7303bdcdea95963616a6ca09fce87"",""federal_reserve_h15_real"":""5be7cb777f2a50c090ec837ab67ad98e90e36ff23935d9d8e1e1bbdb97ea0142"",""philadelphia_fed_employ_first_releases"":""8af43817875de1075966ebb668f42ddd7367db908d7897a59744917ef167f755"",""yahoo_DX-Y.NYB"":""2abdecea5830986f7a96a4a77f51a66ae7015a1d96488f3b6807200e2e1f0585"",""yahoo_GC=F"":""dde2a4acfa0b6fafad13fd03b21e79cf06b521cf30e1ed0662dd6da52c3e6f78"",""yahoo_GLD"":""cffc9bd91365864e1969d125a13ee2eeae3f44374a8337e4a94eddc8ffad287e"",""yahoo_TIP"":""9198e3f8407f96f1376cec3bff2883b5a1730e9692a4acc4b4e124d9001589b9"",""yahoo_UUP"":""a4840dacc2e010d8281489df6cb8f77cc34ce1661bdac1c6031f392e01b7aedb"",""yahoo_ZT=F"":""1f36bff6184615be1adeb576578d5ad37ce794b249c13a30005be74f8262dee4""}"
NFP_201402_REL_20140307,nfp,2014:02,2014-03-07,2014-03-07T08:30:00 America/New_York,confirmation,confirmation_protocol_locked,175.0,167.0,8.0,194.85856017782814,0.041055419852734164,philadelphia_fed_employ_first_releases,0,0,,0.010000000000000009,0.019751993391499828,0.5062780146688111,2014-03-06,2014-03-06,federal_reserve_h15_nominal:RIFLGFCY02_N.B,0.010000000000000009,0.007917298517752698,1.263057086653653,2014-03-06,2014-03-06,federal_reserve_h15_nominal:RIFLGFCY01_N.B,-0.056769799991869194,0.04482452613487333,1.266489685157039,2014-03-06,2014-03-06,yahoo:ZT=F,-0.010000000000000231,0.045899361786732734,-0.21786795307665352,2014-03-06,2014-03-06,derived:H15_5Y_nominal_minus_5Y_real,0.020000000000000018,0.02241115541433886,0.892412712786947,2014-03-06,2014-03-06,derived:H15_10Y_nominal_minus_10Y_real,0.09000000000000002,0.05272543742267511,1.7069559665956344,2014-03-06,2014-03-06,federal_reserve_h15_real:RIFLGFCY05_XII_N.B,0.039999999999999925,0.03805437679453363,1.0511274489126774,2014-03-06,2014-03-06,federal_reserve_h15_real:RIFLGFCY10_XII_N.B,-0.21379138342029705,0.2847927967325519,0.750690979101792,2014-03-06,2014-03-06,yahoo:TIP,-0.8331467261762834,1.0087849894629,-0.8258912799841219,2014-03-06,2014-03-06,yahoo:GLD,-1.0112344300665708,1.0359838742987417,-0.9761102032124546,2014-03-06,2014-03-06,yahoo:GC=F,0.05018935506162131,0.30241341288207774,0.16596272825105152,2014-03-06,2014-03-06,yahoo:DX-Y.NYB,0.09363499733930324,0.30732005396638284,0.3046823535620809,2014-03-06,yahoo:UUP,1,"{""alfred_employment_situation_release_dates"":""b796dbd0eac6d9fd3e17ef1280bf85abe0e8b6e91df1205809e70b9ba0cf5a4b"",""federal_reserve_h15_nominal"":""dd00d34890aea66542962d4e00c3650e37e7303bdcdea95963616a6ca09fce87"",""federal_reserve_h15_real"":""5be7cb777f2a50c090ec837ab67ad98e90e36ff23935d9d8e1e1bbdb97ea0142"",""philadelphia_fed_employ_first_releases"":""8af43817875de1075966ebb668f42ddd7367db908d7897a59744917ef167f755"",""yahoo_DX-Y.NYB"":""2abdecea5830986f7a96a4a77f51a66ae7015a1d96488f3b6807200e2e1f0585"",""yahoo_GC=F"":""dde2a4acfa0b6fafad13fd03b21e79cf06b521cf30e1ed0662dd6da52c3e6f78"",""yahoo_GLD"":""cffc9bd91365864e1969d125a13ee2eeae3f44374a8337e4a94eddc8ffad287e"",""yahoo_TIP"":""9198e3f8407f96f1376cec3bff2883b5a1730e9692a4acc4b4e124d9001589b9"",""yahoo_UUP"":""a4840dacc2e010d8281489df6cb8f77cc34ce1661bdac1c6031f392e01b7aedb"",""yahoo_ZT=F"":""1f36bff6184615be1adeb576578d5ad37ce794b249c13a30005be74f8262dee4""}"
NFP_201403_REL_20140404,nfp,2014:03,2014-04-04,2014-04-04T08:30:00 America/New_York,confirmation,confirmation_protocol_locked,192.0,167.0,25.0,176.71608625488213,0.14146986010057885,philadelphia_fed_employ_first_releases,0,0,,-0.030000000000000027,0.024055021675247142,-1.247140842565539,2014-04-03,2014-04-03,federal_reserve_h15_nominal:RIFLGFCY02_N.B,0.0,0.008227005276478742,0.0,2014-04-03,2014-04-03,federal_reserve_h15_nominal:RIFLGFCY01_N.B,0.0854031793421879,0.05380344446522303,-1.587318064689892,2014-04-03,2014-04-03,yahoo:ZT=F,0.030000000000000027,0.044858534701807,0.6687690580939007,2014-04-03,2014-04-03,derived:H15_5Y_nominal_minus_5Y_real,-0.009999999999999343,0.022078442588159282,-0.45293049815761754,2014-04-03,2014-04-03,derived:H15_10Y_nominal_minus_10Y_real,-0.11,0.05944066024528563,-1.8505850969029964,2014-04-03,2014-04-03,federal_reserve_h15_real:RIFLGFCY05_XII_N.B,-0.050000000000000044,0.039094265332921964,-1.2789599593241152,2014-04-03,2014-04-03,federal_reserve_h15_real:RIFLGFCY10_XII_N.B,0.45594984816531997,0.30223040354859215,-1.5086167467331362,2014-04-03,2014-04-03,yahoo:TIP,1.3227188238038483,0.9258918278911109,1.4285889387495556,2014-04-03,2014-04-03,yahoo:GLD,1.4531038596462558,0.8684093635174674,1.6732936339614073,2014-04-03,2014-04-03,yahoo:GC=F,-0.06215806272290922,0.2825652199688256,-0.21997775497553057,2014-04-03,2014-04-03,yahoo:DX-Y.NYB,-0.0927776481439584,0.2970182875188183,-0.31236342017519797,2014-04-03,yahoo:UUP,1,"{""alfred_employment_situation_release_dates"":""b796dbd0eac6d9fd3e17ef1280bf85abe0e8b6e91df1205809e70b9ba0cf5a4b"",""federal_reserve_h15_nominal"":""dd00d34890aea66542962d4e00c3650e37e7303bdcdea95963616a6ca09fce87"",""federal_reserve_h15_real"":""5be7cb777f2a50c090ec837ab67ad98e90e36ff23935d9d8e1e1bbdb97ea0142"",""philadelphia_fed_employ_first_releases"":""8af43817875de1075966ebb668f42ddd7367db908d7897a59744917ef167f755"",""yahoo_DX-Y.NYB"":""2abdecea5830986f7a96a4a77f51a66ae7015a1d96488f3b6807200e2e1f0585"",""yahoo_GC=F"":""dde2a4acfa0b6fafad13fd03b21e79cf06b521cf30e1ed0662dd6da52c3e6f78"",""yahoo_GLD"":""cffc9bd91365864e1969d125a13ee2eeae3f44374a8337e4a94eddc8ffad287e"",""yahoo_TIP"":""9198e3f8407f96f1376cec3bff2883b5a1730e9692a4acc4b4e124d9001589b9"",""yahoo_UUP"":""a4840dacc2e010d8281489df6cb8f77cc34ce1661bdac1c6031f392e01b7aedb"",""yahoo_ZT=F"":""1f36bff6184615be1adeb576578d5ad37ce794b249c13a30005be74f8262dee4""}"
NFP_201404_REL_20140502,nfp,2014:04,2014-05-02,2014-05-02T08:30:00 America/New_York,confirmation,confirmation_protocol_locked,288.0,172.0,116.0,157.65230708549282,0.7357963999670153,philadelphia_fed_employ_first_releases,0,0,,0.010000000000000009,0.022259385121532454,0.449248707697976,2014-05-01,2014-05-01,federal_reserve_h15_nominal:RIFLGFCY02_N.B,0.0,0.00758380671521798,0.0,2014-05-01,2014-05-01,federal_reserve_h15_nominal:RIFLGFCY01_N.B,-0.02842524180595031,0.050933345038982385,0.5580870799707882,2014-05-01,2014-05-01,yahoo:ZT=F,-0.010000000000000009,0.05117241267723306,-0.19541779401871107,2014-05-01,2014-05-01,derived:H15_5Y_nominal_minus_5Y_real,-0.009999999999999787,0.016060443739428394,-0.6226478024047234,2014-05-01,2014-05-01,derived:H15_10Y_nominal_minus_10Y_real,0.019999999999999962,0.06129925668437177,0.32626823034705665,2014-05-01,2014-05-01,federal_reserve_h15_real:RIFLGFCY05_XII_N.B,-0.020000000000000018,0.03600690454817302,-0.5554490243181655,2014-05-01,2014-05-01,federal_reserve_h15_real:RIFLGFCY10_XII_N.B,0.2634672508355051,0.2785567735949564,-0.9458296326285259,2014-05-01,2014-05-01,yahoo:TIP,1.012621771606747,0.8265885267831304,1.2250614892365008,2014-05-01,2014-05-01,yahoo:GLD,1.5083242496169846,0.8363166235278765,1.8035325463869707,2014-05-01,2014-05-01,yahoo:GC=F,-0.012577348672143914,0.2348596021444243,-0.05355262700483335,2014-05-01,2014-05-01,yahoo:DX-Y.NYB,0.0,0.24800014512398347,0.0,2014-05-01,yahoo:UUP,1,"{""alfred_employment_situation_release_dates"":""b796dbd0eac6d9fd3e17ef1280bf85abe0e8b6e91df1205809e70b9ba0cf5a4b"",""federal_reserve_h15_nominal"":""dd00d34890aea66542962d4e00c3650e37e7303bdcdea95963616a6ca09fce87"",""federal_reserve_h15_real"":""5be7cb777f2a50c090ec837ab67ad98e90e36ff23935d9d8e1e1bbdb97ea0142"",""philadelphia_fed_employ_first_releases"":""8af43817875de1075966ebb668f42ddd7367db908d7897a59744917ef167f755"",""yahoo_DX-Y.NYB"":""2abdecea5830986f7a96a4a77f51a66ae7015a1d96488f3b6807200e2e1f0585"",""yahoo_GC=F"":""dde2a4acfa0b6fafad13fd03b21e79cf06b521cf30e1ed0662dd6da52c3e6f78"",""yahoo_GLD"":""cffc9bd91365864e1969d125a13ee2eeae3f44374a8337e4a94eddc8ffad287e"",""yahoo_TIP"":""9198e3f8407f96f1376cec3bff2883b5a1730e9692a4acc4b4e124d9001589b9"",""yahoo_UUP"":""a4840dacc2e010d8281489df6cb8f77cc34ce1661bdac1c6031f392e01b7aedb"",""yahoo_ZT=F"":""1f36bff6184615be1adeb576578d5ad37ce794b249c13a30005be74f8262dee4""}"
NFP_201405_REL_20140606,nfp,2014:05,2014-06-06,2014-06-06T08:30:00 America/New_York,confirmation,confirmation_protocol_locked,217.0,175.0,42.0,147.84947109034553,0.2840727105092943,philadelphia_fed_employ_first_releases,0,0,,0.009999999999999953,0.021267066925018605,0.470210585938202,2014-06-05,2014-06-05,federal_reserve_h15_nominal:RIFLGFCY02_N.B,0.009999999999999995,0.006992732304667881,1.4300561732249728,2014-06-05,2014-06-05,federal_reserve_h15_nominal:RIFLGFCY01_N.B,-0.028386913823435455,0.05042639621741689,0.5629375873112827,2014-06-05,2014-06-05,yahoo:ZT=F,0.010000000000000009,0.044899133659680256,0.22272144660510634,2014-06-05,2014-06-05,derived:H15_5Y_nominal_minus_5Y_real,0.020000000000000462,0.015290039592311892,1.3080410864375278,2014-06-05,2014-06-05,derived:H15_10Y_nominal_minus_10Y_real,0.019999999999999962,0.05597492376408815,0.3573028537616583,2014-06-05,2014-06-05,federal_reserve_h15_real:RIFLGFCY05_XII_N.B,-0.009999999999999953,0.039396578474281574,-0.25382914931376693,2014-06-05,2014-06-05,federal_reserve_h15_real:RIFLGFCY10_XII_N.B,0.0,0.2840466497680116,-0.0,2014-06-05,2014-06-05,yahoo:TIP,-0.04144987075746222,0.7732419839716057,-0.053605302889223744,2014-06-05,2014-06-05,yahoo:GLD,-0.07185537196589836,0.7974371973346981,-0.0901078758378253,2014-06-05,2014-06-05,yahoo:GC=F,0.04975857041700697,0.2277578244726656,0.21847139843478244,2014-06-05,2014-06-05,yahoo:DX-Y.NYB,0.04658847970329974,0.23467057358067897,0.19852714804603644,2014-06-05,yahoo:UUP,1,"{""alfred_employment_situation_release_dates"":""b796dbd0eac6d9fd3e17ef1280bf85abe0e8b6e91df1205809e70b9ba0cf5a4b"",""federal_reserve_h15_nominal"":""dd00d34890aea66542962d4e00c3650e37e7303bdcdea95963616a6ca09fce87"",""federal_reserve_h15_real"":""5be7cb777f2a50c090ec837ab67ad98e90e36ff23935d9d8e1e1bbdb97ea0142"",""philadelphia_fed_employ_first_releases"":""8af43817875de1075966ebb668f42ddd7367db908d7897a59744917ef167f755"",""yahoo_DX-Y.NYB"":""2abdecea5830986f7a96a4a77f51a66ae7015a1d96488f3b6807200e2e1f0585"",""yahoo_GC=F"":""dde2a4acfa0b6fafad13fd03b21e79cf06b521cf30e1ed0662dd6da52c3e6f78"",""yahoo_GLD"":""cffc9bd91365864e1969d125a13ee2eeae3f44374a8337e4a94eddc8ffad287e"",""yahoo_TIP"":""9198e3f8407f96f1376cec3bff2883b5a1730e9692a4acc4b4e124d9001589b9"",""yahoo_UUP"":""a4840dacc2e010d8281489df6cb8f77cc34ce1661bdac1c6031f392e01b7aedb"",""yahoo_ZT=F"":""1f36bff6184615be1adeb576578d5ad37ce794b249c13a30005be74f8262dee4""}"
NFP_201406_REL_20140703,nfp,2014:06,2014-07-03,2014-07-03T08:30:00 America/New_York,confirmation,confirmation_protocol_locked,288.0,183.5,104.5,147.82279148905226,0.7069275241479881,philadelphia_fed_employ_first_releases,0,0,,0.030000000000000027,0.016618008066263405,1.8052705162000557,2014-07-02,2014-07-02,federal_reserve_h15_nominal:RIFLGFCY02_N.B,-0.009999999999999995,0.007246662976417856,-1.379945504923034,2014-07-02,2014-07-02,federal_reserve_h15_nominal:RIFLGFCY01_N.B,-0.0569800585217096,0.04264391565038085,1.3361826101726828,2014-07-02,2014-07-02,yahoo:ZT=F,0.020000000000000018,0.037941376129482576,0.5271290090202843,2014-07-02,2014-07-02,derived:H15_5Y_nominal_minus_5Y_real,0.019999999999999574,0.015877354801106747,1.2596556700115724,2014-07-02,2014-07-02,derived:H15_10Y_nominal_minus_10Y_real,0.010000000000000009,0.041255371162037965,0.24239268047603285,2014-07-02,2014-07-02,federal_reserve_h15_real:RIFLGFCY05_XII_N.B,-0.010000000000000009,0.035118443654948074,-0.28475065974602326,2014-07-02,2014-07-02,federal_reserve_h15_real:RIFLGFCY10_XII_N.B,0.0789116412887398,0.2577929380161178,-0.30610474397016285,2014-07-02,2014-07-02,yahoo:TIP,-0.42375742987988535,0.768493744971476,-0.5514129850147497,2014-07-02,2014-07-02,yahoo:GLD,-0.7770343387195853,0.7713502940313356,-1.007368953810263,2014-07-02,2014-07-02,yahoo:GC=F,0.31216857823207933,0.21296348037910914,1.4658315016094272,2014-07-02,2014-07-02,yahoo:DX-Y.NYB,0.3746944448684508,0.22284945918642063,1.6813791975820191,2014-07-02,yahoo:UUP,1,"{""alfred_employment_situation_release_dates"":""b796dbd0eac6d9fd3e17ef1280bf85abe0e8b6e91df1205809e70b9ba0cf5a4b"",""federal_reserve_h15_nominal"":""dd00d34890aea66542962d4e00c3650e37e7303bdcdea95963616a6ca09fce87"",""federal_reserve_h15_real"":""5be7cb777f2a50c090ec837ab67ad98e90e36ff23935d9d8e1e1bbdb97ea0142"",""philadelphia_fed_employ_first_releases"":""8af43817875de1075966ebb668f42ddd7367db908d7897a59744917ef167f755"",""yahoo_DX-Y.NYB"":""2abdecea5830986f7a96a4a77f51a66ae7015a1d96488f3b6807200e2e1f0585"",""yahoo_GC=F"":""dde2a4acfa0b6fafad13fd03b21e79cf06b521cf30e1ed0662dd6da52c3e6f78"",""yahoo_GLD"":""cffc9bd91365864e1969d125a13ee2eeae3f44374a8337e4a94eddc8ffad287e"",""yahoo_TIP"":""9198e3f8407f96f1376cec3bff2883b5a1730e9692a4acc4b4e124d9001589b9"",""yahoo_UUP"":""a4840dacc2e010d8281489df6cb8f77cc34ce1661bdac1c6031f392e01b7aedb"",""yahoo_ZT=F"":""1f36bff6184615be1adeb576578d5ad37ce794b249c13a30005be74f8262dee4""}"
NFP_201407_REL_20140801,nfp,2014:07,2014-08-01,2014-08-01T08:30:00 America/New_York,confirmation,confirmation_protocol_locked,209.0,183.5,25.5,147.01593556732027,0.17345058480632025,philadelphia_fed_employ_first_releases,0,0,,-0.06000000000000005,0.01860988134341053,-3.2240936356773235,2014-07-31,2014-07-31,federal_reserve_h15_nominal:RIFLGFCY02_N.B,0.010000000000000009,0.0071228128767247675,1.403939731826598,2014-07-31,2014-07-31,federal_reserve_h15_nominal:RIFLGFCY01_N.B,0.11387091117271701,0.044626225623193336,-2.551659020733663,2014-07-31,2014-07-31,yahoo:ZT=F,-0.050000000000000044,0.019107190943796825,-2.616815844206163,2014-07-31,2014-07-31,derived:H15_5Y_nominal_minus_5Y_real,-0.020000000000000018,0.015192735403460068,-1.3164186348855336,2014-07-31,2014-07-31,derived:H15_10Y_nominal_minus_10Y_real,-0.04000000000000001,0.03640481746229854,-1.0987556809321926,2014-07-31,2014-07-31,federal_reserve_h15_real:RIFLGFCY05_XII_N.B,-0.03999999999999998,0.03695469817917776,-1.0824063507718786,2014-07-31,2014-07-31,federal_reserve_h15_real:RIFLGFCY10_XII_N.B,0.3798940359505346,0.2782058727399089,-1.3655140785100992,2014-07-31,2014-07-31,yahoo:TIP,0.7991307629640355,0.8319303388770616,0.9605741317749045,2014-07-31,2014-07-31,yahoo:GLD,0.9553784766137139,0.7924226558248595,1.2056425565208357,2014-07-31,2014-07-31,yahoo:GC=F,-0.196603689052539,0.18546886835136278,-1.0600360631956938,2014-07-31,2014-07-31,yahoo:DX-Y.NYB,-0.1381032864299606,0.20365527157555355,-0.6781228168637216,2014-07-31,yahoo:UUP,1,"{""alfred_employment_situation_release_dates"":""b796dbd0eac6d9fd3e17ef1280bf85abe0e8b6e91df1205809e70b9ba0cf5a4b"",""federal_reserve_h15_nominal"":""dd00d34890aea66542962d4e00c3650e37e7303bdcdea95963616a6ca09fce87"",""federal_reserve_h15_real"":""5be7cb777f2a50c090ec837ab67ad98e90e36ff23935d9d8e1e1bbdb97ea0142"",""philadelphia_fed_employ_first_releases"":""8af43817875de1075966ebb668f42ddd7367db908d7897a59744917ef167f755"",""yahoo_DX-Y.NYB"":""2abdecea5830986f7a96a4a77f51a66ae7015a1d96488f3b6807200e2e1f0585"",""yahoo_GC=F"":""dde2a4acfa0b6fafad13fd03b21e79cf06b521cf30e1ed0662dd6da52c3e6f78"",""yahoo_GLD"":""cffc9bd91365864e1969d125a13ee2eeae3f44374a8337e4a94eddc8ffad287e"",""yahoo_TIP"":""9198e3f8407f96f1376cec3bff2883b5a1730e9692a4acc4b4e124d9001589b9"",""yahoo_UUP"":""a4840dacc2e010d8281489df6cb8f77cc34ce1661bdac1c6031f392e01b7aedb"",""yahoo_ZT=F"":""1f36bff6184615be1adeb576578d5ad37ce794b249c13a30005be74f8262dee4""}"
NFP_201408_REL_20140905,nfp,2014:08,2014-09-05,2014-09-05T08:30:00 America/New_York,confirmation,confirmation_protocol_locked,142.0,197.5,-55.5,145.71205352465827,-0.38088818774767974,philadelphia_fed_employ_first_releases,0,0,,-0.020000000000000018,0.022385300867204236,-0.8934434305192287,2014-09-04,2014-09-04,federal_reserve_h15_nominal:RIFLGFCY02_N.B,0.0,0.008731720211568126,0.0,2014-09-04,2014-09-04,federal_reserve_h15_nominal:RIFLGFCY01_N.B,0.049788400331471014,0.04743207234063395,-1.049677947316218,2014-09-04,2014-09-04,yahoo:ZT=F,0.010000000000000009,0.021177218331763635,0.4722055485918585,2014-09-04,2014-09-04,derived:H15_5Y_nominal_minus_5Y_real,-0.020000000000000018,0.014828587446203948,-1.348746134623897,2014-09-04,2014-09-04,derived:H15_10Y_nominal_minus_10Y_real,-0.03,0.034360994835739185,-0.8730829867823479,2014-09-04,2014-09-04,federal_reserve_h15_real:RIFLGFCY05_XII_N.B,0.02999999999999997,0.03100710689448633,0.9675201269852931,2014-09-04,2014-09-04,federal_reserve_h15_real:RIFLGFCY10_XII_N.B,-0.10512704417761697,0.2644346933846558,0.397553901993849,2014-09-04,2014-09-04,yahoo:TIP,0.47630393034795687,0.8170167310805514,0.5829794081670979,2014-09-04,2014-09-04,yahoo:GLD,0.0553220793622331,0.8010880417182057,0.069058675802445,2014-09-04,2014-09-04,yahoo:GC=F,-0.07160467896132917,0.2299667068739617,-0.311369762756892,2014-09-04,2014-09-04,yahoo:DX-Y.NYB,0.0,0.23341640694390672,0.0,2014-09-04,yahoo:UUP,1,"{""alfred_employment_situation_release_dates"":""b796dbd0eac6d9fd3e17ef1280bf85abe0e8b6e91df1205809e70b9ba0cf5a4b"",""federal_reserve_h15_nominal"":""dd00d34890aea66542962d4e00c3650e37e7303bdcdea95963616a6ca09fce87"",""federal_reserve_h15_real"":""5be7cb777f2a50c090ec837ab67ad98e90e36ff23935d9d8e1e1bbdb97ea0142"",""philadelphia_fed_employ_first_releases"":""8af43817875de1075966ebb668f42ddd7367db908d7897a59744917ef167f755"",""yahoo_DX-Y.NYB"":""2abdecea5830986f7a96a4a77f51a66ae7015a1d96488f3b6807200e2e1f0585"",""yahoo_GC=F"":""dde2a4acfa0b6fafad13fd03b21e79cf06b521cf30e1ed0662dd6da52c3e6f78"",""yahoo_GLD"":""cffc9bd91365864e1969d125a13ee2eeae3f44374a8337e4a94eddc8ffad287e"",""yahoo_TIP"":""9198e3f8407f96f1376cec3bff2883b5a1730e9692a4acc4b4e124d9001589b9"",""yahoo_UUP"":""a4840dacc2e010d8281489df6cb8f77cc34ce1661bdac1c6031f392e01b7aedb"",""yahoo_ZT=F"":""1f36bff6184615be1adeb576578d5ad37ce794b249c13a30005be74f8262dee4""}"
NFP_201409_REL_20141003,nfp,2014:09,2014-10-03,2014-10-03T08:30:00 America/New_York,confirmation,confirmation_protocol_locked,248.0,197.5,50.5,144.53274998839896,0.34940177920958,philadelphia_fed_employ_first_releases,0,0,,0.039999999999999925,0.022993489621450487,1.7396228523174737,2014-10-02,2014-10-02,federal_reserve_h15_nominal:RIFLGFCY02_N.B,0.009999999999999995,0.009476405430700274,1.0552524449411436,2014-10-02,2014-10-02,federal_reserve_h15_nominal:RIFLGFCY01_N.B,-0.05707355509138658,0.05288430356048205,1.0792154051175773,2014-10-02,2014-10-02,yahoo:ZT=F,-0.009999999999999787,0.030448159147643487,-0.3284270799922474,2014-10-02,2014-10-02,derived:H15_5Y_nominal_minus_5Y_real,-0.019999999999999796,0.01844521587568346,-1.0842919993344196,2014-10-02,2014-10-02,derived:H15_10Y_nominal_minus_10Y_real,0.04000000000000001,0.04930333872101917,0.8113040827993069,2014-10-02,2014-10-02,federal_reserve_h15_real:RIFLGFCY05_XII_N.B,0.030000000000000027,0.03709013300194129,0.8088404535629417,2014-10-02,2014-10-02,federal_reserve_h15_real:RIFLGFCY10_XII_N.B,-0.16003141704052326,0.28943838718365306,0.5529032226778575,2014-10-02,2014-10-02,yahoo:TIP,-1.8414155642527203,0.7015359413753212,-2.6248342467568095,2014-10-02,2014-10-02,yahoo:GLD,-1.828508465259203,0.689387621174642,-2.6523662582505065,2014-10-02,2014-10-02,yahoo:GC=F,1.2653299721030484,0.26974197344804135,4.69089017155419,2014-10-02,2014-10-02,yahoo:DX-Y.NYB,1.3083468248202346,0.2582135262453353,5.066918235635498,2014-10-02,yahoo:UUP,1,"{""alfred_employment_situation_release_dates"":""b796dbd0eac6d9fd3e17ef1280bf85abe0e8b6e91df1205809e70b9ba0cf5a4b"",""federal_reserve_h15_nominal"":""dd00d34890aea66542962d4e00c3650e37e7303bdcdea95963616a6ca09fce87"",""federal_reserve_h15_real"":""5be7cb777f2a50c090ec837ab67ad98e90e36ff23935d9d8e1e1bbdb97ea0142"",""philadelphia_fed_employ_first_releases"":""8af43817875de1075966ebb668f42ddd7367db908d7897a59744917ef167f755"",""yahoo_DX-Y.NYB"":""2abdecea5830986f7a96a4a77f51a66ae7015a1d96488f3b6807200e2e1f0585"",""yahoo_GC=F"":""dde2a4acfa0b6fafad13fd03b21e79cf06b521cf30e1ed0662dd6da52c3e6f78"",""yahoo_GLD"":""cffc9bd91365864e1969d125a13ee2eeae3f44374a8337e4a94eddc8ffad287e"",""yahoo_TIP"":""9198e3f8407f96f1376cec3bff2883b5a1730e9692a4acc4b4e124d9001589b9"",""yahoo_UUP"":""a4840dacc2e010d8281489df6cb8f77cc34ce1661bdac1c6031f392e01b7aedb"",""yahoo_ZT=F"":""1f36bff6184615be1adeb576578d5ad37ce794b249c13a30005be74f8262dee4""}"
NFP_201410_REL_20141107,nfp,2014:10,2014-11-07,2014-11-07T08:30:00 America/New_York,confirmation,confirmation_protocol_locked,214.0,203.5,10.5,143.1613664232016,0.07334380959288124,philadelphia_fed_employ_first_releases,0,0,,-0.030000000000000027,0.025098112563244426,-1.1953090067790315,2014-11-06,2014-11-06,federal_reserve_h15_nominal:RIFLGFCY02_N.B,0.0,0.009382035966145966,0.0,2014-11-06,2014-11-06,federal_reserve_h15_nominal:RIFLGFCY01_N.B,0.07831132710753302,0.059759799908040534,-1.3104348948296332,2014-11-06,2014-11-06,yahoo:ZT=F,0.010000000000000231,0.03775441007651939,0.26486971931842035,2014-11-06,2014-11-06,derived:H15_5Y_nominal_minus_5Y_real,-2.220446049250313e-16,0.02158938847941866,-1.0284895523405319e-14,2014-11-06,2014-11-06,derived:H15_10Y_nominal_minus_10Y_real,-0.08,0.052478405566932555,-1.5244365589188027,2014-11-06,2014-11-06,federal_reserve_h15_real:RIFLGFCY05_XII_N.B,-0.07,0.035034688217980094,-1.998019778696801,2014-11-06,2014-11-06,federal_reserve_h15_real:RIFLGFCY10_XII_N.B,0.582608040085457,0.26781111134548685,-2.1754438684729167,2014-11-06,2014-11-06,yahoo:TIP,2.7733471313511964,0.7209215252834463,3.8469473224021065,2014-11-06,2014-11-06,yahoo:GLD,2.3617972636309084,0.7599501178883717,3.107831959015276,2014-11-06,2014-11-06,yahoo:GC=F,-0.4212960895345812,0.43183153170222677,-0.9756028881769793,2014-11-06,2014-11-06,yahoo:DX-Y.NYB,-0.599823821926844,0.4384857569777007,-1.3679436843312296,2014-11-06,yahoo:UUP,1,"{""alfred_employment_situation_release_dates"":""b796dbd0eac6d9fd3e17ef1280bf85abe0e8b6e91df1205809e70b9ba0cf5a4b"",""federal_reserve_h15_nominal"":""dd00d34890aea66542962d4e00c3650e37e7303bdcdea95963616a6ca09fce87"",""federal_reserve_h15_real"":""5be7cb777f2a50c090ec837ab67ad98e90e36ff23935d9d8e1e1bbdb97ea0142"",""philadelphia_fed_employ_first_releases"":""8af43817875de1075966ebb668f42ddd7367db908d7897a59744917ef167f755"",""yahoo_DX-Y.NYB"":""2abdecea5830986f7a96a4a77f51a66ae7015a1d96488f3b6807200e2e1f0585"",""yahoo_GC=F"":""dde2a4acfa0b6fafad13fd03b21e79cf06b521cf30e1ed0662dd6da52c3e6f78"",""yahoo_GLD"":""cffc9bd91365864e1969d125a13ee2eeae3f44374a8337e4a94eddc8ffad287e"",""yahoo_TIP"":""9198e3f8407f96f1376cec3bff2883b5a1730e9692a4acc4b4e124d9001589b9"",""yahoo_UUP"":""a4840dacc2e010d8281489df6cb8f77cc34ce1661bdac1c6031f392e01b7aedb"",""yahoo_ZT=F"":""1f36bff6184615be1adeb576578d5ad37ce794b249c13a30005be74f8262dee4""}"
NFP_201411_REL_20141205,nfp,2014:11,2014-12-05,2014-12-05T08:30:00 America/New_York,confirmation,confirmation_protocol_locked,321.0,206.0,115.0,140.18176356487385,0.820363484347091,philadelphia_fed_employ_first_releases,0,0,,0.09999999999999998,0.026520964950787585,3.770601868580589,2014-12-04,2014-12-04,federal_reserve_h15_nominal:RIFLGFCY02_N.B,0.03999999999999998,0.008609546665493526,4.646005365220592,2014-12-04,2014-12-04,federal_reserve_h15_nominal:RIFLGFCY01_N.B,-0.1779043344155089,0.06059144069118139,2.93612979632289,2014-12-04,2014-12-04,yahoo:ZT=F,-0.010000000000000231,0.038662672694564276,-0.25864740596182756,2014-12-04,2014-12-04,derived:H15_5Y_nominal_minus_5Y_real,-0.020000000000000018,0.022109128416155043,-0.9046037285389371,2014-12-04,2014-12-04,derived:H15_10Y_nominal_minus_10Y_real,0.11000000000000001,0.05530475403804848,1.988979101585415,2014-12-04,2014-12-04,federal_reserve_h15_real:RIFLGFCY05_XII_N.B,0.08000000000000007,0.038492423496925554,2.0783310774493007,2014-12-04,2014-12-04,federal_reserve_h15_real:RIFLGFCY10_XII_N.B,-0.5786536487609448,0.27746527749085625,2.085499324433538,2014-12-04,2014-12-04,yahoo:TIP,-1.2591864202654361,1.1322359418538395,-1.1121236958824476,2014-12-04,2014-12-04,yahoo:GLD,-1.4514789852628833,1.0097523507406936,-1.4374603675823736,2014-12-04,2014-12-04,yahoo:GC=F,0.7077543301246826,0.4616023596913495,1.5332554421903792,2014-12-04,2014-12-04,yahoo:DX-Y.NYB,0.7620476428369527,0.4795144122925107,1.589206962922509,2014-12-04,yahoo:UUP,1,"{""alfred_employment_situation_release_dates"":""b796dbd0eac6d9fd3e17ef1280bf85abe0e8b6e91df1205809e70b9ba0cf5a4b"",""federal_reserve_h15_nominal"":""dd00d34890aea66542962d4e00c3650e37e7303bdcdea95963616a6ca09fce87"",""federal_reserve_h15_real"":""5be7cb777f2a50c090ec837ab67ad98e90e36ff23935d9d8e1e1bbdb97ea0142"",""philadelphia_fed_employ_first_releases"":""8af43817875de1075966ebb668f42ddd7367db908d7897a59744917ef167f755"",""yahoo_DX-Y.NYB"":""2abdecea5830986f7a96a4a77f51a66ae7015a1d96488f3b6807200e2e1f0585"",""yahoo_GC=F"":""dde2a4acfa0b6fafad13fd03b21e79cf06b521cf30e1ed0662dd6da52c3e6f78"",""yahoo_GLD"":""cffc9bd91365864e1969d125a13ee2eeae3f44374a8337e4a94eddc8ffad287e"",""yahoo_TIP"":""9198e3f8407f96f1376cec3bff2883b5a1730e9692a4acc4b4e124d9001589b9"",""yahoo_UUP"":""a4840dacc2e010d8281489df6cb8f77cc34ce1661bdac1c6031f392e01b7aedb"",""yahoo_ZT=F"":""1f36bff6184615be1adeb576578d5ad37ce794b249c13a30005be74f8262dee4""}"
NFP_201412_REL_20150109,nfp,2014:12,2015-01-09,2015-01-09T08:30:00 America/New_York,confirmation,confirmation_protocol_locked,252.0,211.5,40.5,129.41649659295942,0.31294310282081383,philadelphia_fed_employ_first_releases,0,0,,-0.030000000000000027,0.03058007918462366,-0.981030814828128,2015-01-08,2015-01-08,federal_reserve_h15_nominal:RIFLGFCY02_N.B,-0.010000000000000009,0.013415355060989977,-0.7454144862016098,2015-01-08,2015-01-08,federal_reserve_h15_nominal:RIFLGFCY01_N.B,0.06421004037541421,0.06692436656494671,-0.9594418844906304,2015-01-08,2015-01-08,yahoo:ZT=F,-0.010000000000000009,0.04331562002157082,-0.2308636005907359,2015-01-08,2015-01-08,derived:H15_5Y_nominal_minus_5Y_real,2.220446049250313e-16,0.026251176998094983,8.45846283163398e-15,2015-01-08,2015-01-08,derived:H15_10Y_nominal_minus_10Y_real,-0.03999999999999998,0.05502208082698321,-0.7269808665684577,2015-01-08,2015-01-08,federal_reserve_h15_real:RIFLGFCY05_XII_N.B,-0.04999999999999999,0.04070841609843029,-1.2282472469354557,2015-01-08,2015-01-08,federal_reserve_h15_real:RIFLGFCY10_XII_N.B,0.30117990477144924,0.2872984113821528,-1.0483173343093493,2015-01-08,2015-01-08,yahoo:TIP,1.1320872784880804,1.2781403731448326,0.8857300045241571,2015-01-08,2015-01-08,yahoo:GLD,0.6269592809968894,1.155106698993131,0.542771747011241,2015-01-08,2015-01-08,yahoo:GC=F,-0.46660634066620066,0.42986224580163734,-1.0854787672642439,2015-01-08,2015-01-08,yahoo:DX-Y.NYB,-0.4501751270260297,0.4693822526319335,-0.959079991844163,2015-01-08,yahoo:UUP,1,"{""alfred_employment_situation_release_dates"":""b796dbd0eac6d9fd3e17ef1280bf85abe0e8b6e91df1205809e70b9ba0cf5a4b"",""federal_reserve_h15_nominal"":""dd00d34890aea66542962d4e00c3650e37e7303bdcdea95963616a6ca09fce87"",""federal_reserve_h15_real"":""5be7cb777f2a50c090ec837ab67ad98e90e36ff23935d9d8e1e1bbdb97ea0142"",""philadelphia_fed_employ_first_releases"":""8af43817875de1075966ebb668f42ddd7367db908d7897a59744917ef167f755"",""yahoo_DX-Y.NYB"":""2abdecea5830986f7a96a4a77f51a66ae7015a1d96488f3b6807200e2e1f0585"",""yahoo_GC=F"":""dde2a4acfa0b6fafad13fd03b21e79cf06b521cf30e1ed0662dd6da52c3e6f78"",""yahoo_GLD"":""cffc9bd91365864e1969d125a13ee2eeae3f44374a8337e4a94eddc8ffad287e"",""yahoo_TIP"":""9198e3f8407f96f1376cec3bff2883b5a1730e9692a4acc4b4e124d9001589b9"",""yahoo_UUP"":""a4840dacc2e010d8281489df6cb8f77cc34ce1661bdac1c6031f392e01b7aedb"",""yahoo_ZT=F"":""1f36bff6184615be1adeb576578d5ad37ce794b249c13a30005be74f8262dee4""}"
NFP_201501_REL_20150206,nfp,2015:01,2015-02-06,2015-02-06T08:30:00 America/New_York,confirmation,confirmation_protocol_locked,257.0,215.5,41.5,125.0016056394052,0.33199573547651806,philadelphia_fed_employ_first_releases,0,0,,0.13,0.031513605706627236,4.125202339910641,2015-02-05,2015-02-05,federal_reserve_h15_nominal:RIFLGFCY02_N.B,0.06,0.015455421589111541,3.8821328589490203,2015-02-05,2015-02-05,federal_reserve_h15_nominal:RIFLGFCY01_N.B,-0.23511820171817416,0.0667718753480051,3.5212160882523214,2015-02-05,2015-02-05,yahoo:ZT=F,-0.02000000000000024,0.047036468601831416,-0.42520198889296545,2015-02-05,2015-02-05,derived:H15_5Y_nominal_minus_5Y_real,0.009999999999999787,0.028115982546876642,0.35566959053723946,2015-02-05,2015-02-05,derived:H15_10Y_nominal_minus_10Y_real,0.2,0.06205770050598391,3.2228071354451013,2015-02-05,2015-02-05,federal_reserve_h15_real:RIFLGFCY05_XII_N.B,0.10999999999999999,0.048832701833521175,2.2525888568486,2015-02-05,2015-02-05,federal_reserve_h15_real:RIFLGFCY10_XII_N.B,-0.7872947573300046,0.35568220266456213,2.213478075180751,2015-02-05,2015-02-05,yahoo:TIP,-2.620456493117265,1.3116477430624107,-1.9978355522490148,2015-02-05,2015-02-05,yahoo:GLD,-2.251785941057566,1.1654025389767302,-1.932195842849908,2015-02-05,2015-02-05,yahoo:GC=F,0.0,0.47443358981988926,0.0,2015-02-05,2015-02-05,yahoo:DX-Y.NYB,1.2043487742543317,0.5212675484173913,2.310423462789556,2015-02-05,yahoo:UUP,1,"{""alfred_employment_situation_release_dates"":""b796dbd0eac6d9fd3e17ef1280bf85abe0e8b6e91df1205809e70b9ba0cf5a4b"",""federal_reserve_h15_nominal"":""dd00d34890aea66542962d4e00c3650e37e7303bdcdea95963616a6ca09fce87"",""federal_reserve_h15_real"":""5be7cb777f2a50c090ec837ab67ad98e90e36ff23935d9d8e1e1bbdb97ea0142"",""philadelphia_fed_employ_first_releases"":""8af43817875de1075966ebb668f42ddd7367db908d7897a59744917ef167f755"",""yahoo_DX-Y.NYB"":""2abdecea5830986f7a96a4a77f51a66ae7015a1d96488f3b6807200e2e1f0585"",""yahoo_GC=F"":""dde2a4acfa0b6fafad13fd03b21e79cf06b521cf30e1ed0662dd6da52c3e6f78"",""yahoo_GLD"":""cffc9bd91365864e1969d125a13ee2eeae3f44374a8337e4a94eddc8ffad287e"",""yahoo_TIP"":""9198e3f8407f96f1376cec3bff2883b5a1730e9692a4acc4b4e124d9001589b9"",""yahoo_UUP"":""a4840dacc2e010d8281489df6cb8f77cc34ce1661bdac1c6031f392e01b7aedb"",""yahoo_ZT=F"":""1f36bff6184615be1adeb576578d5ad37ce794b249c13a30005be74f8262dee4""}"
NFP_201502_REL_20150306,nfp,2015:02,2015-03-06,2015-03-06T08:30:00 America/New_York,confirmation,confirmation_protocol_locked,295.0,232.5,62.5,121.5174009882447,0.5143296309147206,philadelphia_fed_employ_first_releases,0,0,,0.07999999999999996,0.03631313905181719,2.203059335791478,2015-03-05,2015-03-05,federal_reserve_h15_nominal:RIFLGFCY02_N.B,0.020000000000000018,0.0177641484949719,1.1258631397762167,2015-03-05,2015-03-05,federal_reserve_h15_nominal:RIFLGFCY01_N.B,-0.1568515935437273,0.07434696462145392,2.1097242414986965,2015-03-05,2015-03-05,yahoo:ZT=F,0.020000000000000018,0.05096692180860119,0.3924113776207064,2015-03-05,2015-03-05,derived:H15_5Y_nominal_minus_5Y_real,-0.009999999999999565,0.029905217502942623,-0.33438981003952173,2015-03-05,2015-03-05,derived:H15_10Y_nominal_minus_10Y_real,0.10999999999999999,0.06695558862005192,1.6428800383521247,2015-03-05,2015-03-05,federal_reserve_h15_real:RIFLGFCY05_XII_N.B,0.13999999999999996,0.05117241267723303,2.7358491162619534,2015-03-05,2015-03-05,federal_reserve_h15_real:RIFLGFCY10_XII_N.B,-1.1631494624517857,0.38583321748284277,3.014643140474313,2015-03-05,2015-03-05,yahoo:TIP,-2.7684033513420174,1.1011246249971103,-2.514159876634566,2015-03-05,2015-03-05,yahoo:GLD,-2.695082510784794,1.0479430157872784,-2.5717834559545056,2015-03-05,2015-03-05,yahoo:GC=F,1.2783735879685785,0.46687493532520297,2.7381499653180654,2015-03-05,2015-03-05,yahoo:DX-Y.NYB,1.2088268505541142,0.5216814491123284,2.317174307445672,2015-03-05,yahoo:UUP,1,"{""alfred_employment_situation_release_dates"":""b796dbd0eac6d9fd3e17ef1280bf85abe0e8b6e91df1205809e70b9ba0cf5a4b"",""federal_reserve_h15_nominal"":""dd00d34890aea66542962d4e00c3650e37e7303bdcdea95963616a6ca09fce87"",""federal_reserve_h15_real"":""5be7cb777f2a50c090ec837ab67ad98e90e36ff23935d9d8e1e1bbdb97ea0142"",""philadelphia_fed_employ_first_releases"":""8af43817875de1075966ebb668f42ddd7367db908d7897a59744917ef167f755"",""yahoo_DX-Y.NYB"":""2abdecea5830986f7a96a4a77f51a66ae7015a1d96488f3b6807200e2e1f0585"",""yahoo_GC=F"":""dde2a4acfa0b6fafad13fd03b21e79cf06b521cf30e1ed0662dd6da52c3e6f78"",""yahoo_GLD"":""cffc9bd91365864e1969d125a13ee2eeae3f44374a8337e4a94eddc8ffad287e"",""yahoo_TIP"":""9198e3f8407f96f1376cec3bff2883b5a1730e9692a4acc4b4e124d9001589b9"",""yahoo_UUP"":""a4840dacc2e010d8281489df6cb8f77cc34ce1661bdac1c6031f392e01b7aedb"",""yahoo_ZT=F"":""1f36bff6184615be1adeb576578d5ad37ce794b249c13a30005be74f8262dee4""}"
NFP_201503_REL_20150403,nfp,2015:03,2015-04-03,2015-04-03T08:30:00 America/New_York,confirmation,confirmation_protocol_locked,126.0,250.0,-124.0,119.6295789434707,-1.0365329469110183,philadelphia_fed_employ_first_releases,0,0,,-0.06000000000000005,0.03983723948414993,-1.50612845611133,2015-04-02,2015-04-02,federal_reserve_h15_nominal:RIFLGFCY02_N.B,-0.04000000000000001,0.017271510783534914,-2.3159525823376357,2015-04-02,2015-04-02,federal_reserve_h15_nominal:RIFLGFCY01_N.B,,,,,,yahoo:ZT=F,0.020000000000000018,0.05549978368156552,0.3603617649169883,2015-04-02,2015-04-02,derived:H15_5Y_nominal_minus_5Y_real,0.02000000000000024,0.030934138164086664,0.6465349024405491,2015-04-02,2015-04-02,derived:H15_10Y_nominal_minus_10Y_real,-0.11000000000000001,0.06972808365154971,-1.577556620510325,2015-04-02,2015-04-02,federal_reserve_h15_real:RIFLGFCY05_XII_N.B,-0.09,0.0575635242322245,-1.5634900955146402,2015-04-02,2015-04-02,federal_reserve_h15_real:RIFLGFCY10_XII_N.B,,,,,,yahoo:TIP,,,,,,yahoo:GLD,,,,,,yahoo:GC=F,,,,,,yahoo:DX-Y.NYB,,,,,yahoo:UUP,0,"{""alfred_employment_situation_release_dates"":""b796dbd0eac6d9fd3e17ef1280bf85abe0e8b6e91df1205809e70b9ba0cf5a4b"",""federal_reserve_h15_nominal"":""dd00d34890aea66542962d4e00c3650e37e7303bdcdea95963616a6ca09fce87"",""federal_reserve_h15_real"":""5be7cb777f2a50c090ec837ab67ad98e90e36ff23935d9d8e1e1bbdb97ea0142"",""philadelphia_fed_employ_first_releases"":""8af43817875de1075966ebb668f42ddd7367db908d7897a59744917ef167f755"",""yahoo_DX-Y.NYB"":""2abdecea5830986f7a96a4a77f51a66ae7015a1d96488f3b6807200e2e1f0585"",""yahoo_GC=F"":""dde2a4acfa0b6fafad13fd03b21e79cf06b521cf30e1ed0662dd6da52c3e6f78"",""yahoo_GLD"":""cffc9bd91365864e1969d125a13ee2eeae3f44374a8337e4a94eddc8ffad287e"",""yahoo_TIP"":""9198e3f8407f96f1376cec3bff2883b5a1730e9692a4acc4b4e124d9001589b9"",""yahoo_UUP"":""a4840dacc2e010d8281489df6cb8f77cc34ce1661bdac1c6031f392e01b7aedb"",""yahoo_ZT=F"":""1f36bff6184615be1adeb576578d5ad37ce794b249c13a30005be74f8262dee4""}"
NFP_201504_REL_20150508,nfp,2015:04,2015-05-08,2015-05-08T08:30:00 America/New_York,confirmation,confirmation_protocol_locked,223.0,250.0,-27.0,113.19278184399357,-0.23853111090787033,philadelphia_fed_employ_first_releases,0,0,,-0.040000000000000036,0.0345364787084891,-1.1581956671850275,2015-05-07,2015-05-07,federal_reserve_h15_nominal:RIFLGFCY02_N.B,-0.009999999999999981,0.01449722357989363,-0.689787250978808,2015-05-07,2015-05-07,federal_reserve_h15_nominal:RIFLGFCY01_N.B,0.11405761145246289,0.06648209289150686,-1.7156140321664548,2015-05-07,2015-05-07,yahoo:ZT=F,-2.220446049250313e-16,0.05046786749722557,-4.3997223567498276e-15,2015-05-07,2015-05-07,derived:H15_5Y_nominal_minus_5Y_real,0.0,0.029265972991534783,0.0,2015-05-07,2015-05-07,derived:H15_10Y_nominal_minus_10Y_real,-0.05,0.06280091402407999,-0.7961667561212297,2015-05-07,2015-05-07,federal_reserve_h15_real:RIFLGFCY05_XII_N.B,-0.019999999999999962,0.05623698845116528,-0.35563782042431796,2015-05-07,2015-05-07,federal_reserve_h15_real:RIFLGFCY10_XII_N.B,0.41587400594084817,0.4218365091919526,-0.9858653693523923,2015-05-07,2015-05-07,yahoo:TIP,0.4837540136522224,0.8782366434387355,0.5508242194929189,2015-05-07,2015-05-07,yahoo:GLD,0.5650406070160999,0.9336710404378187,0.605181678068477,2015-05-07,2015-05-07,yahoo:GC=F,0.1795028892929075,0.6307670119939772,0.28457875234385505,2015-05-07,2015-05-07,yahoo:DX-Y.NYB,0.12049958291812017,0.695442032299404,0.17327049174709977,2015-05-07,yahoo:UUP,1,"{""alfred_employment_situation_release_dates"":""b796dbd0eac6d9fd3e17ef1280bf85abe0e8b6e91df1205809e70b9ba0cf5a4b"",""federal_reserve_h15_nominal"":""dd00d34890aea66542962d4e00c3650e37e7303bdcdea95963616a6ca09fce87"",""federal_reserve_h15_real"":""5be7cb777f2a50c090ec837ab67ad98e90e36ff23935d9d8e1e1bbdb97ea0142"",""philadelphia_fed_employ_first_releases"":""8af43817875de1075966ebb668f42ddd7367db908d7897a59744917ef167f755"",""yahoo_DX-Y.NYB"":""2abdecea5830986f7a96a4a77f51a66ae7015a1d96488f3b6807200e2e1f0585"",""yahoo_GC=F"":""dde2a4acfa0b6fafad13fd03b21e79cf06b521cf30e1ed0662dd6da52c3e6f78"",""yahoo_GLD"":""cffc9bd91365864e1969d125a13ee2eeae3f44374a8337e4a94eddc8ffad287e"",""yahoo_TIP"":""9198e3f8407f96f1376cec3bff2883b5a1730e9692a4acc4b4e124d9001589b9"",""yahoo_UUP"":""a4840dacc2e010d8281489df6cb8f77cc34ce1661bdac1c6031f392e01b7aedb"",""yahoo_ZT=F"":""1f36bff6184615be1adeb576578d5ad37ce794b249c13a30005be74f8262dee4""}"
NFP_201505_REL_20150605,nfp,2015:05,2015-06-05,2015-06-05T08:30:00 America/New_York,confirmation,confirmation_protocol_locked,280.0,235.5,44.5,97.06940953957421,0.4584348479204234,philadelphia_fed_employ_first_releases,0,0,,0.06999999999999995,0.03007711369732112,2.3273509787022766,2015-06-04,2015-06-04,federal_reserve_h15_nominal:RIFLGFCY02_N.B,0.019999999999999962,0.013650189874716737,1.4651810841872992,2015-06-04,2015-06-04,federal_reserve_h15_nominal:RIFLGFCY01_N.B,-0.07843976585022044,0.0621094811743058,1.2629274044341938,2015-06-04,2015-06-04,yahoo:ZT=F,0.050000000000000044,0.041716015973491144,1.198580421288865,2015-06-04,2015-06-04,derived:H15_5Y_nominal_minus_5Y_real,0.050000000000000044,0.0272356321941854,1.8358303432616727,2015-06-04,2015-06-04,derived:H15_10Y_nominal_minus_10Y_real,0.05,0.059683487197614356,0.8377526573547562,2015-06-04,2015-06-04,federal_reserve_h15_real:RIFLGFCY05_XII_N.B,0.050000000000000044,0.05576864031817392,0.8965612163885949,2015-06-04,2015-06-04,federal_reserve_h15_real:RIFLGFCY10_XII_N.B,-0.2779362377687949,0.4222634126625192,0.6582058246920074,2015-06-04,2015-06-04,yahoo:TIP,-0.5331436918291503,0.8463331310325315,-0.6299454343453527,2015-06-04,2015-06-04,yahoo:GLD,-0.606137969172326,0.9305267603604045,-0.6513923027184745,2015-06-04,2015-06-04,yahoo:GC=F,0.8864828236255448,0.675528105780114,1.3122811856981373,2015-06-04,2015-06-04,yahoo:DX-Y.NYB,0.8733597641566138,0.7345429487365162,1.188983933014231,2015-06-04,yahoo:UUP,1,"{""alfred_employment_situation_release_dates"":""b796dbd0eac6d9fd3e17ef1280bf85abe0e8b6e91df1205809e70b9ba0cf5a4b"",""federal_reserve_h15_nominal"":""dd00d34890aea66542962d4e00c3650e37e7303bdcdea95963616a6ca09fce87"",""federal_reserve_h15_real"":""5be7cb777f2a50c090ec837ab67ad98e90e36ff23935d9d8e1e1bbdb97ea0142"",""philadelphia_fed_employ_first_releases"":""8af43817875de1075966ebb668f42ddd7367db908d7897a59744917ef167f755"",""yahoo_DX-Y.NYB"":""2abdecea5830986f7a96a4a77f51a66ae7015a1d96488f3b6807200e2e1f0585"",""yahoo_GC=F"":""dde2a4acfa0b6fafad13fd03b21e79cf06b521cf30e1ed0662dd6da52c3e6f78"",""yahoo_GLD"":""cffc9bd91365864e1969d125a13ee2eeae3f44374a8337e4a94eddc8ffad287e"",""yahoo_TIP"":""9198e3f8407f96f1376cec3bff2883b5a1730e9692a4acc4b4e124d9001589b9"",""yahoo_UUP"":""a4840dacc2e010d8281489df6cb8f77cc34ce1661bdac1c6031f392e01b7aedb"",""yahoo_ZT=F"":""1f36bff6184615be1adeb576578d5ad37ce794b249c13a30005be74f8262dee4""}"
NFP_201506_REL_20150702,nfp,2015:06,2015-07-02,2015-07-02T08:30:00 America/New_York,confirmation,confirmation_protocol_locked,223.0,250.0,-27.0,67.42523113631358,-0.400443566080094,philadelphia_fed_employ_first_releases,0,0,,-0.04999999999999993,0.027376326942016114,-1.8263954878206066,2015-07-01,2015-07-01,federal_reserve_h15_nominal:RIFLGFCY02_N.B,-0.020000000000000018,0.01100077038904741,-1.8180544900666613,2015-07-01,2015-07-01,federal_reserve_h15_nominal:RIFLGFCY01_N.B,0.11426124216776387,0.06909518825677069,-1.6536787155590003,2015-07-01,2015-07-01,yahoo:ZT=F,0.020000000000000018,0.030642830333496594,0.6526812237098549,2015-07-01,2015-07-01,derived:H15_5Y_nominal_minus_5Y_real,0.019999999999999796,0.02378339163185362,0.8409229562201447,2015-07-01,2015-07-01,derived:H15_10Y_nominal_minus_10Y_real,-0.08,0.04967578500455941,-1.6104425927573633,2015-07-01,2015-07-01,federal_reserve_h15_real:RIFLGFCY05_XII_N.B,-0.050000000000000044,0.05046115024071309,-0.9908612816292685,2015-07-01,2015-07-01,federal_reserve_h15_real:RIFLGFCY10_XII_N.B,0.4379092872114974,0.37913353741221517,-1.1550265117680105,2015-07-01,2015-07-01,yahoo:TIP,-0.19665798355693645,0.7789234558408819,-0.252474080838451,2015-07-01,2015-07-01,yahoo:GLD,-0.5145808953403949,0.8820966991588124,-0.5833610938926662,2015-07-01,2015-07-01,yahoo:GC=F,-0.2078755037570055,0.6337550354782491,-0.3280060782477837,2015-07-01,2015-07-01,yahoo:DX-Y.NYB,-0.2381005062307366,0.6198363316175353,-0.3841344788702294,2015-07-01,yahoo:UUP,1,"{""alfred_employment_situation_release_dates"":""b796dbd0eac6d9fd3e17ef1280bf85abe0e8b6e91df1205809e70b9ba0cf5a4b"",""federal_reserve_h15_nominal"":""dd00d34890aea66542962d4e00c3650e37e7303bdcdea95963616a6ca09fce87"",""federal_reserve_h15_real"":""5be7cb777f2a50c090ec837ab67ad98e90e36ff23935d9d8e1e1bbdb97ea0142"",""philadelphia_fed_employ_first_releases"":""8af43817875de1075966ebb668f42ddd7367db908d7897a59744917ef167f755"",""yahoo_DX-Y.NYB"":""2abdecea5830986f7a96a4a77f51a66ae7015a1d96488f3b6807200e2e1f0585"",""yahoo_GC=F"":""dde2a4acfa0b6fafad13fd03b21e79cf06b521cf30e1ed0662dd6da52c3e6f78"",""yahoo_GLD"":""cffc9bd91365864e1969d125a13ee2eeae3f44374a8337e4a94eddc8ffad287e"",""yahoo_TIP"":""9198e3f8407f96f1376cec3bff2883b5a1730e9692a4acc4b4e124d9001589b9"",""yahoo_UUP"":""a4840dacc2e010d8281489df6cb8f77cc34ce1661bdac1c6031f392e01b7aedb"",""yahoo_ZT=F"":""1f36bff6184615be1adeb576578d5ad37ce794b249c13a30005be74f8262dee4""}"
NFP_201507_REL_20150807,nfp,2015:07,2015-08-07,2015-08-07T08:30:00 America/New_York,confirmation,confirmation_protocol_locked,215.0,235.5,-20.5,66.72714911772067,-0.3072212775617568,philadelphia_fed_employ_first_releases,0,0,,0.020000000000000018,0.03195158767263778,0.6259469859498504,2015-08-06,2015-08-06,federal_reserve_h15_nominal:RIFLGFCY02_N.B,0.030000000000000027,0.014632986495767388,2.0501624879294167,2015-08-06,2015-08-06,federal_reserve_h15_nominal:RIFLGFCY01_N.B,-0.04284490211214569,0.07803112082915302,0.5490745443212769,2015-08-06,2015-08-06,yahoo:ZT=F,-0.030000000000000027,0.02763973231165394,-1.0853940140133307,2015-08-06,2015-08-06,derived:H15_5Y_nominal_minus_5Y_real,-0.009999999999999787,0.023993290022456166,-0.41678319191075647,2015-08-06,2015-08-06,derived:H15_10Y_nominal_minus_10Y_real,0.0,0.04380103963887533,0.0,2015-08-06,2015-08-06,federal_reserve_h15_real:RIFLGFCY05_XII_N.B,-0.040000000000000036,0.046754558072609045,-0.855531559893705,2015-08-06,2015-08-06,federal_reserve_h15_real:RIFLGFCY10_XII_N.B,0.27696511748523756,0.3436431833059427,-0.8059671512199263,2015-08-06,2015-08-06,yahoo:TIP,0.24875838994236876,0.6999622631912621,0.3553882873745673,2015-08-06,2015-08-06,yahoo:GLD,0.35709643265033203,0.7839060058897771,0.45553475795227216,2015-08-06,2015-08-06,yahoo:GC=F,-0.2763748862981577,0.5860238039368884,-0.4716103414937763,2015-08-06,2015-08-06,yahoo:DX-Y.NYB,-0.1566115589458964,0.5783866366561731,-0.27077312825087885,2015-08-06,yahoo:UUP,1,"{""alfred_employment_situation_release_dates"":""b796dbd0eac6d9fd3e17ef1280bf85abe0e8b6e91df1205809e70b9ba0cf5a4b"",""federal_reserve_h15_nominal"":""dd00d34890aea66542962d4e00c3650e37e7303bdcdea95963616a6ca09fce87"",""federal_reserve_h15_real"":""5be7cb777f2a50c090ec837ab67ad98e90e36ff23935d9d8e1e1bbdb97ea0142"",""philadelphia_fed_employ_first_releases"":""8af43817875de1075966ebb668f42ddd7367db908d7897a59744917ef167f755"",""yahoo_DX-Y.NYB"":""2abdecea5830986f7a96a4a77f51a66ae7015a1d96488f3b6807200e2e1f0585"",""yahoo_GC=F"":""dde2a4acfa0b6fafad13fd03b21e79cf06b521cf30e1ed0662dd6da52c3e6f78"",""yahoo_GLD"":""cffc9bd91365864e1969d125a13ee2eeae3f44374a8337e4a94eddc8ffad287e"",""yahoo_TIP"":""9198e3f8407f96f1376cec3bff2883b5a1730e9692a4acc4b4e124d9001589b9"",""yahoo_UUP"":""a4840dacc2e010d8281489df6cb8f77cc34ce1661bdac1c6031f392e01b7aedb"",""yahoo_ZT=F"":""1f36bff6184615be1adeb576578d5ad37ce794b249c13a30005be74f8262dee4""}"
NFP_201508_REL_20150904,nfp,2015:08,2015-09-04,2015-09-04T08:30:00 America/New_York,confirmation,confirmation_protocol_locked,173.0,235.5,-62.5,65.7786778772334,-0.9501559170381534,philadelphia_fed_employ_first_releases,0,0,,0.0,0.03399235540513042,0.0,2015-09-03,2015-09-03,federal_reserve_h15_nominal:RIFLGFCY02_N.B,0.0,0.0177044154855114,0.0,2015-09-03,2015-09-03,federal_reserve_h15_nominal:RIFLGFCY01_N.B,0.007130887441971065,0.08311374512838526,-0.08579672869939899,2015-09-03,2015-09-03,yahoo:ZT=F,-0.020000000000000018,0.029062566444854478,-0.6881704696641138,2015-09-03,2015-09-03,derived:H15_5Y_nominal_minus_5Y_real,-0.03000000000000025,0.024935510041243388,-1.2031035238653704,2015-09-03,2015-09-03,derived:H15_10Y_nominal_minus_10Y_real,0.0,0.041065952191304794,0.0,2015-09-03,2015-09-03,federal_reserve_h15_real:RIFLGFCY05_XII_N.B,-0.020000000000000018,0.04409126385150009,-0.4536045976672444,2015-09-03,2015-09-03,federal_reserve_h15_real:RIFLGFCY10_XII_N.B,0.16240614643955306,0.31692329935893904,-0.512446218905528,2015-09-03,2015-09-03,yahoo:TIP,-0.3250813094055135,0.7635733038658812,-0.42573687131237475,2015-09-03,2015-09-03,yahoo:GLD,-0.27625341162804407,0.8207687439208605,-0.3365788642344801,2015-09-03,2015-09-03,yahoo:GC=F,-0.18687744082446633,0.5566265648929263,-0.3357321633767415,2015-09-03,2015-09-03,yahoo:DX-Y.NYB,-0.11931970216377194,0.5546418539354022,-0.21512927904223544,2015-09-03,yahoo:UUP,1,"{""alfred_employment_situation_release_dates"":""b796dbd0eac6d9fd3e17ef1280bf85abe0e8b6e91df1205809e70b9ba0cf5a4b"",""federal_reserve_h15_nominal"":""dd00d34890aea66542962d4e00c3650e37e7303bdcdea95963616a6ca09fce87"",""federal_reserve_h15_real"":""5be7cb777f2a50c090ec837ab67ad98e90e36ff23935d9d8e1e1bbdb97ea0142"",""philadelphia_fed_employ_first_releases"":""8af43817875de1075966ebb668f42ddd7367db908d7897a59744917ef167f755"",""yahoo_DX-Y.NYB"":""2abdecea5830986f7a96a4a77f51a66ae7015a1d96488f3b6807200e2e1f0585"",""yahoo_GC=F"":""dde2a4acfa0b6fafad13fd03b21e79cf06b521cf30e1ed0662dd6da52c3e6f78"",""yahoo_GLD"":""cffc9bd91365864e1969d125a13ee2eeae3f44374a8337e4a94eddc8ffad287e"",""yahoo_TIP"":""9198e3f8407f96f1376cec3bff2883b5a1730e9692a4acc4b4e124d9001589b9"",""yahoo_UUP"":""a4840dacc2e010d8281489df6cb8f77cc34ce1661bdac1c6031f392e01b7aedb"",""yahoo_ZT=F"":""1f36bff6184615be1adeb576578d5ad37ce794b249c13a30005be74f8262dee4""}"
NFP_201509_REL_20151002,nfp,2015:09,2015-10-02,2015-10-02T08:30:00 America/New_York,confirmation,confirmation_protocol_locked,142.0,235.5,-93.5,66.77550085266522,-1.4002141325199529,philadelphia_fed_employ_first_releases,0,0,,-0.06000000000000005,0.03653765181289021,-1.6421416545119218,2015-10-01,2015-10-01,federal_reserve_h15_nominal:RIFLGFCY02_N.B,-0.06,0.022706055838727528,-2.6424668566904423,2015-10-01,2015-10-01,federal_reserve_h15_nominal:RIFLGFCY01_N.B,0.14259235269331644,0.07162218602194194,-1.9908964053349658,2015-10-01,2015-10-01,yahoo:ZT=F,0.019999999999999796,0.0320746833302289,0.6235447375765897,2015-10-01,2015-10-01,derived:H15_5Y_nominal_minus_5Y_real,0.020000000000000018,0.025650299279098954,0.7797179979220336,2015-10-01,2015-10-01,derived:H15_10Y_nominal_minus_10Y_real,-0.09999999999999998,0.044013351851943036,-2.272037820168548,2015-10-01,2015-10-01,federal_reserve_h15_real:RIFLGFCY05_XII_N.B,-0.07999999999999996,0.042492937266257844,-1.8826658062897705,2015-10-01,2015-10-01,federal_reserve_h15_real:RIFLGFCY10_XII_N.B,0.5747647934564286,0.31794034426823936,-1.807775590038086,2015-10-01,2015-10-01,yahoo:TIP,2.0953802922526705,0.8398736587895608,2.494875592684459,2015-10-01,2015-10-01,yahoo:GLD,2.0344525396983846,0.8610937028899435,2.362637809184407,2015-10-01,2015-10-01,yahoo:GC=F,-0.37496200826127046,0.5360354728232528,-0.6995096915627202,2015-10-01,2015-10-01,yahoo:DX-Y.NYB,-0.23942156340219542,0.5446001070106026,-0.43962819749782794,2015-10-01,yahoo:UUP,1,"{""alfred_employment_situation_release_dates"":""b796dbd0eac6d9fd3e17ef1280bf85abe0e8b6e91df1205809e70b9ba0cf5a4b"",""federal_reserve_h15_nominal"":""dd00d34890aea66542962d4e00c3650e37e7303bdcdea95963616a6ca09fce87"",""federal_reserve_h15_real"":""5be7cb777f2a50c090ec837ab67ad98e90e36ff23935d9d8e1e1bbdb97ea0142"",""philadelphia_fed_employ_first_releases"":""8af43817875de1075966ebb668f42ddd7367db908d7897a59744917ef167f755"",""yahoo_DX-Y.NYB"":""2abdecea5830986f7a96a4a77f51a66ae7015a1d96488f3b6807200e2e1f0585"",""yahoo_GC=F"":""dde2a4acfa0b6fafad13fd03b21e79cf06b521cf30e1ed0662dd6da52c3e6f78"",""yahoo_GLD"":""cffc9bd91365864e1969d125a13ee2eeae3f44374a8337e4a94eddc8ffad287e"",""yahoo_TIP"":""9198e3f8407f96f1376cec3bff2883b5a1730e9692a4acc4b4e124d9001589b9"",""yahoo_UUP"":""a4840dacc2e010d8281489df6cb8f77cc34ce1661bdac1c6031f392e01b7aedb"",""yahoo_ZT=F"":""1f36bff6184615be1adeb576578d5ad37ce794b249c13a30005be74f8262dee4""}"
NFP_201510_REL_20151106,nfp,2015:10,2015-11-06,2015-11-06T08:30:00 America/New_York,confirmation,confirmation_protocol_locked,271.0,223.0,48.0,67.8630907188945,0.707306423735219,philadelphia_fed_employ_first_releases,0,0,,0.050000000000000044,0.03764651228209128,1.3281442813438367,2015-11-05,2015-11-05,federal_reserve_h15_nominal:RIFLGFCY02_N.B,0.04999999999999999,0.024026233308732554,2.0810586227774217,2015-11-05,2015-11-05,federal_reserve_h15_nominal:RIFLGFCY01_N.B,-0.10024345676896704,0.07154972368193846,1.4010320600898678,2015-11-05,2015-11-05,yahoo:ZT=F,0.020000000000000018,0.0347322283134241,0.5758340587744543,2015-11-05,2015-11-05,derived:H15_5Y_nominal_minus_5Y_real,0.040000000000000036,0.02843319059978346,1.406806593147681,2015-11-05,2015-11-05,derived:H15_10Y_nominal_minus_10Y_real,0.06,0.0442591239915249,1.3556526787897856,2015-11-05,2015-11-05,federal_reserve_h15_real:RIFLGFCY05_XII_N.B,0.040000000000000036,0.040420110226649104,0.9896064057150421,2015-11-05,2015-11-05,federal_reserve_h15_real:RIFLGFCY10_XII_N.B,-0.418206643827605,0.30591695364133614,1.367059389320148,2015-11-05,2015-11-05,yahoo:TIP,-1.4685120688170974,0.8670591754298952,-1.693669948292741,2015-11-05,2015-11-05,yahoo:GLD,-1.5328811851509785,0.9439497173754858,-1.6239013126810722,2015-11-05,2015-11-05,yahoo:GC=F,1.2379672896564362,0.5531981299378259,2.2378370834253754,2015-11-05,2015-11-05,yahoo:DX-Y.NYB,1.168227364834469,0.5591486284905187,2.089296665160788,2015-11-05,yahoo:UUP,1,"{""alfred_employment_situation_release_dates"":""b796dbd0eac6d9fd3e17ef1280bf85abe0e8b6e91df1205809e70b9ba0cf5a4b"",""federal_reserve_h15_nominal"":""dd00d34890aea66542962d4e00c3650e37e7303bdcdea95963616a6ca09fce87"",""federal_reserve_h15_real"":""5be7cb777f2a50c090ec837ab67ad98e90e36ff23935d9d8e1e1bbdb97ea0142"",""philadelphia_fed_employ_first_releases"":""8af43817875de1075966ebb668f42ddd7367db908d7897a59744917ef167f755"",""yahoo_DX-Y.NYB"":""2abdecea5830986f7a96a4a77f51a66ae7015a1d96488f3b6807200e2e1f0585"",""yahoo_GC=F"":""dde2a4acfa0b6fafad13fd03b21e79cf06b521cf30e1ed0662dd6da52c3e6f78"",""yahoo_GLD"":""cffc9bd91365864e1969d125a13ee2eeae3f44374a8337e4a94eddc8ffad287e"",""yahoo_TIP"":""9198e3f8407f96f1376cec3bff2883b5a1730e9692a4acc4b4e124d9001589b9"",""yahoo_UUP"":""a4840dacc2e010d8281489df6cb8f77cc34ce1661bdac1c6031f392e01b7aedb"",""yahoo_ZT=F"":""1f36bff6184615be1adeb576578d5ad37ce794b249c13a30005be74f8262dee4""}"
NFP_201511_REL_20151204,nfp,2015:11,2015-12-04,2015-12-04T08:30:00 America/New_York,confirmation,confirmation_protocol_locked,211.0,237.5,-26.5,64.21497429516587,-0.41267633119639713,philadelphia_fed_employ_first_releases,0,0,,0.0,0.034212281800381286,0.0,2015-12-03,2015-12-03,federal_reserve_h15_nominal:RIFLGFCY02_N.B,0.030000000000000027,0.02434393391882396,1.232339855178563,2015-12-03,2015-12-03,federal_reserve_h15_nominal:RIFLGFCY01_N.B,-0.014336917587279223,0.06377799386996294,0.2247941134133317,2015-12-03,2015-12-03,yahoo:ZT=F,-0.030000000000000027,0.031862611140654556,-0.9415424199720417,2015-12-03,2015-12-03,derived:H15_5Y_nominal_minus_5Y_real,-0.010000000000000453,0.026881199193051177,-0.37200721322676206,2015-12-03,2015-12-03,derived:H15_10Y_nominal_minus_10Y_real,0.0,0.04327549377629238,0.0,2015-12-03,2015-12-03,federal_reserve_h15_real:RIFLGFCY05_XII_N.B,-0.039999999999999925,0.039495404867525,-1.0127760465848479,2015-12-03,2015-12-03,federal_reserve_h15_real:RIFLGFCY10_XII_N.B,0.2538821189614852,0.2908853513671512,-0.8727910077570009,2015-12-03,2015-12-03,yahoo:TIP,2.1966035488281808,0.8584105443639408,2.5589195790410577,2015-12-03,2015-12-03,yahoo:GLD,2.1247700237913327,0.9000813214788289,2.3606422809667316,2015-12-03,2015-12-03,yahoo:GC=F,0.7450110725840098,0.5697073299386723,1.3077084205046272,2015-12-03,2015-12-03,yahoo:DX-Y.NYB,0.7061506796909431,0.57859712291495,1.2204531473184368,2015-12-03,yahoo:UUP,1,"{""alfred_employment_situation_release_dates"":""b796dbd0eac6d9fd3e17ef1280bf85abe0e8b6e91df1205809e70b9ba0cf5a4b"",""federal_reserve_h15_nominal"":""dd00d34890aea66542962d4e00c3650e37e7303bdcdea95963616a6ca09fce87"",""federal_reserve_h15_real"":""5be7cb777f2a50c090ec837ab67ad98e90e36ff23935d9d8e1e1bbdb97ea0142"",""philadelphia_fed_employ_first_releases"":""8af43817875de1075966ebb668f42ddd7367db908d7897a59744917ef167f755"",""yahoo_DX-Y.NYB"":""2abdecea5830986f7a96a4a77f51a66ae7015a1d96488f3b6807200e2e1f0585"",""yahoo_GC=F"":""dde2a4acfa0b6fafad13fd03b21e79cf06b521cf30e1ed0662dd6da52c3e6f78"",""yahoo_GLD"":""cffc9bd91365864e1969d125a13ee2eeae3f44374a8337e4a94eddc8ffad287e"",""yahoo_TIP"":""9198e3f8407f96f1376cec3bff2883b5a1730e9692a4acc4b4e124d9001589b9"",""yahoo_UUP"":""a4840dacc2e010d8281489df6cb8f77cc34ce1661bdac1c6031f392e01b7aedb"",""yahoo_ZT=F"":""1f36bff6184615be1adeb576578d5ad37ce794b249c13a30005be74f8262dee4""}"
NFP_201512_REL_20160108,nfp,2015:12,2016-01-08,2016-01-08T08:30:00 America/New_York,confirmation,confirmation_protocol_locked,292.0,223.0,69.0,64.3061181860497,1.0729927718599033,philadelphia_fed_employ_first_releases,0,0,,-0.020000000000000018,0.03132615015631221,-0.6384442358924856,2016-01-07,2016-01-07,federal_reserve_h15_nominal:RIFLGFCY02_N.B,-0.020000000000000018,0.026542259237369546,-0.7535153590784575,2016-01-07,2016-01-07,federal_reserve_h15_nominal:RIFLGFCY01_N.B,0.028712942556024086,0.056641042044420616,-0.5069282188259535,2016-01-07,2016-01-07,yahoo:ZT=F,-0.020000000000000018,0.028906140727385468,-0.6918945074204307,2016-01-07,2016-01-07,derived:H15_5Y_nominal_minus_5Y_real,-0.020000000000000018,0.025342846860714894,-0.7891773213136103,2016-01-07,2016-01-07,derived:H15_10Y_nominal_minus_10Y_real,-0.019999999999999962,0.037820569538625254,-0.528812766279853,2016-01-07,2016-01-07,federal_reserve_h15_real:RIFLGFCY05_XII_N.B,-0.010000000000000009,0.03569171199430963,-0.2801770898967895,2016-01-07,2016-01-07,federal_reserve_h15_real:RIFLGFCY10_XII_N.B,0.08152596206287879,0.24961659715131831,-0.32660473299160275,2016-01-07,2016-01-07,yahoo:TIP,-0.44375394222030357,0.9161389496757523,-0.48437405960892804,2016-01-07,2016-01-07,yahoo:GLD,-0.8977527848297442,0.9759034618866503,-0.9199196640763805,2016-01-07,2016-01-07,yahoo:GC=F,0.325269336738527,0.6079643587193099,0.535013824533586,2016-01-07,2016-01-07,yahoo:DX-Y.NYB,0.19580503994321716,0.5976728199567405,0.32761242172161936,2016-01-07,yahoo:UUP,1,"{""alfred_employment_situation_release_dates"":""b796dbd0eac6d9fd3e17ef1280bf85abe0e8b6e91df1205809e70b9ba0cf5a4b"",""federal_reserve_h15_nominal"":""dd00d34890aea66542962d4e00c3650e37e7303bdcdea95963616a6ca09fce87"",""federal_reserve_h15_real"":""5be7cb777f2a50c090ec837ab67ad98e90e36ff23935d9d8e1e1bbdb97ea0142"",""philadelphia_fed_employ_first_releases"":""8af43817875de1075966ebb668f42ddd7367db908d7897a59744917ef167f755"",""yahoo_DX-Y.NYB"":""2abdecea5830986f7a96a4a77f51a66ae7015a1d96488f3b6807200e2e1f0585"",""yahoo_GC=F"":""dde2a4acfa0b6fafad13fd03b21e79cf06b521cf30e1ed0662dd6da52c3e6f78"",""yahoo_GLD"":""cffc9bd91365864e1969d125a13ee2eeae3f44374a8337e4a94eddc8ffad287e"",""yahoo_TIP"":""9198e3f8407f96f1376cec3bff2883b5a1730e9692a4acc4b4e124d9001589b9"",""yahoo_UUP"":""a4840dacc2e010d8281489df6cb8f77cc34ce1661bdac1c6031f392e01b7aedb"",""yahoo_ZT=F"":""1f36bff6184615be1adeb576578d5ad37ce794b249c13a30005be74f8262dee4""}"
NFP_201601_REL_20160205,nfp,2016:01,2016-02-05,2016-02-05T08:30:00 America/New_York,confirmation,confirmation_protocol_locked,151.0,223.0,-72.0,63.02944339325294,-1.1423232718521408,philadelphia_fed_employ_first_releases,0,0,,0.040000000000000036,0.031007106894486335,1.290026835980393,2016-02-04,2016-02-04,federal_reserve_h15_nominal:RIFLGFCY02_N.B,0.030000000000000027,0.029294915777238216,1.024068484378769,2016-02-04,2016-02-04,federal_reserve_h15_nominal:RIFLGFCY01_N.B,-0.02856122832696794,0.05213310675515207,0.5478520292509782,2016-02-04,2016-02-04,yahoo:ZT=F,-0.05999999999999983,0.03065204760858352,-1.9574548743424887,2016-02-04,2016-02-04,derived:H15_5Y_nominal_minus_5Y_real,-0.030000000000000027,0.027952239330969846,-1.0732592707433408,2016-02-04,2016-02-04,derived:H15_10Y_nominal_minus_10Y_real,0.06,0.036429639636809424,1.6470105276411926,2016-02-04,2016-02-04,federal_reserve_h15_real:RIFLGFCY05_XII_N.B,0.020000000000000018,0.03699137172261801,0.5406666222050699,2016-02-04,2016-02-04,federal_reserve_h15_real:RIFLGFCY10_XII_N.B,-0.277936114096907,0.2444523034499767,1.136974821567931,2016-02-04,2016-02-04,yahoo:TIP,1.5703135766193033,0.9295624688427802,1.6893039782191286,2016-02-04,2016-02-04,yahoo:GLD,0.017281959106493737,0.957719814450489,0.01804490086321291,2016-02-04,2016-02-04,yahoo:GC=F,0.5788104620361499,0.5915283196288389,0.9785000021627555,2016-02-04,2016-02-04,yahoo:DX-Y.NYB,0.4379863733351818,0.5805763860509838,0.7543992209437186,2016-02-04,yahoo:UUP,1,"{""alfred_employment_situation_release_dates"":""b796dbd0eac6d9fd3e17ef1280bf85abe0e8b6e91df1205809e70b9ba0cf5a4b"",""federal_reserve_h15_nominal"":""dd00d34890aea66542962d4e00c3650e37e7303bdcdea95963616a6ca09fce87"",""federal_reserve_h15_real"":""5be7cb777f2a50c090ec837ab67ad98e90e36ff23935d9d8e1e1bbdb97ea0142"",""philadelphia_fed_employ_first_releases"":""8af43817875de1075966ebb668f42ddd7367db908d7897a59744917ef167f755"",""yahoo_DX-Y.NYB"":""2abdecea5830986f7a96a4a77f51a66ae7015a1d96488f3b6807200e2e1f0585"",""yahoo_GC=F"":""dde2a4acfa0b6fafad13fd03b21e79cf06b521cf30e1ed0662dd6da52c3e6f78"",""yahoo_GLD"":""cffc9bd91365864e1969d125a13ee2eeae3f44374a8337e4a94eddc8ffad287e"",""yahoo_TIP"":""9198e3f8407f96f1376cec3bff2883b5a1730e9692a4acc4b4e124d9001589b9"",""yahoo_UUP"":""a4840dacc2e010d8281489df6cb8f77cc34ce1661bdac1c6031f392e01b7aedb"",""yahoo_ZT=F"":""1f36bff6184615be1adeb576578d5ad37ce794b249c13a30005be74f8262dee4""}"
NFP_201602_REL_20160304,nfp,2016:02,2016-03-04,2016-03-04T08:30:00 America/New_York,confirmation,confirmation_protocol_locked,242.0,219.0,23.0,64.18593829758386,0.3583339374640845,philadelphia_fed_employ_first_releases,0,0,,0.030000000000000027,0.03766451671280331,0.7965056402755359,2016-03-03,2016-03-03,federal_reserve_h15_nominal:RIFLGFCY02_N.B,0.020000000000000018,0.0307141918650142,0.6511647803692188,2016-03-03,2016-03-03,federal_reserve_h15_nominal:RIFLGFCY01_N.B,-0.057265570641543126,0.06464124031815051,0.8858983887019201,2016-03-03,2016-03-03,yahoo:ZT=F,-2.220446049250313e-16,0.037038687973248476,-5.9949371069894544e-15,2016-03-03,2016-03-03,derived:H15_5Y_nominal_minus_5Y_real,-0.02000000000000024,0.033400074427333414,-0.5988010608632944,2016-03-03,2016-03-03,derived:H15_10Y_nominal_minus_10Y_real,0.05,0.03754620505622764,1.3316925086069837,2016-03-03,2016-03-03,federal_reserve_h15_real:RIFLGFCY05_XII_N.B,0.07,0.03654422288117097,1.9154874418212564,2016-03-03,2016-03-03,federal_reserve_h15_real:RIFLGFCY10_XII_N.B,-0.31038876516242997,0.26258935856166465,1.1820310117005006,2016-03-03,2016-03-03,yahoo:TIP,-0.1575019499479254,1.1738136768855456,-0.13417968545555026,2016-03-03,2016-03-03,yahoo:GLD,0.9892060054906658,1.2318437941527975,0.8030287688959734,2016-03-03,2016-03-03,yahoo:GC=F,-0.23600992086232395,0.5297182659779385,-0.44553857403164043,2016-03-03,2016-03-03,yahoo:DX-Y.NYB,-0.27684113782401515,0.5025659482260724,-0.5508553430672982,2016-03-03,yahoo:UUP,1,"{""alfred_employment_situation_release_dates"":""b796dbd0eac6d9fd3e17ef1280bf85abe0e8b6e91df1205809e70b9ba0cf5a4b"",""federal_reserve_h15_nominal"":""dd00d34890aea66542962d4e00c3650e37e7303bdcdea95963616a6ca09fce87"",""federal_reserve_h15_real"":""5be7cb777f2a50c090ec837ab67ad98e90e36ff23935d9d8e1e1bbdb97ea0142"",""philadelphia_fed_employ_first_releases"":""8af43817875de1075966ebb668f42ddd7367db908d7897a59744917ef167f755"",""yahoo_DX-Y.NYB"":""2abdecea5830986f7a96a4a77f51a66ae7015a1d96488f3b6807200e2e1f0585"",""yahoo_GC=F"":""dde2a4acfa0b6fafad13fd03b21e79cf06b521cf30e1ed0662dd6da52c3e6f78"",""yahoo_GLD"":""cffc9bd91365864e1969d125a13ee2eeae3f44374a8337e4a94eddc8ffad287e"",""yahoo_TIP"":""9198e3f8407f96f1376cec3bff2883b5a1730e9692a4acc4b4e124d9001589b9"",""yahoo_UUP"":""a4840dacc2e010d8281489df6cb8f77cc34ce1661bdac1c6031f392e01b7aedb"",""yahoo_ZT=F"":""1f36bff6184615be1adeb576578d5ad37ce794b249c13a30005be74f8262dee4""}"
NFP_201603_REL_20160401,nfp,2016:03,2016-04-01,2016-04-01T08:30:00 America/New_York,confirmation,confirmation_protocol_locked,215.0,219.0,-4.0,61.73070274196584,-0.0647975775801547,philadelphia_fed_employ_first_releases,0,0,,0.030000000000000027,0.04040018739118593,0.7425708130884834,2016-03-31,2016-03-31,federal_reserve_h15_nominal:RIFLGFCY02_N.B,0.030000000000000027,0.02629472246247394,1.1409133541079968,2016-03-31,2016-03-31,federal_reserve_h15_nominal:RIFLGFCY01_N.B,-0.09286709957709276,0.06457935508656296,1.438030767768005,2016-03-31,2016-03-31,yahoo:ZT=F,0.0,0.04030813519268614,0.0,2016-03-31,2016-03-31,derived:H15_5Y_nominal_minus_5Y_real,0.0,0.03701083976198063,0.0,2016-03-31,2016-03-31,derived:H15_10Y_nominal_minus_10Y_real,0.030000000000000027,0.04694629700263789,0.6390280366162712,2016-03-31,2016-03-31,federal_reserve_h15_real:RIFLGFCY05_XII_N.B,0.010000000000000009,0.04038340264315957,0.24762648378996563,2016-03-31,2016-03-31,federal_reserve_h15_real:RIFLGFCY10_XII_N.B,0.07847739627330913,0.30741228027972267,-0.2552838689524714,2016-03-31,2016-03-31,yahoo:TIP,-0.6053640735366039,1.2305765751396893,-0.49193531371088045,2016-03-31,2016-03-31,yahoo:GLD,-0.9770473814590914,1.2418263584600115,-0.7867826083758824,2016-03-31,2016-03-31,yahoo:GC=F,0.03171757210312652,0.5156236268358741,0.06151303092482688,2016-03-31,2016-03-31,yahoo:DX-Y.NYB,-0.04075898496577483,0.5103139015400183,-0.07987041866344013,2016-03-31,yahoo:UUP,1,"{""alfred_employment_situation_release_dates"":""b796dbd0eac6d9fd3e17ef1280bf85abe0e8b6e91df1205809e70b9ba0cf5a4b"",""federal_reserve_h15_nominal"":""dd00d34890aea66542962d4e00c3650e37e7303bdcdea95963616a6ca09fce87"",""federal_reserve_h15_real"":""5be7cb777f2a50c090ec837ab67ad98e90e36ff23935d9d8e1e1bbdb97ea0142"",""philadelphia_fed_employ_first_releases"":""8af43817875de1075966ebb668f42ddd7367db908d7897a59744917ef167f755"",""yahoo_DX-Y.NYB"":""2abdecea5830986f7a96a4a77f51a66ae7015a1d96488f3b6807200e2e1f0585"",""yahoo_GC=F"":""dde2a4acfa0b6fafad13fd03b21e79cf06b521cf30e1ed0662dd6da52c3e6f78"",""yahoo_GLD"":""cffc9bd91365864e1969d125a13ee2eeae3f44374a8337e4a94eddc8ffad287e"",""yahoo_TIP"":""9198e3f8407f96f1376cec3bff2883b5a1730e9692a4acc4b4e124d9001589b9"",""yahoo_UUP"":""a4840dacc2e010d8281489df6cb8f77cc34ce1661bdac1c6031f392e01b7aedb"",""yahoo_ZT=F"":""1f36bff6184615be1adeb576578d5ad37ce794b249c13a30005be74f8262dee4""}"
NFP_201604_REL_20160506,nfp,2016:04,2016-05-06,2016-05-06T08:30:00 America/New_York,confirmation,confirmation_protocol_locked,160.0,219.0,-59.0,59.50423476360535,-0.9915260692687076,philadelphia_fed_employ_first_releases,0,0,,0.020000000000000018,0.03698029709022571,0.540828537726546,2016-05-05,2016-05-05,federal_reserve_h15_nominal:RIFLGFCY02_N.B,0.0,0.02111242438179084,0.0,2016-05-05,2016-05-05,federal_reserve_h15_nominal:RIFLGFCY01_N.B,-0.028565307628356375,0.061271890893438555,0.46620574641699786,2016-05-05,2016-05-05,yahoo:ZT=F,-0.010000000000000009,0.03342036660413529,-0.2992187404300542,2016-05-05,2016-05-05,derived:H15_5Y_nominal_minus_5Y_real,-0.019999999999999796,0.029932126609879088,-0.668178384405163,2016-05-05,2016-05-05,derived:H15_10Y_nominal_minus_10Y_real,0.03999999999999998,0.05020972962636368,0.7966583428682145,2016-05-05,2016-05-05,federal_reserve_h15_real:RIFLGFCY05_XII_N.B,0.04999999999999999,0.04217263417722834,1.1856029620980646,2016-05-05,2016-05-05,federal_reserve_h15_real:RIFLGFCY10_XII_N.B,-0.3483029012214927,0.32225425715774175,1.0808325832325631,2016-05-05,2016-05-05,yahoo:TIP,0.9052054554673598,1.244169824173942,0.7275577962746079,2016-05-05,2016-05-05,yahoo:GLD,1.6769101438875393,1.1982918841690726,1.399417091980351,2016-05-05,2016-05-05,yahoo:GC=F,0.11722771249750467,0.4548191007844907,0.25774579892380395,2016-05-05,2016-05-05,yahoo:DX-Y.NYB,0.12344348636750173,0.4355153830132527,0.2834423103804472,2016-05-05,yahoo:UUP,1,"{""alfred_employment_situation_release_dates"":""b796dbd0eac6d9fd3e17ef1280bf85abe0e8b6e91df1205809e70b9ba0cf5a4b"",""federal_reserve_h15_nominal"":""dd00d34890aea66542962d4e00c3650e37e7303bdcdea95963616a6ca09fce87"",""federal_reserve_h15_real"":""5be7cb777f2a50c090ec837ab67ad98e90e36ff23935d9d8e1e1bbdb97ea0142"",""philadelphia_fed_employ_first_releases"":""8af43817875de1075966ebb668f42ddd7367db908d7897a59744917ef167f755"",""yahoo_DX-Y.NYB"":""2abdecea5830986f7a96a4a77f51a66ae7015a1d96488f3b6807200e2e1f0585"",""yahoo_GC=F"":""dde2a4acfa0b6fafad13fd03b21e79cf06b521cf30e1ed0662dd6da52c3e6f78"",""yahoo_GLD"":""cffc9bd91365864e1969d125a13ee2eeae3f44374a8337e4a94eddc8ffad287e"",""yahoo_TIP"":""9198e3f8407f96f1376cec3bff2883b5a1730e9692a4acc4b4e124d9001589b9"",""yahoo_UUP"":""a4840dacc2e010d8281489df6cb8f77cc34ce1661bdac1c6031f392e01b7aedb"",""yahoo_ZT=F"":""1f36bff6184615be1adeb576578d5ad37ce794b249c13a30005be74f8262dee4""}"
NFP_201605_REL_20160603,nfp,2016:05,2016-06-03,2016-06-03T08:30:00 America/New_York,confirmation,confirmation_protocol_locked,38.0,215.0,-177.0,56.58327446474393,-3.1281328568265465,philadelphia_fed_employ_first_releases,0,0,,-0.10999999999999999,0.03362261479999289,-3.2716075371991367,2016-06-02,2016-06-02,federal_reserve_h15_nominal:RIFLGFCY02_N.B,-0.08000000000000007,0.019310136093052353,-4.142901925418511,2016-06-02,2016-06-02,federal_reserve_h15_nominal:RIFLGFCY01_N.B,0.2074615330786754,0.05642129724517787,-3.6770074990859305,2016-06-02,2016-06-02,yahoo:ZT=F,-0.030000000000000027,0.030176037187460217,-0.9941663252080911,2016-06-02,2016-06-02,derived:H15_5Y_nominal_minus_5Y_real,-0.020000000000000018,0.02727553486661423,-0.7332578480241059,2016-06-02,2016-06-02,derived:H15_10Y_nominal_minus_10Y_real,-0.1,0.05171930979479248,-1.9335138151837599,2016-06-02,2016-06-02,federal_reserve_h15_real:RIFLGFCY05_XII_N.B,-0.08000000000000002,0.040720904832720506,-1.9645928873298892,2016-06-02,2016-06-02,federal_reserve_h15_real:RIFLGFCY10_XII_N.B,0.645260801712911,0.3141904025856869,-2.0537253729032465,2016-06-02,2016-06-02,yahoo:TIP,2.7373264388307246,1.020832893693516,2.6814637887761386,2016-06-02,2016-06-02,yahoo:GLD,2.4736904788247527,0.9963305983438515,2.482800872458037,2016-06-02,2016-06-02,yahoo:GC=F,-1.6140429602271262,0.42409355728185855,-3.805865315596885,2016-06-02,2016-06-02,yahoo:DX-Y.NYB,-1.5896058721609545,0.42348194164127223,-3.7536568052941806,2016-06-02,yahoo:UUP,1,"{""alfred_employment_situation_release_dates"":""b796dbd0eac6d9fd3e17ef1280bf85abe0e8b6e91df1205809e70b9ba0cf5a4b"",""federal_reserve_h15_nominal"":""dd00d34890aea66542962d4e00c3650e37e7303bdcdea95963616a6ca09fce87"",""federal_reserve_h15_real"":""5be7cb777f2a50c090ec837ab67ad98e90e36ff23935d9d8e1e1bbdb97ea0142"",""philadelphia_fed_employ_first_releases"":""8af43817875de1075966ebb668f42ddd7367db908d7897a59744917ef167f755"",""yahoo_DX-Y.NYB"":""2abdecea5830986f7a96a4a77f51a66ae7015a1d96488f3b6807200e2e1f0585"",""yahoo_GC=F"":""dde2a4acfa0b6fafad13fd03b21e79cf06b521cf30e1ed0662dd6da52c3e6f78"",""yahoo_GLD"":""cffc9bd91365864e1969d125a13ee2eeae3f44374a8337e4a94eddc8ffad287e"",""yahoo_TIP"":""9198e3f8407f96f1376cec3bff2883b5a1730e9692a4acc4b4e124d9001589b9"",""yahoo_UUP"":""a4840dacc2e010d8281489df6cb8f77cc34ce1661bdac1c6031f392e01b7aedb"",""yahoo_ZT=F"":""1f36bff6184615be1adeb576578d5ad37ce794b249c13a30005be74f8262dee4""}"
NFP_201606_REL_20160708,nfp,2016:06,2016-07-08,2016-07-08T08:30:00 America/New_York,confirmation,confirmation_protocol_locked,287.0,213.0,74.0,61.525202681273235,1.202759142190096,philadelphia_fed_employ_first_releases,0,0,,0.030000000000000027,0.03487831955730155,0.8601331824692144,2016-07-07,2016-07-07,federal_reserve_h15_nominal:RIFLGFCY02_N.B,0.010000000000000009,0.02463920444089512,0.4058572598798047,2016-07-07,2016-07-07,federal_reserve_h15_nominal:RIFLGFCY01_N.B,-0.03563664910670112,0.06267332183689818,0.56860954649001,2016-07-07,2016-07-07,yahoo:ZT=F,-0.020000000000000018,0.03283067326974324,-0.6091864103936006,2016-07-07,2016-07-07,derived:H15_5Y_nominal_minus_5Y_real,2.220446049250313e-16,0.02824629369217549,7.861017354873001e-15,2016-07-07,2016-07-07,derived:H15_10Y_nominal_minus_10Y_real,0.0,0.04163705162228241,0.0,2016-07-07,2016-07-07,federal_reserve_h15_real:RIFLGFCY05_XII_N.B,-0.03,0.03756538555759006,-0.7986075360256357,2016-07-07,2016-07-07,federal_reserve_h15_real:RIFLGFCY10_XII_N.B,0.22141611090542362,0.2922066143903833,-0.757738189353973,2016-07-07,2016-07-07,yahoo:TIP,0.5994014334570739,1.1377306773127602,0.5268394756418258,2016-07-07,2016-07-07,yahoo:GLD,-0.25766569730396743,1.094042847731405,-0.23551700725274163,2016-07-07,2016-07-07,yahoo:GC=F,-0.031146528348623255,0.5313716532118236,-0.05861533666758687,2016-07-07,2016-07-07,yahoo:DX-Y.NYB,0.040121228936634404,0.5685809047004989,0.07056379946099023,2016-07-07,yahoo:UUP,1,"{""alfred_employment_situation_release_dates"":""b796dbd0eac6d9fd3e17ef1280bf85abe0e8b6e91df1205809e70b9ba0cf5a4b"",""federal_reserve_h15_nominal"":""dd00d34890aea66542962d4e00c3650e37e7303bdcdea95963616a6ca09fce87"",""federal_reserve_h15_real"":""5be7cb777f2a50c090ec837ab67ad98e90e36ff23935d9d8e1e1bbdb97ea0142"",""philadelphia_fed_employ_first_releases"":""8af43817875de1075966ebb668f42ddd7367db908d7897a59744917ef167f755"",""yahoo_DX-Y.NYB"":""2abdecea5830986f7a96a4a77f51a66ae7015a1d96488f3b6807200e2e1f0585"",""yahoo_GC=F"":""dde2a4acfa0b6fafad13fd03b21e79cf06b521cf30e1ed0662dd6da52c3e6f78"",""yahoo_GLD"":""cffc9bd91365864e1969d125a13ee2eeae3f44374a8337e4a94eddc8ffad287e"",""yahoo_TIP"":""9198e3f8407f96f1376cec3bff2883b5a1730e9692a4acc4b4e124d9001589b9"",""yahoo_UUP"":""a4840dacc2e010d8281489df6cb8f77cc34ce1661bdac1c6031f392e01b7aedb"",""yahoo_ZT=F"":""1f36bff6184615be1adeb576578d5ad37ce794b249c13a30005be74f8262dee4""}"
NFP_201607_REL_20160805,nfp,2016:07,2016-08-05,2016-08-05T08:30:00 America/New_York,confirmation,confirmation_protocol_locked,255.0,213.0,42.0,61.88031721146952,0.678729552346498,philadelphia_fed_employ_first_releases,0,0,,0.07999999999999996,0.03519758594701028,2.272883149442107,2016-08-04,2016-08-04,federal_reserve_h15_nominal:RIFLGFCY02_N.B,0.050000000000000044,0.02507559193188594,1.9939708755756391,2016-08-04,2016-08-04,federal_reserve_h15_nominal:RIFLGFCY01_N.B,-0.14277558107851407,0.06444161086689457,2.2155805722085358,2016-08-04,2016-08-04,yahoo:ZT=F,0.029999999999999805,0.03157405428440893,0.9501472230892317,2016-08-04,2016-08-04,derived:H15_5Y_nominal_minus_5Y_real,0.030000000000000027,0.02978026874928535,1.0073784173193516,2016-08-04,2016-08-04,derived:H15_10Y_nominal_minus_10Y_real,0.07,0.04007196915381633,1.7468570044887208,2016-08-04,2016-08-04,federal_reserve_h15_real:RIFLGFCY05_XII_N.B,0.049999999999999996,0.039978454649450774,1.2506736550580226,2016-08-04,2016-08-04,federal_reserve_h15_real:RIFLGFCY10_XII_N.B,-0.24168213254408089,0.3013022948186734,0.8021250972865226,2016-08-04,2016-08-04,yahoo:TIP,-1.8025444010511533,1.0973672624442603,-1.642608142907591,2016-08-04,2016-08-04,yahoo:GLD,-1.6622543470037807,0.9601762443585341,-1.731197117998149,2016-08-04,2016-08-04,yahoo:GC=F,0.44803439877169626,0.5282521003719357,0.8481450399463454,2016-08-04,2016-08-04,yahoo:DX-Y.NYB,0.5238800361193577,0.5721202427835482,0.9156816993059249,2016-08-04,yahoo:UUP,1,"{""alfred_employment_situation_release_dates"":""b796dbd0eac6d9fd3e17ef1280bf85abe0e8b6e91df1205809e70b9ba0cf5a4b"",""federal_reserve_h15_nominal"":""dd00d34890aea66542962d4e00c3650e37e7303bdcdea95963616a6ca09fce87"",""federal_reserve_h15_real"":""5be7cb777f2a50c090ec837ab67ad98e90e36ff23935d9d8e1e1bbdb97ea0142"",""philadelphia_fed_employ_first_releases"":""8af43817875de1075966ebb668f42ddd7367db908d7897a59744917ef167f755"",""yahoo_DX-Y.NYB"":""2abdecea5830986f7a96a4a77f51a66ae7015a1d96488f3b6807200e2e1f0585"",""yahoo_GC=F"":""dde2a4acfa0b6fafad13fd03b21e79cf06b521cf30e1ed0662dd6da52c3e6f78"",""yahoo_GLD"":""cffc9bd91365864e1969d125a13ee2eeae3f44374a8337e4a94eddc8ffad287e"",""yahoo_TIP"":""9198e3f8407f96f1376cec3bff2883b5a1730e9692a4acc4b4e124d9001589b9"",""yahoo_UUP"":""a4840dacc2e010d8281489df6cb8f77cc34ce1661bdac1c6031f392e01b7aedb"",""yahoo_ZT=F"":""1f36bff6184615be1adeb576578d5ad37ce794b249c13a30005be74f8262dee4""}"
NFP_201608_REL_20160902,nfp,2016:08,2016-09-02,2016-09-02T08:30:00 America/New_York,confirmation,confirmation_protocol_locked,151.0,213.0,-62.0,61.5241420622602,-1.007734491238549,philadelphia_fed_employ_first_releases,0,0,,0.020000000000000018,0.03483617835001277,0.5741157884499316,2016-09-01,2016-09-01,federal_reserve_h15_nominal:RIFLGFCY02_N.B,-0.010000000000000009,0.02162860629281257,-0.4623506417666459,2016-09-01,2016-09-01,federal_reserve_h15_nominal:RIFLGFCY01_N.B,-0.014301036849546367,0.0612848407597889,0.23335357769143086,2016-09-01,2016-09-01,yahoo:ZT=F,0.040000000000000036,0.032075123683659154,1.2470723540928466,2016-09-01,2016-09-01,derived:H15_5Y_nominal_minus_5Y_real,0.020000000000000018,0.029421925795469688,0.6797651567416966,2016-09-01,2016-09-01,derived:H15_10Y_nominal_minus_10Y_real,-0.020000000000000004,0.035998666014204754,-0.5555761425189528,2016-09-01,2016-09-01,federal_reserve_h15_real:RIFLGFCY05_XII_N.B,0.010000000000000009,0.03768738493250556,0.2653407769711015,2016-09-01,2016-09-01,federal_reserve_h15_real:RIFLGFCY10_XII_N.B,-0.11238418508373875,0.27850065500359095,0.40353292914980643,2016-09-01,2016-09-01,yahoo:TIP,1.0164454828507232,1.0160743180349059,1.0003652929802764,2016-09-01,2016-09-01,yahoo:GLD,0.7516282350036655,0.9041355802251592,0.8313224824273431,2016-09-01,2016-09-01,yahoo:GC=F,0.24016690811514527,0.5068556691286066,0.4738368785102939,2016-09-01,2016-09-01,yahoo:DX-Y.NYB,0.24232247019258815,0.5509555511014781,0.43982217750258373,2016-09-01,yahoo:UUP,1,"{""alfred_employment_situation_release_dates"":""b796dbd0eac6d9fd3e17ef1280bf85abe0e8b6e91df1205809e70b9ba0cf5a4b"",""federal_reserve_h15_nominal"":""dd00d34890aea66542962d4e00c3650e37e7303bdcdea95963616a6ca09fce87"",""federal_reserve_h15_real"":""5be7cb777f2a50c090ec837ab67ad98e90e36ff23935d9d8e1e1bbdb97ea0142"",""philadelphia_fed_employ_first_releases"":""8af43817875de1075966ebb668f42ddd7367db908d7897a59744917ef167f755"",""yahoo_DX-Y.NYB"":""2abdecea5830986f7a96a4a77f51a66ae7015a1d96488f3b6807200e2e1f0585"",""yahoo_GC=F"":""dde2a4acfa0b6fafad13fd03b21e79cf06b521cf30e1ed0662dd6da52c3e6f78"",""yahoo_GLD"":""cffc9bd91365864e1969d125a13ee2eeae3f44374a8337e4a94eddc8ffad287e"",""yahoo_TIP"":""9198e3f8407f96f1376cec3bff2883b5a1730e9692a4acc4b4e124d9001589b9"",""yahoo_UUP"":""a4840dacc2e010d8281489df6cb8f77cc34ce1661bdac1c6031f392e01b7aedb"",""yahoo_ZT=F"":""1f36bff6184615be1adeb576578d5ad37ce794b249c13a30005be74f8262dee4""}"
NFP_201609_REL_20161007,nfp,2016:09,2016-10-07,2016-10-07T08:30:00 America/New_York,confirmation,confirmation_protocol_locked,156.0,213.0,-57.0,61.15528246559187,-0.9320535806873302,philadelphia_fed_employ_first_releases,0,0,,-0.030000000000000027,0.028953498661573925,-1.036144210088675,2016-10-06,2016-10-06,federal_reserve_h15_nominal:RIFLGFCY02_N.B,0.010000000000000009,0.01730745569397392,0.5777856766943389,2016-10-06,2016-10-06,federal_reserve_h15_nominal:RIFLGFCY01_N.B,0.0,0.056173781946362716,-0.0,2016-10-06,2016-10-06,yahoo:ZT=F,0.010000000000000009,0.023842704885796494,0.41941550037626724,2016-10-06,2016-10-06,derived:H15_5Y_nominal_minus_5Y_real,-0.010000000000000009,0.02368520003219251,-0.4222045828791053,2016-10-06,2016-10-06,derived:H15_10Y_nominal_minus_10Y_real,-0.03,0.03643545488780614,-0.8233738289360593,2016-10-06,2016-10-06,federal_reserve_h15_real:RIFLGFCY05_XII_N.B,-0.009999999999999995,0.03752814386458387,-0.2664666826071623,2016-10-06,2016-10-06,federal_reserve_h15_real:RIFLGFCY10_XII_N.B,-0.025916716646684847,0.2641492455137345,0.0981139150947804,2016-10-06,2016-10-06,yahoo:TIP,0.06682890904551575,0.8281961898939215,0.08069212326861278,2016-10-06,2016-10-06,yahoo:GLD,-0.07203941462396617,0.7935886944834285,-0.0907767652497354,2016-10-06,2016-10-06,yahoo:GC=F,-0.14494983262782069,0.4135797513695355,-0.3504761346459327,2016-10-06,2016-10-06,yahoo:DX-Y.NYB,-0.1601316053359188,0.4204099568925933,-0.3808939410462854,2016-10-06,yahoo:UUP,1,"{""alfred_employment_situation_release_dates"":""b796dbd0eac6d9fd3e17ef1280bf85abe0e8b6e91df1205809e70b9ba0cf5a4b"",""federal_reserve_h15_nominal"":""dd00d34890aea66542962d4e00c3650e37e7303bdcdea95963616a6ca09fce87"",""federal_reserve_h15_real"":""5be7cb777f2a50c090ec837ab67ad98e90e36ff23935d9d8e1e1bbdb97ea0142"",""philadelphia_fed_employ_first_releases"":""8af43817875de1075966ebb668f42ddd7367db908d7897a59744917ef167f755"",""yahoo_DX-Y.NYB"":""2abdecea5830986f7a96a4a77f51a66ae7015a1d96488f3b6807200e2e1f0585"",""yahoo_GC=F"":""dde2a4acfa0b6fafad13fd03b21e79cf06b521cf30e1ed0662dd6da52c3e6f78"",""yahoo_GLD"":""cffc9bd91365864e1969d125a13ee2eeae3f44374a8337e4a94eddc8ffad287e"",""yahoo_TIP"":""9198e3f8407f96f1376cec3bff2883b5a1730e9692a4acc4b4e124d9001589b9"",""yahoo_UUP"":""a4840dacc2e010d8281489df6cb8f77cc34ce1661bdac1c6031f392e01b7aedb"",""yahoo_ZT=F"":""1f36bff6184615be1adeb576578d5ad37ce794b249c13a30005be74f8262dee4""}"
NFP_201610_REL_20161104,nfp,2016:10,2016-11-04,2016-11-04T08:30:00 America/New_York,confirmation,confirmation_protocol_locked,161.0,213.0,-52.0,61.74787903217204,-0.8421341884942611,philadelphia_fed_employ_first_releases,0,0,,-0.010000000000000009,0.026048629012796972,-0.3838973634691977,2016-11-03,2016-11-03,federal_reserve_h15_nominal:RIFLGFCY02_N.B,-0.020000000000000018,0.014476749330786961,-1.381525613451567,2016-11-03,2016-11-03,federal_reserve_h15_nominal:RIFLGFCY01_N.B,0.04293073906806799,0.049932495236410544,-0.8597755602800938,2016-11-03,2016-11-03,yahoo:ZT=F,0.0,0.022993489621450456,0.0,2016-11-03,2016-11-03,derived:H15_5Y_nominal_minus_5Y_real,-2.220446049250313e-16,0.020788822507370106,-1.0680961119674359e-14,2016-11-03,2016-11-03,derived:H15_10Y_nominal_minus_10Y_real,-0.020000000000000018,0.03314537402427433,-0.6034024532458987,2016-11-03,2016-11-03,federal_reserve_h15_real:RIFLGFCY05_XII_N.B,-0.030000000000000013,0.032959485487729014,-0.910208383294368,2016-11-03,2016-11-03,federal_reserve_h15_real:RIFLGFCY10_XII_N.B,0.2591963182625967,0.24093683033154242,-1.075785374556178,2016-11-03,2016-11-03,yahoo:TIP,0.07237632468994598,0.7202597024594878,0.10048642794092302,2016-11-03,2016-11-03,yahoo:GLD,0.09212200167436073,0.769858492044104,0.11966095409269475,2016-11-03,2016-11-03,yahoo:GC=F,-0.09267772452427063,0.4099797976284818,-0.22605436916736552,2016-11-03,2016-11-03,yahoo:DX-Y.NYB,-0.2789280780061372,0.376601484640629,-0.740645189628776,2016-11-03,yahoo:UUP,1,"{""alfred_employment_situation_release_dates"":""b796dbd0eac6d9fd3e17ef1280bf85abe0e8b6e91df1205809e70b9ba0cf5a4b"",""federal_reserve_h15_nominal"":""dd00d34890aea66542962d4e00c3650e37e7303bdcdea95963616a6ca09fce87"",""federal_reserve_h15_real"":""5be7cb777f2a50c090ec837ab67ad98e90e36ff23935d9d8e1e1bbdb97ea0142"",""philadelphia_fed_employ_first_releases"":""8af43817875de1075966ebb668f42ddd7367db908d7897a59744917ef167f755"",""yahoo_DX-Y.NYB"":""2abdecea5830986f7a96a4a77f51a66ae7015a1d96488f3b6807200e2e1f0585"",""yahoo_GC=F"":""dde2a4acfa0b6fafad13fd03b21e79cf06b521cf30e1ed0662dd6da52c3e6f78"",""yahoo_GLD"":""cffc9bd91365864e1969d125a13ee2eeae3f44374a8337e4a94eddc8ffad287e"",""yahoo_TIP"":""9198e3f8407f96f1376cec3bff2883b5a1730e9692a4acc4b4e124d9001589b9"",""yahoo_UUP"":""a4840dacc2e010d8281489df6cb8f77cc34ce1661bdac1c6031f392e01b7aedb"",""yahoo_ZT=F"":""1f36bff6184615be1adeb576578d5ad37ce794b249c13a30005be74f8262dee4""}"
NFP_201611_REL_20161202,nfp,2016:11,2016-12-02,2016-12-02T08:30:00 America/New_York,confirmation,confirmation_protocol_locked,178.0,186.0,-8.0,62.11844208814019,-0.12878623048286944,philadelphia_fed_employ_first_releases,0,0,,-0.029999999999999805,0.024999435021864583,-1.2000271195633705,2016-12-01,2016-12-01,federal_reserve_h15_nominal:RIFLGFCY02_N.B,-0.019999999999999907,0.01940571876803214,-1.0306240257870145,2016-12-01,2016-12-01,federal_reserve_h15_nominal:RIFLGFCY01_N.B,0.08628128231553449,0.048774395750806485,-1.7689872111661749,2016-12-01,2016-12-01,yahoo:ZT=F,-0.04999999999999982,0.02816968358796966,-1.7749578139157078,2016-12-01,2016-12-01,derived:H15_5Y_nominal_minus_5Y_real,-0.060000000000000275,0.027132235294763232,-2.2113917024588394,2016-12-01,2016-12-01,derived:H15_10Y_nominal_minus_10Y_real,-0.009999999999999995,0.03751120359946113,-0.2665870204213775,2016-12-01,2016-12-01,federal_reserve_h15_real:RIFLGFCY05_XII_N.B,0.010000000000000009,0.03783513149364282,0.2643046186235732,2016-12-01,2016-12-01,federal_reserve_h15_real:RIFLGFCY10_XII_N.B,0.053153269685293,0.262703461898344,-0.20233182045336442,2016-12-01,2016-12-01,yahoo:TIP,0.5364806083291903,0.8245749229018617,0.650614751223814,2016-12-01,2016-12-01,yahoo:GLD,0.7002548829521463,0.9390147529945211,0.7457336327454188,2016-12-01,2016-12-01,yahoo:GC=F,-0.2675828123790909,0.43162707241808784,-0.6199398264803501,2016-12-01,2016-12-01,yahoo:DX-Y.NYB,-0.23006642588894063,0.3613924307727634,-0.6366110806388249,2016-12-01,yahoo:UUP,1,"{""alfred_employment_situation_release_dates"":""b796dbd0eac6d9fd3e17ef1280bf85abe0e8b6e91df1205809e70b9ba0cf5a4b"",""federal_reserve_h15_nominal"":""dd00d34890aea66542962d4e00c3650e37e7303bdcdea95963616a6ca09fce87"",""federal_reserve_h15_real"":""5be7cb777f2a50c090ec837ab67ad98e90e36ff23935d9d8e1e1bbdb97ea0142"",""philadelphia_fed_employ_first_releases"":""8af43817875de1075966ebb668f42ddd7367db908d7897a59744917ef167f755"",""yahoo_DX-Y.NYB"":""2abdecea5830986f7a96a4a77f51a66ae7015a1d96488f3b6807200e2e1f0585"",""yahoo_GC=F"":""dde2a4acfa0b6fafad13fd03b21e79cf06b521cf30e1ed0662dd6da52c3e6f78"",""yahoo_GLD"":""cffc9bd91365864e1969d125a13ee2eeae3f44374a8337e4a94eddc8ffad287e"",""yahoo_TIP"":""9198e3f8407f96f1376cec3bff2883b5a1730e9692a4acc4b4e124d9001589b9"",""yahoo_UUP"":""a4840dacc2e010d8281489df6cb8f77cc34ce1661bdac1c6031f392e01b7aedb"",""yahoo_ZT=F"":""1f36bff6184615be1adeb576578d5ad37ce794b249c13a30005be74f8262dee4""}"
NFP_201612_REL_20170106,nfp,2016:12,2017-01-06,2017-01-06T08:30:00 America/New_York,confirmation,confirmation_protocol_locked,156.0,169.5,-13.5,62.102463969422715,-0.21738267915822104,philadelphia_fed_employ_first_releases,0,0,,0.050000000000000044,0.029942977822921265,1.6698405982094802,2017-01-05,2017-01-05,federal_reserve_h15_nominal:RIFLGFCY02_N.B,0.020000000000000018,0.020773190022931327,0.962779427614257,2017-01-05,2017-01-05,federal_reserve_h15_nominal:RIFLGFCY01_N.B,-0.07211885499370184,0.06663844809983821,1.0822409142189633,2017-01-05,2017-01-05,yahoo:ZT=F,0.009999999999999787,0.035860684608146745,0.27885691835699117,2017-01-05,2017-01-05,derived:H15_5Y_nominal_minus_5Y_real,0.009999999999999787,0.029829553464425288,0.33523800521941377,2017-01-05,2017-01-05,derived:H15_10Y_nominal_minus_10Y_real,0.05,0.044310154936633595,1.1284095050334004,2017-01-05,2017-01-05,federal_reserve_h15_real:RIFLGFCY05_XII_N.B,0.040000000000000036,0.037529272943711764,1.0658346635170362,2017-01-05,2017-01-05,federal_reserve_h15_real:RIFLGFCY10_XII_N.B,-0.413379619361109,0.27552666139762977,1.5003252943443284,2017-01-05,2017-01-05,yahoo:TIP,-0.7399862806678017,0.7978888907235299,-0.9274302340477234,2017-01-05,2017-01-05,yahoo:GLD,-0.6633743360060724,0.914921864004415,-0.7250611905836707,2017-01-05,2017-01-05,yahoo:GC=F,0.6871574942644141,0.4953278756682992,1.3872780596837948,2017-01-05,2017-01-05,yahoo:DX-Y.NYB,0.7220317509659551,0.47654038851711966,1.5151533183005665,2017-01-05,yahoo:UUP,1,"{""alfred_employment_situation_release_dates"":""b796dbd0eac6d9fd3e17ef1280bf85abe0e8b6e91df1205809e70b9ba0cf5a4b"",""federal_reserve_h15_nominal"":""dd00d34890aea66542962d4e00c3650e37e7303bdcdea95963616a6ca09fce87"",""federal_reserve_h15_real"":""5be7cb777f2a50c090ec837ab67ad98e90e36ff23935d9d8e1e1bbdb97ea0142"",""philadelphia_fed_employ_first_releases"":""8af43817875de1075966ebb668f42ddd7367db908d7897a59744917ef167f755"",""yahoo_DX-Y.NYB"":""2abdecea5830986f7a96a4a77f51a66ae7015a1d96488f3b6807200e2e1f0585"",""yahoo_GC=F"":""dde2a4acfa0b6fafad13fd03b21e79cf06b521cf30e1ed0662dd6da52c3e6f78"",""yahoo_GLD"":""cffc9bd91365864e1969d125a13ee2eeae3f44374a8337e4a94eddc8ffad287e"",""yahoo_TIP"":""9198e3f8407f96f1376cec3bff2883b5a1730e9692a4acc4b4e124d9001589b9"",""yahoo_UUP"":""a4840dacc2e010d8281489df6cb8f77cc34ce1661bdac1c6031f392e01b7aedb"",""yahoo_ZT=F"":""1f36bff6184615be1adeb576578d5ad37ce794b249c13a30005be74f8262dee4""}"
NFP_201701_REL_20170203,nfp,2017:01,2017-02-03,2017-02-03T08:30:00 America/New_York,confirmation,confirmation_protocol_locked,227.0,160.5,66.5,61.05839105842921,1.089121394246427,philadelphia_fed_employ_first_releases,0,0,,0.0,0.033021136870586235,0.0,2017-02-02,2017-02-02,federal_reserve_h15_nominal:RIFLGFCY02_N.B,-0.020000000000000018,0.021680786359704322,-0.9224757657854977,2017-02-02,2017-02-02,federal_reserve_h15_nominal:RIFLGFCY01_N.B,-0.01441441443936923,0.07004163119939069,0.2057978118518551,2017-02-02,2017-02-02,yahoo:ZT=F,-0.020000000000000018,0.03712058530124957,-0.5387846079928801,2017-02-02,2017-02-02,derived:H15_5Y_nominal_minus_5Y_real,4.440892098500626e-16,0.030202237354920215,1.4703851394562878e-14,2017-02-02,2017-02-02,derived:H15_10Y_nominal_minus_10Y_real,0.03,0.04633304881431157,0.6474859904046171,2017-02-02,2017-02-02,federal_reserve_h15_real:RIFLGFCY05_XII_N.B,0.010000000000000009,0.039078003985365296,0.25589843339350204,2017-02-02,2017-02-02,federal_reserve_h15_real:RIFLGFCY10_XII_N.B,-0.10538296531258426,0.2864759704613084,0.36785970265808854,2017-02-02,2017-02-02,yahoo:TIP,0.2500332582847749,0.8493591833179754,0.2943787071425231,2017-02-02,2017-02-02,yahoo:GLD,0.14783584034642827,0.9506838162450548,0.1555047407142577,2017-02-02,2017-02-02,yahoo:GC=F,0.020032317650275785,0.5012972083771138,0.03996095991662885,2017-02-02,2017-02-02,yahoo:DX-Y.NYB,-0.03876537038350019,0.5133190963387345,-0.07551904976844906,2017-02-02,yahoo:UUP,1,"{""alfred_employment_situation_release_dates"":""b796dbd0eac6d9fd3e17ef1280bf85abe0e8b6e91df1205809e70b9ba0cf5a4b"",""federal_reserve_h15_nominal"":""dd00d34890aea66542962d4e00c3650e37e7303bdcdea95963616a6ca09fce87"",""federal_reserve_h15_real"":""5be7cb777f2a50c090ec837ab67ad98e90e36ff23935d9d8e1e1bbdb97ea0142"",""philadelphia_fed_employ_first_releases"":""8af43817875de1075966ebb668f42ddd7367db908d7897a59744917ef167f755"",""yahoo_DX-Y.NYB"":""2abdecea5830986f7a96a4a77f51a66ae7015a1d96488f3b6807200e2e1f0585"",""yahoo_GC=F"":""dde2a4acfa0b6fafad13fd03b21e79cf06b521cf30e1ed0662dd6da52c3e6f78"",""yahoo_GLD"":""cffc9bd91365864e1969d125a13ee2eeae3f44374a8337e4a94eddc8ffad287e"",""yahoo_TIP"":""9198e3f8407f96f1376cec3bff2883b5a1730e9692a4acc4b4e124d9001589b9"",""yahoo_UUP"":""a4840dacc2e010d8281489df6cb8f77cc34ce1661bdac1c6031f392e01b7aedb"",""yahoo_ZT=F"":""1f36bff6184615be1adeb576578d5ad37ce794b249c13a30005be74f8262dee4""}"
NFP_201702_REL_20170310,nfp,2017:02,2017-03-10,2017-03-10T08:30:00 America/New_York,confirmation,confirmation_protocol_locked,235.0,169.5,65.5,59.301519949842614,1.10452480906729,philadelphia_fed_employ_first_releases,0,0,,-0.010000000000000009,0.03565211699643774,-0.2804882526611023,2017-03-09,2017-03-09,federal_reserve_h15_nominal:RIFLGFCY02_N.B,-0.010000000000000009,0.023251875569814236,-0.4300728330484482,2017-03-09,2017-03-09,federal_reserve_h15_nominal:RIFLGFCY01_N.B,0.014435221966600971,0.07259283685969876,-0.19885187838161134,2017-03-09,2017-03-09,yahoo:ZT=F,0.010000000000000009,0.03615878354036048,0.2765579762615077,2017-03-09,2017-03-09,derived:H15_5Y_nominal_minus_5Y_real,0.010000000000000231,0.024137084953583243,0.4143002363056974,2017-03-09,2017-03-09,derived:H15_10Y_nominal_minus_10Y_real,-0.03,0.05169335924304502,-0.5803453371824794,2017-03-09,2017-03-09,federal_reserve_h15_real:RIFLGFCY05_XII_N.B,-0.030000000000000027,0.03621147865581683,-0.828466583349006,2017-03-09,2017-03-09,federal_reserve_h15_real:RIFLGFCY10_XII_N.B,0.18604743459235779,0.268564013576151,-0.6927489357750616,2017-03-09,2017-03-09,yahoo:TIP,0.21815968976861885,0.702489783059706,0.3105521176669939,2017-03-09,2017-03-09,yahoo:GLD,-0.1414900372918341,0.7729988057446977,-0.18304043452631769,2017-03-09,2017-03-09,yahoo:GC=F,-0.5908421704537284,0.4427033850164884,-1.334623114371991,2017-03-09,2017-03-09,yahoo:DX-Y.NYB,-0.6859844309872785,0.4732283478762711,-1.4495844005664553,2017-03-09,yahoo:UUP,1,"{""alfred_employment_situation_release_dates"":""b796dbd0eac6d9fd3e17ef1280bf85abe0e8b6e91df1205809e70b9ba0cf5a4b"",""federal_reserve_h15_nominal"":""dd00d34890aea66542962d4e00c3650e37e7303bdcdea95963616a6ca09fce87"",""federal_reserve_h15_real"":""5be7cb777f2a50c090ec837ab67ad98e90e36ff23935d9d8e1e1bbdb97ea0142"",""philadelphia_fed_employ_first_releases"":""8af43817875de1075966ebb668f42ddd7367db908d7897a59744917ef167f755"",""yahoo_DX-Y.NYB"":""2abdecea5830986f7a96a4a77f51a66ae7015a1d96488f3b6807200e2e1f0585"",""yahoo_GC=F"":""dde2a4acfa0b6fafad13fd03b21e79cf06b521cf30e1ed0662dd6da52c3e6f78"",""yahoo_GLD"":""cffc9bd91365864e1969d125a13ee2eeae3f44374a8337e4a94eddc8ffad287e"",""yahoo_TIP"":""9198e3f8407f96f1376cec3bff2883b5a1730e9692a4acc4b4e124d9001589b9"",""yahoo_UUP"":""a4840dacc2e010d8281489df6cb8f77cc34ce1661bdac1c6031f392e01b7aedb"",""yahoo_ZT=F"":""1f36bff6184615be1adeb576578d5ad37ce794b249c13a30005be74f8262dee4""}"
NFP_201703_REL_20170407,nfp,2017:03,2017-04-07,2017-04-07T08:30:00 America/New_York,confirmation,confirmation_protocol_locked,98.0,169.5,-71.5,58.28544785967926,-1.2267212936603737,philadelphia_fed_employ_first_releases,0,0,,0.050000000000000044,0.03195821777909117,1.5645428147971632,2017-04-06,2017-04-06,federal_reserve_h15_nominal:RIFLGFCY02_N.B,0.030000000000000027,0.02075618483824876,1.4453523243210427,2017-04-06,2017-04-06,federal_reserve_h15_nominal:RIFLGFCY01_N.B,-0.0721865331281416,0.05429453512526823,1.329535890888337,2017-04-06,2017-04-06,yahoo:ZT=F,-0.010000000000000231,0.03420237213830355,-0.29237738129868307,2017-04-06,2017-04-06,derived:H15_5Y_nominal_minus_5Y_real,-0.009999999999999787,0.020748698141721287,-0.48195794896123534,2017-04-06,2017-04-06,derived:H15_10Y_nominal_minus_10Y_real,0.06,0.04774549998022413,1.256662932105677,2017-04-06,2017-04-06,federal_reserve_h15_real:RIFLGFCY05_XII_N.B,0.04999999999999999,0.03531296716105168,1.4159104719794637,2017-04-06,2017-04-06,federal_reserve_h15_real:RIFLGFCY10_XII_N.B,-0.3927523891941415,0.25611683776270305,1.5334891396638037,2017-04-06,2017-04-06,yahoo:TIP,0.2346621760815808,0.6212183465854514,0.3777450833051048,2017-04-06,2017-04-06,yahoo:GLD,0.3194125405133405,0.655539495382708,0.48725140554172947,2017-04-06,2017-04-06,yahoo:GC=F,0.5053289327307973,0.3785884172769202,1.334771244100614,2017-04-06,2017-04-06,yahoo:DX-Y.NYB,0.4599483613133352,0.4217979034383673,1.090447243962042,2017-04-06,yahoo:UUP,1,"{""alfred_employment_situation_release_dates"":""b796dbd0eac6d9fd3e17ef1280bf85abe0e8b6e91df1205809e70b9ba0cf5a4b"",""federal_reserve_h15_nominal"":""dd00d34890aea66542962d4e00c3650e37e7303bdcdea95963616a6ca09fce87"",""federal_reserve_h15_real"":""5be7cb777f2a50c090ec837ab67ad98e90e36ff23935d9d8e1e1bbdb97ea0142"",""philadelphia_fed_employ_first_releases"":""8af43817875de1075966ebb668f42ddd7367db908d7897a59744917ef167f755"",""yahoo_DX-Y.NYB"":""2abdecea5830986f7a96a4a77f51a66ae7015a1d96488f3b6807200e2e1f0585"",""yahoo_GC=F"":""dde2a4acfa0b6fafad13fd03b21e79cf06b521cf30e1ed0662dd6da52c3e6f78"",""yahoo_GLD"":""cffc9bd91365864e1969d125a13ee2eeae3f44374a8337e4a94eddc8ffad287e"",""yahoo_TIP"":""9198e3f8407f96f1376cec3bff2883b5a1730e9692a4acc4b4e124d9001589b9"",""yahoo_UUP"":""a4840dacc2e010d8281489df6cb8f77cc34ce1661bdac1c6031f392e01b7aedb"",""yahoo_ZT=F"":""1f36bff6184615be1adeb576578d5ad37ce794b249c13a30005be74f8262dee4""}"
NFP_201704_REL_20170505,nfp,2017:04,2017-05-05,2017-05-05T08:30:00 America/New_York,confirmation,confirmation_protocol_locked,211.0,160.5,50.5,59.108940766444746,0.854354677062122,philadelphia_fed_employ_first_releases,0,0,,0.0,0.030745905978898664,0.0,2017-05-04,2017-05-04,federal_reserve_h15_nominal:RIFLGFCY02_N.B,-0.010000000000000009,0.022131476676602625,-0.4518451319866965,2017-05-04,2017-05-04,federal_reserve_h15_nominal:RIFLGFCY01_N.B,-0.007219434721399938,0.05387969492969414,0.13399175201010963,2017-05-04,2017-05-04,yahoo:ZT=F,0.030000000000000027,0.03942918990987706,0.7608576303132465,2017-05-04,2017-05-04,derived:H15_5Y_nominal_minus_5Y_real,0.0,0.0203666948690013,0.0,2017-05-04,2017-05-04,derived:H15_10Y_nominal_minus_10Y_real,-0.01999999999999999,0.05182434477988513,-0.3859190132542245,2017-05-04,2017-05-04,federal_reserve_h15_real:RIFLGFCY05_XII_N.B,0.0,0.036922578947822596,0.0,2017-05-04,2017-05-04,federal_reserve_h15_real:RIFLGFCY10_XII_N.B,0.07913531318870551,0.25452858785062055,-0.3109093318631421,2017-05-04,2017-05-04,yahoo:TIP,0.18819613581217376,0.62927572404586,0.29906784676546416,2017-05-04,2017-05-04,yahoo:GLD,-0.13869794888681627,0.6620532217962481,-0.20949667537378378,2017-05-04,2017-05-04,yahoo:GC=F,-0.11144381712757606,0.36106306606905736,-0.3086547132634751,2017-05-04,2017-05-04,yahoo:DX-Y.NYB,-0.15704197486202165,0.40852570486816275,-0.38441148987846774,2017-05-04,yahoo:UUP,1,"{""alfred_employment_situation_release_dates"":""b796dbd0eac6d9fd3e17ef1280bf85abe0e8b6e91df1205809e70b9ba0cf5a4b"",""federal_reserve_h15_nominal"":""dd00d34890aea66542962d4e00c3650e37e7303bdcdea95963616a6ca09fce87"",""federal_reserve_h15_real"":""5be7cb777f2a50c090ec837ab67ad98e90e36ff23935d9d8e1e1bbdb97ea0142"",""philadelphia_fed_employ_first_releases"":""8af43817875de1075966ebb668f42ddd7367db908d7897a59744917ef167f755"",""yahoo_DX-Y.NYB"":""2abdecea5830986f7a96a4a77f51a66ae7015a1d96488f3b6807200e2e1f0585"",""yahoo_GC=F"":""dde2a4acfa0b6fafad13fd03b21e79cf06b521cf30e1ed0662dd6da52c3e6f78"",""yahoo_GLD"":""cffc9bd91365864e1969d125a13ee2eeae3f44374a8337e4a94eddc8ffad287e"",""yahoo_TIP"":""9198e3f8407f96f1376cec3bff2883b5a1730e9692a4acc4b4e124d9001589b9"",""yahoo_UUP"":""a4840dacc2e010d8281489df6cb8f77cc34ce1661bdac1c6031f392e01b7aedb"",""yahoo_ZT=F"":""1f36bff6184615be1adeb576578d5ad37ce794b249c13a30005be74f8262dee4""}"
NFP_201705_REL_20170602,nfp,2017:05,2017-06-02,2017-06-02T08:30:00 America/New_York,confirmation,confirmation_protocol_locked,138.0,169.5,-31.5,59.41152742015206,-0.5302001373779758,philadelphia_fed_employ_first_releases,0,0,,0.0,0.025701458552996808,0.0,2017-06-01,2017-06-01,federal_reserve_h15_nominal:RIFLGFCY02_N.B,0.0,0.018353096692168613,0.0,2017-06-01,2017-06-01,federal_reserve_h15_nominal:RIFLGFCY01_N.B,0.021636435842213753,0.04883104865147398,-0.44308767556153333,2017-06-01,2017-06-01,yahoo:ZT=F,-0.010000000000000009,0.037029153272663345,-0.27005748487860987,2017-06-01,2017-06-01,derived:H15_5Y_nominal_minus_5Y_real,-0.020000000000000018,0.017656483580525836,-1.1327283775835726,2017-06-01,2017-06-01,derived:H15_10Y_nominal_minus_10Y_real,-0.04,0.04318531870222135,-0.9262407040646083,2017-06-01,2017-06-01,federal_reserve_h15_real:RIFLGFCY05_XII_N.B,-0.040000000000000036,0.03526293487886661,-1.1343355321219277,2017-06-01,2017-06-01,federal_reserve_h15_real:RIFLGFCY10_XII_N.B,0.401370782662487,0.24930743492817772,-1.6099430920626847,2017-06-01,2017-06-01,yahoo:TIP,0.7345383440385594,0.6344813398096206,1.1576988919153421,2017-06-01,2017-06-01,yahoo:GLD,0.7705084616983541,0.6613473435313441,1.1650586779167071,2017-06-01,2017-06-01,yahoo:GC=F,-0.4950461142170393,0.3709661995135898,-1.334477682511622,2017-06-01,2017-06-01,yahoo:DX-Y.NYB,-0.4790532238183619,0.4072224420536428,-1.1763920018810186,2017-06-01,yahoo:UUP,1,"{""alfred_employment_situation_release_dates"":""b796dbd0eac6d9fd3e17ef1280bf85abe0e8b6e91df1205809e70b9ba0cf5a4b"",""federal_reserve_h15_nominal"":""dd00d34890aea66542962d4e00c3650e37e7303bdcdea95963616a6ca09fce87"",""federal_reserve_h15_real"":""5be7cb777f2a50c090ec837ab67ad98e90e36ff23935d9d8e1e1bbdb97ea0142"",""philadelphia_fed_employ_first_releases"":""8af43817875de1075966ebb668f42ddd7367db908d7897a59744917ef167f755"",""yahoo_DX-Y.NYB"":""2abdecea5830986f7a96a4a77f51a66ae7015a1d96488f3b6807200e2e1f0585"",""yahoo_GC=F"":""dde2a4acfa0b6fafad13fd03b21e79cf06b521cf30e1ed0662dd6da52c3e6f78"",""yahoo_GLD"":""cffc9bd91365864e1969d125a13ee2eeae3f44374a8337e4a94eddc8ffad287e"",""yahoo_TIP"":""9198e3f8407f96f1376cec3bff2883b5a1730e9692a4acc4b4e124d9001589b9"",""yahoo_UUP"":""a4840dacc2e010d8281489df6cb8f77cc34ce1661bdac1c6031f392e01b7aedb"",""yahoo_ZT=F"":""1f36bff6184615be1adeb576578d5ad37ce794b249c13a30005be74f8262dee4""}"
NFP_201706_REL_20170707,nfp,2017:06,2017-07-07,2017-07-07T08:30:00 America/New_York,confirmation,confirmation_protocol_locked,222.0,169.5,52.5,59.21780872386699,0.8865576273652378,philadelphia_fed_employ_first_releases,0,0,,0.0,0.02389891612794177,0.0,2017-07-06,2017-07-06,federal_reserve_h15_nominal:RIFLGFCY02_N.B,-0.010000000000000009,0.017060874723403948,-0.5861364180983114,2017-07-06,2017-07-06,federal_reserve_h15_nominal:RIFLGFCY01_N.B,-0.00723458130175939,0.05896782744027287,0.1226869229511148,2017-07-06,2017-07-06,yahoo:ZT=F,-0.030000000000000027,0.03402018344095065,-0.881829460210627,2017-07-06,2017-07-06,derived:H15_5Y_nominal_minus_5Y_real,-0.03000000000000025,0.018874399006408332,-1.589454582888414,2017-07-06,2017-07-06,derived:H15_10Y_nominal_minus_10Y_real,0.03999999999999998,0.038342789302884886,1.0432209217755164,2017-07-06,2017-07-06,federal_reserve_h15_real:RIFLGFCY05_XII_N.B,0.050000000000000044,0.03141259958089077,1.5917179942794848,2017-07-06,2017-07-06,federal_reserve_h15_real:RIFLGFCY10_XII_N.B,-0.31075577952141203,0.22711181523042914,1.3682941999566036,2017-07-06,2017-07-06,yahoo:TIP,-1.026979849315902,0.6586756525090974,-1.559158662391453,2017-07-06,2017-07-06,yahoo:GLD,-1.1189828782629334,0.7096662092855026,-1.576773507913719,2017-07-06,2017-07-06,yahoo:GC=F,0.19809466895251543,0.3655382229231167,0.5419260053528806,2017-07-06,2017-07-06,yahoo:DX-Y.NYB,0.16117307955568605,0.3958582297169195,0.40714848765665895,2017-07-06,yahoo:UUP,1,"{""alfred_employment_situation_release_dates"":""b796dbd0eac6d9fd3e17ef1280bf85abe0e8b6e91df1205809e70b9ba0cf5a4b"",""federal_reserve_h15_nominal"":""dd00d34890aea66542962d4e00c3650e37e7303bdcdea95963616a6ca09fce87"",""federal_reserve_h15_real"":""5be7cb777f2a50c090ec837ab67ad98e90e36ff23935d9d8e1e1bbdb97ea0142"",""philadelphia_fed_employ_first_releases"":""8af43817875de1075966ebb668f42ddd7367db908d7897a59744917ef167f755"",""yahoo_DX-Y.NYB"":""2abdecea5830986f7a96a4a77f51a66ae7015a1d96488f3b6807200e2e1f0585"",""yahoo_GC=F"":""dde2a4acfa0b6fafad13fd03b21e79cf06b521cf30e1ed0662dd6da52c3e6f78"",""yahoo_GLD"":""cffc9bd91365864e1969d125a13ee2eeae3f44374a8337e4a94eddc8ffad287e"",""yahoo_TIP"":""9198e3f8407f96f1376cec3bff2883b5a1730e9692a4acc4b4e124d9001589b9"",""yahoo_UUP"":""a4840dacc2e010d8281489df6cb8f77cc34ce1661bdac1c6031f392e01b7aedb"",""yahoo_ZT=F"":""1f36bff6184615be1adeb576578d5ad37ce794b249c13a30005be74f8262dee4""}"
NFP_201707_REL_20170804,nfp,2017:07,2017-08-04,2017-08-04T08:30:00 America/New_York,confirmation,confirmation_protocol_locked,209.0,169.5,39.5,59.291115439469486,0.6662043664927453,philadelphia_fed_employ_first_releases,0,0,,0.020000000000000018,0.021026617513708556,0.9511753370203637,2017-08-03,2017-08-03,federal_reserve_h15_nominal:RIFLGFCY02_N.B,0.010000000000000009,0.015345364967595287,0.6516625718004718,2017-08-03,2017-08-03,federal_reserve_h15_nominal:RIFLGFCY01_N.B,-0.03611020874828231,0.056025274044920866,0.6445342635777073,2017-08-03,2017-08-03,yahoo:ZT=F,0.030000000000000027,0.025828639996480572,1.1615013413051498,2017-08-03,2017-08-03,derived:H15_5Y_nominal_minus_5Y_real,0.019999999999999796,0.0180832975343966,1.1059929729053783,2017-08-03,2017-08-03,derived:H15_10Y_nominal_minus_10Y_real,0.0,0.0295402626705327,0.0,2017-08-03,2017-08-03,federal_reserve_h15_real:RIFLGFCY05_XII_N.B,0.009999999999999953,0.028413810599220272,0.35194153086507773,2017-08-03,2017-08-03,federal_reserve_h15_real:RIFLGFCY10_XII_N.B,-0.14073541558888025,0.22444774297397152,0.627029765254538,2017-08-03,2017-08-03,yahoo:TIP,-0.7825504639997655,0.5818660077523339,-1.3448980582705754,2017-08-03,2017-08-03,yahoo:GLD,-0.7521510961367686,0.6363599823211895,-1.1819585093852365,2017-08-03,2017-08-03,yahoo:GC=F,0.7834795783410448,0.346030882359939,2.26418975380953,2017-08-03,2017-08-03,yahoo:DX-Y.NYB,0.8704622496707557,0.3640403405472853,2.391114809864571,2017-08-03,yahoo:UUP,1,"{""alfred_employment_situation_release_dates"":""b796dbd0eac6d9fd3e17ef1280bf85abe0e8b6e91df1205809e70b9ba0cf5a4b"",""federal_reserve_h15_nominal"":""dd00d34890aea66542962d4e00c3650e37e7303bdcdea95963616a6ca09fce87"",""federal_reserve_h15_real"":""5be7cb777f2a50c090ec837ab67ad98e90e36ff23935d9d8e1e1bbdb97ea0142"",""philadelphia_fed_employ_first_releases"":""8af43817875de1075966ebb668f42ddd7367db908d7897a59744917ef167f755"",""yahoo_DX-Y.NYB"":""2abdecea5830986f7a96a4a77f51a66ae7015a1d96488f3b6807200e2e1f0585"",""yahoo_GC=F"":""dde2a4acfa0b6fafad13fd03b21e79cf06b521cf30e1ed0662dd6da52c3e6f78"",""yahoo_GLD"":""cffc9bd91365864e1969d125a13ee2eeae3f44374a8337e4a94eddc8ffad287e"",""yahoo_TIP"":""9198e3f8407f96f1376cec3bff2883b5a1730e9692a4acc4b4e124d9001589b9"",""yahoo_UUP"":""a4840dacc2e010d8281489df6cb8f77cc34ce1661bdac1c6031f392e01b7aedb"",""yahoo_ZT=F"":""1f36bff6184615be1adeb576578d5ad37ce794b249c13a30005be74f8262dee4""}"
NFP_201708_REL_20170901,nfp,2017:08,2017-09-01,2017-09-01T08:30:00 America/New_York,confirmation,confirmation_protocol_locked,156.0,169.5,-13.5,59.21126114454651,-0.22799717045451548,philadelphia_fed_employ_first_releases,0,0,,0.020000000000000018,0.019177287649245908,1.0429003499244305,2017-08-31,2017-08-31,federal_reserve_h15_nominal:RIFLGFCY02_N.B,0.010000000000000009,0.01434443138867509,0.697134639153072,2017-08-31,2017-08-31,federal_reserve_h15_nominal:RIFLGFCY01_N.B,-0.0360841486252167,0.05467830205512259,0.659935427198148,2017-08-31,2017-08-31,yahoo:ZT=F,0.04999999999999982,0.025075591931885927,1.9939708755756314,2017-08-31,2017-08-31,derived:H15_5Y_nominal_minus_5Y_real,0.029999999999999805,0.016668926400480417,1.7997559818330695,2017-08-31,2017-08-31,derived:H15_10Y_nominal_minus_10Y_real,-0.01999999999999999,0.028528407885775455,-0.7010555962350842,2017-08-31,2017-08-31,federal_reserve_h15_real:RIFLGFCY05_XII_N.B,0.010000000000000009,0.027300379749433473,0.3662952710468258,2017-08-31,2017-08-31,federal_reserve_h15_real:RIFLGFCY10_XII_N.B,-0.23019451316144088,0.21322962304975934,1.0795616006305213,2017-08-31,2017-08-31,yahoo:TIP,0.19056530015576625,0.5967594491214688,0.3193335278332177,2017-08-31,2017-08-31,yahoo:GLD,0.6286269787906836,0.6220088923820938,1.0106398581911662,2017-08-31,2017-08-31,yahoo:GC=F,0.1509590462151015,0.36029709303058355,0.4189849131041628,2017-08-31,2017-08-31,yahoo:DX-Y.NYB,0.20784258452714266,0.3886213285598529,0.5348203231597263,2017-08-31,yahoo:UUP,1,"{""alfred_employment_situation_release_dates"":""b796dbd0eac6d9fd3e17ef1280bf85abe0e8b6e91df1205809e70b9ba0cf5a4b"",""federal_reserve_h15_nominal"":""dd00d34890aea66542962d4e00c3650e37e7303bdcdea95963616a6ca09fce87"",""federal_reserve_h15_real"":""5be7cb777f2a50c090ec837ab67ad98e90e36ff23935d9d8e1e1bbdb97ea0142"",""philadelphia_fed_employ_first_releases"":""8af43817875de1075966ebb668f42ddd7367db908d7897a59744917ef167f755"",""yahoo_DX-Y.NYB"":""2abdecea5830986f7a96a4a77f51a66ae7015a1d96488f3b6807200e2e1f0585"",""yahoo_GC=F"":""dde2a4acfa0b6fafad13fd03b21e79cf06b521cf30e1ed0662dd6da52c3e6f78"",""yahoo_GLD"":""cffc9bd91365864e1969d125a13ee2eeae3f44374a8337e4a94eddc8ffad287e"",""yahoo_TIP"":""9198e3f8407f96f1376cec3bff2883b5a1730e9692a4acc4b4e124d9001589b9"",""yahoo_UUP"":""a4840dacc2e010d8281489df6cb8f77cc34ce1661bdac1c6031f392e01b7aedb"",""yahoo_ZT=F"":""1f36bff6184615be1adeb576578d5ad37ce794b249c13a30005be74f8262dee4""}"
NFP_201709_REL_20171006,nfp,2017:09,2017-10-06,2017-10-06T08:30:00 America/New_York,confirmation,confirmation_protocol_locked,-33.0,169.5,-202.5,59.157345490004275,-3.4230744858931526,philadelphia_fed_employ_first_releases,0,0,,0.050000000000000044,0.019775577016301792,2.528371230775368,2017-10-05,2017-10-05,federal_reserve_h15_nominal:RIFLGFCY02_N.B,0.0,0.014422988555429726,0.0,2017-10-05,2017-10-05,federal_reserve_h15_nominal:RIFLGFCY01_N.B,-0.021744645466750114,0.0466291382809895,0.4663317030590572,2017-10-05,2017-10-05,yahoo:ZT=F,0.040000000000000036,0.026901683311119237,1.486895802667742,2017-10-05,2017-10-05,derived:H15_5Y_nominal_minus_5Y_real,0.010000000000000009,0.015312193730362673,0.6530742868130598,2017-10-05,2017-10-05,derived:H15_10Y_nominal_minus_10Y_real,-0.010000000000000009,0.029988227445294835,-0.3334641908476325,2017-10-05,2017-10-05,federal_reserve_h15_real:RIFLGFCY05_XII_N.B,0.010000000000000009,0.027088471915825436,0.3691607275254932,2017-10-05,2017-10-05,federal_reserve_h15_real:RIFLGFCY10_XII_N.B,-0.0793483347419465,0.21483810936840597,0.3693401276673841,2017-10-05,2017-10-05,yahoo:TIP,0.47183541150492775,0.6528036456857593,0.7227830521829769,2017-10-05,2017-10-05,yahoo:GLD,0.13377544169920025,0.6180025929266569,0.216464207804831,2017-10-05,2017-10-05,yahoo:GC=F,-0.17042615000031713,0.39240208744800475,-0.43431509528577483,2017-10-05,2017-10-05,yahoo:DX-Y.NYB,-0.16399586978749073,0.4086301911945632,-0.40133077124838906,2017-10-05,yahoo:UUP,1,"{""alfred_employment_situation_release_dates"":""b796dbd0eac6d9fd3e17ef1280bf85abe0e8b6e91df1205809e70b9ba0cf5a4b"",""federal_reserve_h15_nominal"":""dd00d34890aea66542962d4e00c3650e37e7303bdcdea95963616a6ca09fce87"",""federal_reserve_h15_real"":""5be7cb777f2a50c090ec837ab67ad98e90e36ff23935d9d8e1e1bbdb97ea0142"",""philadelphia_fed_employ_first_releases"":""8af43817875de1075966ebb668f42ddd7367db908d7897a59744917ef167f755"",""yahoo_DX-Y.NYB"":""2abdecea5830986f7a96a4a77f51a66ae7015a1d96488f3b6807200e2e1f0585"",""yahoo_GC=F"":""dde2a4acfa0b6fafad13fd03b21e79cf06b521cf30e1ed0662dd6da52c3e6f78"",""yahoo_GLD"":""cffc9bd91365864e1969d125a13ee2eeae3f44374a8337e4a94eddc8ffad287e"",""yahoo_TIP"":""9198e3f8407f96f1376cec3bff2883b5a1730e9692a4acc4b4e124d9001589b9"",""yahoo_UUP"":""a4840dacc2e010d8281489df6cb8f77cc34ce1661bdac1c6031f392e01b7aedb"",""yahoo_ZT=F"":""1f36bff6184615be1adeb576578d5ad37ce794b249c13a30005be74f8262dee4""}"
NFP_201710_REL_20171103,nfp,2017:10,2017-11-03,2017-11-03T08:30:00 America/New_York,confirmation,confirmation_protocol_locked,261.0,169.5,91.5,64.99513454193547,1.4077976858554442,philadelphia_fed_employ_first_releases,0,0,,0.019999999999999796,0.021729591373123844,0.9204038703064022,2017-11-02,2017-11-02,federal_reserve_h15_nominal:RIFLGFCY02_N.B,0.030000000000000027,0.01615252162364316,1.8572951455510016,2017-11-02,2017-11-02,federal_reserve_h15_nominal:RIFLGFCY01_N.B,-0.021773052305048553,0.04604342010053005,0.47288086457326184,2017-11-02,2017-11-02,yahoo:ZT=F,-0.050000000000000044,0.0359927801925428,-1.3891674867161092,2017-11-02,2017-11-02,derived:H15_5Y_nominal_minus_5Y_real,-0.010000000000000231,0.01494245080829088,-0.6692342593794379,2017-11-02,2017-11-02,derived:H15_10Y_nominal_minus_10Y_real,0.04000000000000001,0.03690115059526243,1.0839770401396487,2017-11-02,2017-11-02,federal_reserve_h15_real:RIFLGFCY05_XII_N.B,0.0,0.027676500872851898,0.0,2017-11-02,2017-11-02,federal_reserve_h15_real:RIFLGFCY10_XII_N.B,0.07018542823237076,0.20928534002014035,-0.3353575946868354,2017-11-02,2017-11-02,yahoo:TIP,-0.47144513322975884,0.6455709319503654,-0.7302762715871566,2017-11-02,2017-11-02,yahoo:GLD,-0.6610572852132712,0.622120163824992,-1.0625877823166532,2017-11-02,2017-11-02,yahoo:GC=F,0.263671505986988,0.38240959988761863,0.6895002271503513,2017-11-02,2017-11-02,yahoo:DX-Y.NYB,0.24330514646963572,0.39640363643975907,0.6137813180899274,2017-11-02,yahoo:UUP,1,"{""alfred_employment_situation_release_dates"":""b796dbd0eac6d9fd3e17ef1280bf85abe0e8b6e91df1205809e70b9ba0cf5a4b"",""federal_reserve_h15_nominal"":""dd00d34890aea66542962d4e00c3650e37e7303bdcdea95963616a6ca09fce87"",""federal_reserve_h15_real"":""5be7cb777f2a50c090ec837ab67ad98e90e36ff23935d9d8e1e1bbdb97ea0142"",""philadelphia_fed_employ_first_releases"":""8af43817875de1075966ebb668f42ddd7367db908d7897a59744917ef167f755"",""yahoo_DX-Y.NYB"":""2abdecea5830986f7a96a4a77f51a66ae7015a1d96488f3b6807200e2e1f0585"",""yahoo_GC=F"":""dde2a4acfa0b6fafad13fd03b21e79cf06b521cf30e1ed0662dd6da52c3e6f78"",""yahoo_GLD"":""cffc9bd91365864e1969d125a13ee2eeae3f44374a8337e4a94eddc8ffad287e"",""yahoo_TIP"":""9198e3f8407f96f1376cec3bff2883b5a1730e9692a4acc4b4e124d9001589b9"",""yahoo_UUP"":""a4840dacc2e010d8281489df6cb8f77cc34ce1661bdac1c6031f392e01b7aedb"",""yahoo_ZT=F"":""1f36bff6184615be1adeb576578d5ad37ce794b249c13a30005be74f8262dee4""}"
NFP_201711_REL_20171208,nfp,2017:11,2017-12-08,2017-12-08T08:30:00 America/New_York,confirmation,confirmation_protocol_locked,228.0,193.5,34.5,65.67925185546639,0.5252800393634297,philadelphia_fed_employ_first_releases,0,0,,0.0,0.021946905628508692,0.0,2017-12-07,2017-12-07,federal_reserve_h15_nominal:RIFLGFCY02_N.B,-0.020000000000000018,0.017238768553552126,-1.1601756783189092,2017-12-07,2017-12-07,federal_reserve_h15_nominal:RIFLGFCY01_N.B,0.021833266707294786,0.04204787867184825,-0.5192477574834832,2017-12-07,2017-12-07,yahoo:ZT=F,-0.030000000000000027,0.03668887360396452,-0.8176865914127789,2017-12-07,2017-12-07,derived:H15_5Y_nominal_minus_5Y_real,0.009999999999999787,0.01358276575016036,0.7362270824615912,2017-12-07,2017-12-07,derived:H15_10Y_nominal_minus_10Y_real,0.02999999999999997,0.03946535346723484,0.7601604284352033,2017-12-07,2017-12-07,federal_reserve_h15_real:RIFLGFCY05_XII_N.B,0.0,0.02551780147446868,0.0,2017-12-07,2017-12-07,federal_reserve_h15_real:RIFLGFCY10_XII_N.B,-0.04396482528138675,0.17700569645037334,0.24838084967346272,2017-12-07,2017-12-07,yahoo:TIP,-0.00843525069872456,0.6013978698973728,-0.014026073454772988,2017-12-07,2017-12-07,yahoo:GLD,-0.3687457209357425,0.673989037770143,-0.5471093745911925,2017-12-07,2017-12-07,yahoo:GC=F,0.10655139173486616,0.34497941382253,0.3088630436066544,2017-12-07,2017-12-07,yahoo:DX-Y.NYB,0.16380373808483284,0.356355594148656,0.45966372010004447,2017-12-07,yahoo:UUP,1,"{""alfred_employment_situation_release_dates"":""b796dbd0eac6d9fd3e17ef1280bf85abe0e8b6e91df1205809e70b9ba0cf5a4b"",""federal_reserve_h15_nominal"":""dd00d34890aea66542962d4e00c3650e37e7303bdcdea95963616a6ca09fce87"",""federal_reserve_h15_real"":""5be7cb777f2a50c090ec837ab67ad98e90e36ff23935d9d8e1e1bbdb97ea0142"",""philadelphia_fed_employ_first_releases"":""8af43817875de1075966ebb668f42ddd7367db908d7897a59744917ef167f755"",""yahoo_DX-Y.NYB"":""2abdecea5830986f7a96a4a77f51a66ae7015a1d96488f3b6807200e2e1f0585"",""yahoo_GC=F"":""dde2a4acfa0b6fafad13fd03b21e79cf06b521cf30e1ed0662dd6da52c3e6f78"",""yahoo_GLD"":""cffc9bd91365864e1969d125a13ee2eeae3f44374a8337e4a94eddc8ffad287e"",""yahoo_TIP"":""9198e3f8407f96f1376cec3bff2883b5a1730e9692a4acc4b4e124d9001589b9"",""yahoo_UUP"":""a4840dacc2e010d8281489df6cb8f77cc34ce1661bdac1c6031f392e01b7aedb"",""yahoo_ZT=F"":""1f36bff6184615be1adeb576578d5ad37ce794b249c13a30005be74f8262dee4""}"
NFP_201712_REL_20180105,nfp,2017:12,2018-01-05,2018-01-05T08:30:00 America/New_York,confirmation,confirmation_protocol_locked,148.0,210.0,-62.0,65.7379293338887,-0.9431389249438717,philadelphia_fed_employ_first_releases,0,0,,0.0,0.021962988898506782,0.0,2018-01-04,2018-01-04,federal_reserve_h15_nominal:RIFLGFCY02_N.B,-0.020000000000000018,0.019922873887941023,-1.0038712342653375,2018-01-04,2018-01-04,federal_reserve_h15_nominal:RIFLGFCY01_N.B,-0.007307537728414858,0.04891710643397353,0.14938614037357867,2018-01-04,2018-01-04,yahoo:ZT=F,0.030000000000000027,0.04097815319835706,0.7320974143169248,2018-01-04,2018-01-04,derived:H15_5Y_nominal_minus_5Y_real,4.440892098500626e-16,0.013945009029619104,3.184574559305198e-14,2018-01-04,2018-01-04,derived:H15_10Y_nominal_minus_10Y_real,-0.009999999999999953,0.04149195007352576,-0.2410106052446189,2018-01-04,2018-01-04,federal_reserve_h15_real:RIFLGFCY05_XII_N.B,0.010000000000000009,0.024858355800562216,0.40227922072681255,2018-01-04,2018-01-04,federal_reserve_h15_real:RIFLGFCY10_XII_N.B,-0.017528508759892387,0.18257398991114743,0.09600769949992832,2018-01-04,2018-01-04,yahoo:TIP,-0.1036702137934486,0.5582210748576235,-0.18571533477106736,2018-01-04,2018-01-04,yahoo:GLD,0.06819141750703173,0.6251873651896481,0.10907356946720465,2018-01-04,2018-01-04,yahoo:GC=F,0.10881228126030883,0.33167470152359685,0.32806928222280296,2018-01-04,2018-01-04,yahoo:DX-Y.NYB,0.08349717133320295,0.3326027966859644,0.25104169948408156,2018-01-04,yahoo:UUP,1,"{""alfred_employment_situation_release_dates"":""b796dbd0eac6d9fd3e17ef1280bf85abe0e8b6e91df1205809e70b9ba0cf5a4b"",""federal_reserve_h15_nominal"":""dd00d34890aea66542962d4e00c3650e37e7303bdcdea95963616a6ca09fce87"",""federal_reserve_h15_real"":""5be7cb777f2a50c090ec837ab67ad98e90e36ff23935d9d8e1e1bbdb97ea0142"",""philadelphia_fed_employ_first_releases"":""8af43817875de1075966ebb668f42ddd7367db908d7897a59744917ef167f755"",""yahoo_DX-Y.NYB"":""2abdecea5830986f7a96a4a77f51a66ae7015a1d96488f3b6807200e2e1f0585"",""yahoo_GC=F"":""dde2a4acfa0b6fafad13fd03b21e79cf06b521cf30e1ed0662dd6da52c3e6f78"",""yahoo_GLD"":""cffc9bd91365864e1969d125a13ee2eeae3f44374a8337e4a94eddc8ffad287e"",""yahoo_TIP"":""9198e3f8407f96f1376cec3bff2883b5a1730e9692a4acc4b4e124d9001589b9"",""yahoo_UUP"":""a4840dacc2e010d8281489df6cb8f77cc34ce1661bdac1c6031f392e01b7aedb"",""yahoo_ZT=F"":""1f36bff6184615be1adeb576578d5ad37ce794b249c13a30005be74f8262dee4""}"
NFP_201801_REL_20180202,nfp,2018:01,2018-02-02,2018-02-02T08:30:00 America/New_York,confirmation,confirmation_protocol_locked,200.0,210.0,-10.0,66.23113685194122,-0.15098638609140683,philadelphia_fed_employ_first_releases,0,0,,-0.010000000000000231,0.02083768316171504,-0.4798998008748485,2018-02-01,2018-02-01,federal_reserve_h15_nominal:RIFLGFCY02_N.B,-0.010000000000000009,0.01971549048265732,-0.5072153801497601,2018-02-01,2018-02-01,federal_reserve_h15_nominal:RIFLGFCY01_N.B,0.007329497566217261,0.04735628155872369,-0.15477350258441194,2018-02-01,2018-02-01,yahoo:ZT=F,0.0,0.03833357897243817,0.0,2018-02-01,2018-02-01,derived:H15_5Y_nominal_minus_5Y_real,0.029999999999999805,0.0122532135759503,2.448337312823926,2018-02-01,2018-02-01,derived:H15_10Y_nominal_minus_10Y_real,0.020000000000000018,0.039314751907065675,0.5087148978398005,2018-02-01,2018-02-01,federal_reserve_h15_real:RIFLGFCY05_XII_N.B,0.029999999999999916,0.026648475433650117,1.1257679665275595,2018-02-01,2018-02-01,federal_reserve_h15_real:RIFLGFCY10_XII_N.B,-0.12447351043430407,0.19243578679992712,0.6468314054480807,2018-02-01,2018-02-01,yahoo:TIP,-1.3204686797240324,0.5779555409134395,-2.2847236270753206,2018-02-01,2018-02-01,yahoo:GLD,-0.7916469765226358,0.648577856853313,-1.2205889673191237,2018-02-01,2018-02-01,yahoo:GC=F,0.5959412631732636,0.34778406434241615,1.7135381527617102,2018-02-01,2018-02-01,yahoo:DX-Y.NYB,0.6034554595962199,0.3418107729114252,1.7654664727392773,2018-02-01,yahoo:UUP,1,"{""alfred_employment_situation_release_dates"":""b796dbd0eac6d9fd3e17ef1280bf85abe0e8b6e91df1205809e70b9ba0cf5a4b"",""federal_reserve_h15_nominal"":""dd00d34890aea66542962d4e00c3650e37e7303bdcdea95963616a6ca09fce87"",""federal_reserve_h15_real"":""5be7cb777f2a50c090ec837ab67ad98e90e36ff23935d9d8e1e1bbdb97ea0142"",""philadelphia_fed_employ_first_releases"":""8af43817875de1075966ebb668f42ddd7367db908d7897a59744917ef167f755"",""yahoo_DX-Y.NYB"":""2abdecea5830986f7a96a4a77f51a66ae7015a1d96488f3b6807200e2e1f0585"",""yahoo_GC=F"":""dde2a4acfa0b6fafad13fd03b21e79cf06b521cf30e1ed0662dd6da52c3e6f78"",""yahoo_GLD"":""cffc9bd91365864e1969d125a13ee2eeae3f44374a8337e4a94eddc8ffad287e"",""yahoo_TIP"":""9198e3f8407f96f1376cec3bff2883b5a1730e9692a4acc4b4e124d9001589b9"",""yahoo_UUP"":""a4840dacc2e010d8281489df6cb8f77cc34ce1661bdac1c6031f392e01b7aedb"",""yahoo_ZT=F"":""1f36bff6184615be1adeb576578d5ad37ce794b249c13a30005be74f8262dee4""}"
NFP_201802_REL_20180309,nfp,2018:02,2018-03-09,2018-03-09T08:30:00 America/New_York,confirmation,confirmation_protocol_locked,313.0,204.5,108.5,66.18652966457411,1.6393063747240684,philadelphia_fed_employ_first_releases,0,0,,0.020000000000000018,0.026847024264607146,0.744961519864469,2018-03-08,2018-03-08,federal_reserve_h15_nominal:RIFLGFCY02_N.B,-0.020000000000000018,0.020474594978851783,-0.9768202995301263,2018-03-08,2018-03-08,federal_reserve_h15_nominal:RIFLGFCY01_N.B,0.0,0.05630963519376131,-0.0,2018-03-08,2018-03-08,yahoo:ZT=F,-0.1200000000000001,0.04013078900281797,-2.9902227935656525,2018-03-08,2018-03-08,derived:H15_5Y_nominal_minus_5Y_real,0.010000000000000231,0.016477171333127615,0.6069002863310083,2018-03-08,2018-03-08,derived:H15_10Y_nominal_minus_10Y_real,0.1399999999999999,0.043600653081720474,3.2109610775232804,2018-03-08,2018-03-08,federal_reserve_h15_real:RIFLGFCY05_XII_N.B,0.030000000000000027,0.026251176998094976,1.1428059017002208,2018-03-08,2018-03-08,federal_reserve_h15_real:RIFLGFCY10_XII_N.B,-0.15159289447396795,0.1999617174604074,0.7581095841706975,2018-03-08,2018-03-08,yahoo:TIP,0.0956349666608725,0.6154060539231169,0.1554014070079659,2018-03-08,2018-03-08,yahoo:GLD,0.18922913369371755,0.6899973232317271,0.2742461851988479,2018-03-08,2018-03-08,yahoo:GC=F,-0.03330160270923592,0.4085106705570514,-0.081519541861233,2018-03-08,2018-03-08,yahoo:DX-Y.NYB,-0.1273162139367744,0.40771793537467155,-0.3122654239376971,2018-03-08,yahoo:UUP,1,"{""alfred_employment_situation_release_dates"":""b796dbd0eac6d9fd3e17ef1280bf85abe0e8b6e91df1205809e70b9ba0cf5a4b"",""federal_reserve_h15_nominal"":""dd00d34890aea66542962d4e00c3650e37e7303bdcdea95963616a6ca09fce87"",""federal_reserve_h15_real"":""5be7cb777f2a50c090ec837ab67ad98e90e36ff23935d9d8e1e1bbdb97ea0142"",""philadelphia_fed_employ_first_releases"":""8af43817875de1075966ebb668f42ddd7367db908d7897a59744917ef167f755"",""yahoo_DX-Y.NYB"":""2abdecea5830986f7a96a4a77f51a66ae7015a1d96488f3b6807200e2e1f0585"",""yahoo_GC=F"":""dde2a4acfa0b6fafad13fd03b21e79cf06b521cf30e1ed0662dd6da52c3e6f78"",""yahoo_GLD"":""cffc9bd91365864e1969d125a13ee2eeae3f44374a8337e4a94eddc8ffad287e"",""yahoo_TIP"":""9198e3f8407f96f1376cec3bff2883b5a1730e9692a4acc4b4e124d9001589b9"",""yahoo_UUP"":""a4840dacc2e010d8281489df6cb8f77cc34ce1661bdac1c6031f392e01b7aedb"",""yahoo_ZT=F"":""1f36bff6184615be1adeb576578d5ad37ce794b249c13a30005be74f8262dee4""}"
NFP_201803_REL_20180406,nfp,2018:03,2018-04-06,2018-04-06T08:30:00 America/New_York,confirmation,confirmation_protocol_locked,103.0,204.5,-101.5,66.33300471201568,-1.530158334311277,philadelphia_fed_employ_first_releases,0,0,,-0.029999999999999805,0.028840100770097483,-1.0402182793724823,2018-04-05,2018-04-05,federal_reserve_h15_nominal:RIFLGFCY02_N.B,-0.009999999999999787,0.019869631599176815,-0.5032805943122811,2018-04-05,2018-04-05,federal_reserve_h15_nominal:RIFLGFCY01_N.B,0.07350239213683767,0.048306125530309926,-1.5215956843965517,2018-04-05,2018-04-05,yahoo:ZT=F,0.08000000000000007,0.04517261307198655,1.7709845536832904,2018-04-05,2018-04-05,derived:H15_5Y_nominal_minus_5Y_real,-0.009999999999999787,0.01601905644822832,-0.6242564930286996,2018-04-05,2018-04-05,derived:H15_10Y_nominal_minus_10Y_real,-0.14,0.05378630031611129,-2.6028932865282806,2018-04-05,2018-04-05,federal_reserve_h15_real:RIFLGFCY05_XII_N.B,-0.050000000000000044,0.02758448757548815,-1.8126129718077684,2018-04-05,2018-04-05,federal_reserve_h15_real:RIFLGFCY10_XII_N.B,0.3995439514428183,0.19592869688048195,-2.0392314030779435,2018-04-05,2018-04-05,yahoo:TIP,0.4678991304775993,0.6960356613118093,0.672234422006131,2018-04-05,2018-04-05,yahoo:GLD,0.5722457733424547,0.7737283373923376,0.7395952115067536,2018-04-05,2018-04-05,yahoo:GC=F,-0.3876600908548161,0.4243066371527044,-0.9136319277402689,2018-04-05,2018-04-05,yahoo:DX-Y.NYB,-0.38016477887403227,0.4369383768504086,-0.8700649771585216,2018-04-05,yahoo:UUP,1,"{""alfred_employment_situation_release_dates"":""b796dbd0eac6d9fd3e17ef1280bf85abe0e8b6e91df1205809e70b9ba0cf5a4b"",""federal_reserve_h15_nominal"":""dd00d34890aea66542962d4e00c3650e37e7303bdcdea95963616a6ca09fce87"",""federal_reserve_h15_real"":""5be7cb777f2a50c090ec837ab67ad98e90e36ff23935d9d8e1e1bbdb97ea0142"",""philadelphia_fed_employ_first_releases"":""8af43817875de1075966ebb668f42ddd7367db908d7897a59744917ef167f755"",""yahoo_DX-Y.NYB"":""2abdecea5830986f7a96a4a77f51a66ae7015a1d96488f3b6807200e2e1f0585"",""yahoo_GC=F"":""dde2a4acfa0b6fafad13fd03b21e79cf06b521cf30e1ed0662dd6da52c3e6f78"",""yahoo_GLD"":""cffc9bd91365864e1969d125a13ee2eeae3f44374a8337e4a94eddc8ffad287e"",""yahoo_TIP"":""9198e3f8407f96f1376cec3bff2883b5a1730e9692a4acc4b4e124d9001589b9"",""yahoo_UUP"":""a4840dacc2e010d8281489df6cb8f77cc34ce1661bdac1c6031f392e01b7aedb"",""yahoo_ZT=F"":""1f36bff6184615be1adeb576578d5ad37ce794b249c13a30005be74f8262dee4""}"
NFP_201804_REL_20180504,nfp,2018:04,2018-05-04,2018-05-04T08:30:00 America/New_York,confirmation,confirmation_protocol_locked,164.0,204.5,-40.5,67.39942234743827,-0.6008953576964793,philadelphia_fed_employ_first_releases,0,0,,0.019999999999999574,0.02666966791020611,0.7499155995244265,2018-05-03,2018-05-03,federal_reserve_h15_nominal:RIFLGFCY02_N.B,0.0,0.01832768274502425,0.0,2018-05-03,2018-05-03,federal_reserve_h15_nominal:RIFLGFCY01_N.B,-0.03684191177508253,0.04688049934422473,0.7858685869484267,2018-05-03,2018-05-03,yahoo:ZT=F,0.0,0.04383424093064806,0.0,2018-05-03,2018-05-03,derived:H15_5Y_nominal_minus_5Y_real,0.0,0.015036678320535235,0.0,2018-05-03,2018-05-03,derived:H15_10Y_nominal_minus_10Y_real,0.0,0.05409632547020666,0.0,2018-05-03,2018-05-03,federal_reserve_h15_real:RIFLGFCY05_XII_N.B,0.010000000000000009,0.027972444067664953,0.3574946821168057,2018-05-03,2018-05-03,federal_reserve_h15_real:RIFLGFCY10_XII_N.B,0.026766710696133938,0.19088869268904687,-0.14022156220502946,2018-05-03,2018-05-03,yahoo:TIP,0.20898820929316714,0.6634071821561058,0.3150225305278505,2018-05-03,2018-05-03,yahoo:GLD,0.15247392406204263,0.7738642895481335,0.19702928035492318,2018-05-03,2018-05-03,yahoo:GC=F,0.1729874253539356,0.38819703397683586,0.4456175864657893,2018-05-03,2018-05-03,yahoo:DX-Y.NYB,0.12337035523604112,0.40784251938199506,0.302495079284486,2018-05-03,yahoo:UUP,1,"{""alfred_employment_situation_release_dates"":""b796dbd0eac6d9fd3e17ef1280bf85abe0e8b6e91df1205809e70b9ba0cf5a4b"",""federal_reserve_h15_nominal"":""dd00d34890aea66542962d4e00c3650e37e7303bdcdea95963616a6ca09fce87"",""federal_reserve_h15_real"":""5be7cb777f2a50c090ec837ab67ad98e90e36ff23935d9d8e1e1bbdb97ea0142"",""philadelphia_fed_employ_first_releases"":""8af43817875de1075966ebb668f42ddd7367db908d7897a59744917ef167f755"",""yahoo_DX-Y.NYB"":""2abdecea5830986f7a96a4a77f51a66ae7015a1d96488f3b6807200e2e1f0585"",""yahoo_GC=F"":""dde2a4acfa0b6fafad13fd03b21e79cf06b521cf30e1ed0662dd6da52c3e6f78"",""yahoo_GLD"":""cffc9bd91365864e1969d125a13ee2eeae3f44374a8337e4a94eddc8ffad287e"",""yahoo_TIP"":""9198e3f8407f96f1376cec3bff2883b5a1730e9692a4acc4b4e124d9001589b9"",""yahoo_UUP"":""a4840dacc2e010d8281489df6cb8f77cc34ce1661bdac1c6031f392e01b7aedb"",""yahoo_ZT=F"":""1f36bff6184615be1adeb576578d5ad37ce794b249c13a30005be74f8262dee4""}"
NFP_201805_REL_20180601,nfp,2018:05,2018-06-01,2018-06-01T08:30:00 America/New_York,confirmation,confirmation_protocol_locked,223.0,182.0,41.0,67.45817861150655,0.6077839758485045,philadelphia_fed_employ_first_releases,0,0,,0.07000000000000028,0.03327466588608382,2.103702565779204,2018-05-31,2018-05-31,federal_reserve_h15_nominal:RIFLGFCY02_N.B,0.04999999999999982,0.02307626755551654,2.1667282145914877,2018-05-31,2018-05-31,federal_reserve_h15_nominal:RIFLGFCY01_N.B,-0.09565506045574027,0.060918492907155425,1.570213836404753,2018-05-31,2018-05-31,yahoo:ZT=F,0.029999999999999805,0.0419075522770432,0.7158614228212439,2018-05-31,2018-05-31,derived:H15_5Y_nominal_minus_5Y_real,0.019999999999999574,0.015103222988248836,1.3242206657188804,2018-05-31,2018-05-31,derived:H15_10Y_nominal_minus_10Y_real,0.030000000000000027,0.0526956939245712,0.5693064796327026,2018-05-31,2018-05-31,federal_reserve_h15_real:RIFLGFCY05_XII_N.B,0.040000000000000036,0.030808319369496306,1.2983506020002027,2018-05-31,2018-05-31,federal_reserve_h15_real:RIFLGFCY10_XII_N.B,-0.14633317056963646,0.199111267018179,0.7349316427998831,2018-05-31,2018-05-31,yahoo:TIP,-0.4967644235411557,0.6018832452687671,-0.8253501446436322,2018-05-31,2018-05-31,yahoo:GLD,-0.40848850264907516,0.6688811594356855,-0.6107041540738034,2018-05-31,2018-05-31,yahoo:GC=F,0.2125673850804869,0.3486619596399411,0.6096661227396375,2018-05-31,2018-05-31,yahoo:DX-Y.NYB,0.16141013429006193,0.37044638703029137,0.43571793366380823,2018-05-31,yahoo:UUP,1,"{""alfred_employment_situation_release_dates"":""b796dbd0eac6d9fd3e17ef1280bf85abe0e8b6e91df1205809e70b9ba0cf5a4b"",""federal_reserve_h15_nominal"":""dd00d34890aea66542962d4e00c3650e37e7303bdcdea95963616a6ca09fce87"",""federal_reserve_h15_real"":""5be7cb777f2a50c090ec837ab67ad98e90e36ff23935d9d8e1e1bbdb97ea0142"",""philadelphia_fed_employ_first_releases"":""8af43817875de1075966ebb668f42ddd7367db908d7897a59744917ef167f755"",""yahoo_DX-Y.NYB"":""2abdecea5830986f7a96a4a77f51a66ae7015a1d96488f3b6807200e2e1f0585"",""yahoo_GC=F"":""dde2a4acfa0b6fafad13fd03b21e79cf06b521cf30e1ed0662dd6da52c3e6f78"",""yahoo_GLD"":""cffc9bd91365864e1969d125a13ee2eeae3f44374a8337e4a94eddc8ffad287e"",""yahoo_TIP"":""9198e3f8407f96f1376cec3bff2883b5a1730e9692a4acc4b4e124d9001589b9"",""yahoo_UUP"":""a4840dacc2e010d8281489df6cb8f77cc34ce1661bdac1c6031f392e01b7aedb"",""yahoo_ZT=F"":""1f36bff6184615be1adeb576578d5ad37ce794b249c13a30005be74f8262dee4""}"
NFP_201806_REL_20180706,nfp,2018:06,2018-07-06,2018-07-06T08:30:00 America/New_York,confirmation,confirmation_protocol_locked,213.0,204.5,8.5,67.59534801631195,0.12574829850641203,philadelphia_fed_employ_first_releases,0,0,,-0.020000000000000018,0.034301339928696016,-0.5830676014865618,2018-07-05,2018-07-05,federal_reserve_h15_nominal:RIFLGFCY02_N.B,0.020000000000000018,0.022854860156394763,0.8750873933658282,2018-07-05,2018-07-05,federal_reserve_h15_nominal:RIFLGFCY01_N.B,0.04427717583959919,0.06335169279174412,-0.6989106981742612,2018-07-05,2018-07-05,yahoo:ZT=F,-0.020000000000000018,0.026627796529615427,-0.7510948184449293,2018-07-05,2018-07-05,derived:H15_5Y_nominal_minus_5Y_real,-0.009999999999999787,0.01597579383631888,-0.625946985949837,2018-07-05,2018-07-05,derived:H15_10Y_nominal_minus_10Y_real,-0.010000000000000009,0.03419617714121634,-0.29243034853586314,2018-07-05,2018-07-05,federal_reserve_h15_real:RIFLGFCY05_XII_N.B,-0.010000000000000009,0.030055974146929648,-0.33271255661568877,2018-07-05,2018-07-05,federal_reserve_h15_real:RIFLGFCY10_XII_N.B,0.14170055297152803,0.19824781719577902,-0.7147647574429135,2018-07-05,2018-07-05,yahoo:TIP,-0.15972634935638505,0.5293711879483141,-0.3017284525352373,2018-07-05,2018-07-05,yahoo:GLD,-0.23889164756203735,0.619897633349025,-0.3853727369007918,2018-07-05,2018-07-05,yahoo:GC=F,-0.456210329525985,0.35156372943770287,-1.2976603993126814,2018-07-05,2018-07-05,yahoo:DX-Y.NYB,-0.3217999777563946,0.3735984953974584,-0.8613524457962359,2018-07-05,yahoo:UUP,1,"{""alfred_employment_situation_release_dates"":""b796dbd0eac6d9fd3e17ef1280bf85abe0e8b6e91df1205809e70b9ba0cf5a4b"",""federal_reserve_h15_nominal"":""dd00d34890aea66542962d4e00c3650e37e7303bdcdea95963616a6ca09fce87"",""federal_reserve_h15_real"":""5be7cb777f2a50c090ec837ab67ad98e90e36ff23935d9d8e1e1bbdb97ea0142"",""philadelphia_fed_employ_first_releases"":""8af43817875de1075966ebb668f42ddd7367db908d7897a59744917ef167f755"",""yahoo_DX-Y.NYB"":""2abdecea5830986f7a96a4a77f51a66ae7015a1d96488f3b6807200e2e1f0585"",""yahoo_GC=F"":""dde2a4acfa0b6fafad13fd03b21e79cf06b521cf30e1ed0662dd6da52c3e6f78"",""yahoo_GLD"":""cffc9bd91365864e1969d125a13ee2eeae3f44374a8337e4a94eddc8ffad287e"",""yahoo_TIP"":""9198e3f8407f96f1376cec3bff2883b5a1730e9692a4acc4b4e124d9001589b9"",""yahoo_UUP"":""a4840dacc2e010d8281489df6cb8f77cc34ce1661bdac1c6031f392e01b7aedb"",""yahoo_ZT=F"":""1f36bff6184615be1adeb576578d5ad37ce794b249c13a30005be74f8262dee4""}"
NFP_201807_REL_20180803,nfp,2018:07,2018-08-03,2018-08-03T08:30:00 America/New_York,confirmation,confirmation_protocol_locked,157.0,204.5,-47.5,67.40973196265385,-0.7046460298390715,philadelphia_fed_employ_first_releases,0,0,,-0.03000000000000025,0.03515703271256754,-0.8533143352930405,2018-08-02,2018-08-02,federal_reserve_h15_nominal:RIFLGFCY02_N.B,-0.020000000000000018,0.02288450490991125,-0.873953798814238,2018-08-02,2018-08-02,federal_reserve_h15_nominal:RIFLGFCY01_N.B,0.03694535823603719,0.06370506925488596,-0.5799437732061425,2018-08-02,2018-08-02,yahoo:ZT=F,0.009999999999999787,0.018999702644119744,0.5263240266075799,2018-08-02,2018-08-02,derived:H15_5Y_nominal_minus_5Y_real,0.0,0.015716413385932358,0.0,2018-08-02,2018-08-02,derived:H15_10Y_nominal_minus_10Y_real,-0.040000000000000036,0.031170661999571418,-1.2832579558480348,2018-08-02,2018-08-02,federal_reserve_h15_real:RIFLGFCY05_XII_N.B,-0.030000000000000027,0.030988880819792064,-0.9680891728377471,2018-08-02,2018-08-02,federal_reserve_h15_real:RIFLGFCY10_XII_N.B,0.19768272668613474,0.1952847250050491,-1.0122795148520891,2018-08-02,2018-08-02,yahoo:TIP,0.34867672609532413,0.5146876249238416,0.6774530981717656,2018-08-02,2018-08-02,yahoo:GLD,0.2969299191421566,0.5633938552947984,0.5270379084748568,2018-08-02,2018-08-02,yahoo:GC=F,-0.031526225558489065,0.36326597645273334,-0.08678551695465796,2018-08-02,2018-08-02,yahoo:DX-Y.NYB,0.07948160680426519,0.3853784344417202,0.20624300609712762,2018-08-02,yahoo:UUP,1,"{""alfred_employment_situation_release_dates"":""b796dbd0eac6d9fd3e17ef1280bf85abe0e8b6e91df1205809e70b9ba0cf5a4b"",""federal_reserve_h15_nominal"":""dd00d34890aea66542962d4e00c3650e37e7303bdcdea95963616a6ca09fce87"",""federal_reserve_h15_real"":""5be7cb777f2a50c090ec837ab67ad98e90e36ff23935d9d8e1e1bbdb97ea0142"",""philadelphia_fed_employ_first_releases"":""8af43817875de1075966ebb668f42ddd7367db908d7897a59744917ef167f755"",""yahoo_DX-Y.NYB"":""2abdecea5830986f7a96a4a77f51a66ae7015a1d96488f3b6807200e2e1f0585"",""yahoo_GC=F"":""dde2a4acfa0b6fafad13fd03b21e79cf06b521cf30e1ed0662dd6da52c3e6f78"",""yahoo_GLD"":""cffc9bd91365864e1969d125a13ee2eeae3f44374a8337e4a94eddc8ffad287e"",""yahoo_TIP"":""9198e3f8407f96f1376cec3bff2883b5a1730e9692a4acc4b4e124d9001589b9"",""yahoo_UUP"":""a4840dacc2e010d8281489df6cb8f77cc34ce1661bdac1c6031f392e01b7aedb"",""yahoo_ZT=F"":""1f36bff6184615be1adeb576578d5ad37ce794b249c13a30005be74f8262dee4""}"
NFP_201808_REL_20180907,nfp,2018:08,2018-09-07,2018-09-07T08:30:00 America/New_York,confirmation,confirmation_protocol_locked,201.0,182.0,19.0,67.67798046298384,0.28074123769683057,philadelphia_fed_employ_first_releases,0,0,,0.06999999999999984,0.022860421475915476,3.0620607793145074,2018-09-06,2018-09-06,federal_reserve_h15_nominal:RIFLGFCY02_N.B,0.029999999999999805,0.015013176886521708,1.9982446238232714,2018-09-06,2018-09-06,federal_reserve_h15_nominal:RIFLGFCY01_N.B,-0.10342026481374837,0.044031325577729576,2.348788355943953,2018-09-06,2018-09-06,yahoo:ZT=F,0.010000000000000231,0.0131699023414608,0.7593070731070459,2018-09-06,2018-09-06,derived:H15_5Y_nominal_minus_5Y_real,0.020000000000000018,0.012526807412697079,1.5965759942735422,2018-09-06,2018-09-06,derived:H15_10Y_nominal_minus_10Y_real,0.04999999999999993,0.024445835433801338,2.04533815730694,2018-09-06,2018-09-06,federal_reserve_h15_real:RIFLGFCY05_XII_N.B,0.039999999999999925,0.024730753516452462,1.6174193792109648,2018-09-06,2018-09-06,federal_reserve_h15_real:RIFLGFCY10_XII_N.B,-0.2873283448551372,0.1652153105811499,1.7391145157458527,2018-09-06,2018-09-06,yahoo:TIP,-0.27340278330774676,0.6297269487515008,-0.4341608436002242,2018-09-06,2018-09-06,yahoo:GLD,-0.3596114122648065,0.6096354716602805,-0.5898794098798765,2018-09-06,2018-09-06,yahoo:GC=F,0.36767319599759035,0.3780913886159084,0.9724453057329439,2018-09-06,2018-09-06,yahoo:DX-Y.NYB,0.2772897764301401,0.40195125903332246,0.6898592060565042,2018-09-06,yahoo:UUP,1,"{""alfred_employment_situation_release_dates"":""b796dbd0eac6d9fd3e17ef1280bf85abe0e8b6e91df1205809e70b9ba0cf5a4b"",""federal_reserve_h15_nominal"":""dd00d34890aea66542962d4e00c3650e37e7303bdcdea95963616a6ca09fce87"",""federal_reserve_h15_real"":""5be7cb777f2a50c090ec837ab67ad98e90e36ff23935d9d8e1e1bbdb97ea0142"",""philadelphia_fed_employ_first_releases"":""8af43817875de1075966ebb668f42ddd7367db908d7897a59744917ef167f755"",""yahoo_DX-Y.NYB"":""2abdecea5830986f7a96a4a77f51a66ae7015a1d96488f3b6807200e2e1f0585"",""yahoo_GC=F"":""dde2a4acfa0b6fafad13fd03b21e79cf06b521cf30e1ed0662dd6da52c3e6f78"",""yahoo_GLD"":""cffc9bd91365864e1969d125a13ee2eeae3f44374a8337e4a94eddc8ffad287e"",""yahoo_TIP"":""9198e3f8407f96f1376cec3bff2883b5a1730e9692a4acc4b4e124d9001589b9"",""yahoo_UUP"":""a4840dacc2e010d8281489df6cb8f77cc34ce1661bdac1c6031f392e01b7aedb"",""yahoo_ZT=F"":""1f36bff6184615be1adeb576578d5ad37ce794b249c13a30005be74f8262dee4""}"
NFP_201809_REL_20181005,nfp,2018:09,2018-10-05,2018-10-05T08:30:00 America/New_York,confirmation,confirmation_protocol_locked,134.0,200.5,-66.5,67.71541218971201,-0.982051173427005,philadelphia_fed_employ_first_releases,0,0,,0.009999999999999787,0.02158873424561254,0.4632045531818096,2018-10-04,2018-10-04,federal_reserve_h15_nominal:RIFLGFCY02_N.B,0.010000000000000231,0.013952097224043187,0.7167381247005333,2018-10-04,2018-10-04,federal_reserve_h15_nominal:RIFLGFCY01_N.B,-0.014847809975307309,0.04447192732378407,0.33386927144411255,2018-10-04,2018-10-04,yahoo:ZT=F,-0.009999999999999787,0.014785662623265836,-0.6763308655686748,2018-10-04,2018-10-04,derived:H15_5Y_nominal_minus_5Y_real,0.0,0.013690484963326699,0.0,2018-10-04,2018-10-04,derived:H15_10Y_nominal_minus_10Y_real,0.030000000000000027,0.023967963552128446,1.2516707952576935,2018-10-04,2018-10-04,federal_reserve_h15_real:RIFLGFCY05_XII_N.B,0.040000000000000036,0.025143093310946,1.5908941475624285,2018-10-04,2018-10-04,federal_reserve_h15_real:RIFLGFCY10_XII_N.B,-0.27420180971930064,0.17143196900065555,1.5994788563517701,2018-10-04,2018-10-04,yahoo:TIP,0.2815908986712411,0.6088091507237644,0.4625273755108317,2018-10-04,2018-10-04,yahoo:GLD,0.33355602664464146,0.5715525167064773,0.5835964620831864,2018-10-04,2018-10-04,yahoo:GC=F,-0.13585961388701398,0.3464985587497886,-0.39209286866073256,2018-10-04,2018-10-04,yahoo:DX-Y.NYB,-0.11804864197133541,0.35238146606954984,-0.3350024145368532,2018-10-04,yahoo:UUP,1,"{""alfred_employment_situation_release_dates"":""b796dbd0eac6d9fd3e17ef1280bf85abe0e8b6e91df1205809e70b9ba0cf5a4b"",""federal_reserve_h15_nominal"":""dd00d34890aea66542962d4e00c3650e37e7303bdcdea95963616a6ca09fce87"",""federal_reserve_h15_real"":""5be7cb777f2a50c090ec837ab67ad98e90e36ff23935d9d8e1e1bbdb97ea0142"",""philadelphia_fed_employ_first_releases"":""8af43817875de1075966ebb668f42ddd7367db908d7897a59744917ef167f755"",""yahoo_DX-Y.NYB"":""2abdecea5830986f7a96a4a77f51a66ae7015a1d96488f3b6807200e2e1f0585"",""yahoo_GC=F"":""dde2a4acfa0b6fafad13fd03b21e79cf06b521cf30e1ed0662dd6da52c3e6f78"",""yahoo_GLD"":""cffc9bd91365864e1969d125a13ee2eeae3f44374a8337e4a94eddc8ffad287e"",""yahoo_TIP"":""9198e3f8407f96f1376cec3bff2883b5a1730e9692a4acc4b4e124d9001589b9"",""yahoo_UUP"":""a4840dacc2e010d8281489df6cb8f77cc34ce1661bdac1c6031f392e01b7aedb"",""yahoo_ZT=F"":""1f36bff6184615be1adeb576578d5ad37ce794b249c13a30005be74f8262dee4""}"
NFP_201810_REL_20181102,nfp,2018:10,2018-11-02,2018-11-02T08:30:00 America/New_York,confirmation,confirmation_protocol_locked,250.0,200.5,49.5,68.21355372966123,0.7256622370998972,philadelphia_fed_employ_first_releases,0,0,,0.07000000000000028,0.023854549839026472,2.9344506801582577,2018-11-01,2018-11-01,federal_reserve_h15_nominal:RIFLGFCY02_N.B,0.03000000000000025,0.013896306870272,2.1588469713617546,2018-11-01,2018-11-01,federal_reserve_h15_nominal:RIFLGFCY01_N.B,-0.11128010347496356,0.049509498110904576,2.247651616780455,2018-11-01,2018-11-01,yahoo:ZT=F,0.03000000000000025,0.016447141836084235,1.824025128437921,2018-11-01,2018-11-01,derived:H15_5Y_nominal_minus_5Y_real,0.04000000000000048,0.015125650754082108,2.6445143187776754,2018-11-01,2018-11-01,derived:H15_10Y_nominal_minus_10Y_real,0.04999999999999982,0.026693489335067388,1.873115926223798,2018-11-01,2018-11-01,federal_reserve_h15_real:RIFLGFCY05_XII_N.B,0.039999999999999813,0.026130377153219427,1.5307854060220314,2018-11-01,2018-11-01,federal_reserve_h15_real:RIFLGFCY10_XII_N.B,-0.30428547348002577,0.1878861669755683,1.619520363729563,2018-11-01,2018-11-01,yahoo:TIP,0.01715043948444399,0.6978481656332107,0.024576176207158316,2018-11-01,2018-11-01,yahoo:GLD,-0.4134730067067751,0.7503569692525013,-0.5510350721719466,2018-11-01,2018-11-01,yahoo:GC=F,0.26968394795528267,0.3620511914300604,0.7448779463756553,2018-11-01,2018-11-01,yahoo:DX-Y.NYB,0.2336610084358428,0.3524496991797765,0.6629627120681914,2018-11-01,yahoo:UUP,1,"{""alfred_employment_situation_release_dates"":""b796dbd0eac6d9fd3e17ef1280bf85abe0e8b6e91df1205809e70b9ba0cf5a4b"",""federal_reserve_h15_nominal"":""dd00d34890aea66542962d4e00c3650e37e7303bdcdea95963616a6ca09fce87"",""federal_reserve_h15_real"":""5be7cb777f2a50c090ec837ab67ad98e90e36ff23935d9d8e1e1bbdb97ea0142"",""philadelphia_fed_employ_first_releases"":""8af43817875de1075966ebb668f42ddd7367db908d7897a59744917ef167f755"",""yahoo_DX-Y.NYB"":""2abdecea5830986f7a96a4a77f51a66ae7015a1d96488f3b6807200e2e1f0585"",""yahoo_GC=F"":""dde2a4acfa0b6fafad13fd03b21e79cf06b521cf30e1ed0662dd6da52c3e6f78"",""yahoo_GLD"":""cffc9bd91365864e1969d125a13ee2eeae3f44374a8337e4a94eddc8ffad287e"",""yahoo_TIP"":""9198e3f8407f96f1376cec3bff2883b5a1730e9692a4acc4b4e124d9001589b9"",""yahoo_UUP"":""a4840dacc2e010d8281489df6cb8f77cc34ce1661bdac1c6031f392e01b7aedb"",""yahoo_ZT=F"":""1f36bff6184615be1adeb576578d5ad37ce794b249c13a30005be74f8262dee4""}"
NFP_201811_REL_20181207,nfp,2018:11,2018-12-07,2018-12-07T08:30:00 America/New_York,confirmation,confirmation_protocol_locked,155.0,200.5,-45.5,68.3189858508132,-0.6659934926340598,philadelphia_fed_employ_first_releases,0,0,,-0.029999999999999805,0.026029101488406876,-1.1525561116030658,2018-12-06,2018-12-06,federal_reserve_h15_nominal:RIFLGFCY02_N.B,-0.020000000000000018,0.013665702046707268,-1.4635179320932867,2018-12-06,2018-12-06,federal_reserve_h15_nominal:RIFLGFCY01_N.B,0.08879023890766065,0.050902030875151494,-1.7443358817143932,2018-12-06,2018-12-06,yahoo:ZT=F,-0.009999999999999787,0.021431140550860463,-0.4666107235995093,2018-12-06,2018-12-06,derived:H15_5Y_nominal_minus_5Y_real,-0.010000000000000009,0.01919274815968013,-0.5210301264207633,2018-12-06,2018-12-06,derived:H15_10Y_nominal_minus_10Y_real,-0.040000000000000036,0.029341164850807466,-1.3632723923330958,2018-12-06,2018-12-06,federal_reserve_h15_real:RIFLGFCY05_XII_N.B,-0.010000000000000009,0.02876507219756407,-0.3476438345545625,2018-12-06,2018-12-06,federal_reserve_h15_real:RIFLGFCY10_XII_N.B,0.14577269929731046,0.21063538378354874,-0.692061783157516,2018-12-06,2018-12-06,yahoo:TIP,0.8077219150826301,0.6016465294620246,1.342519029910922,2018-12-06,2018-12-06,yahoo:GLD,0.7002381348266995,0.7190134555785477,0.9738873861035872,2018-12-06,2018-12-06,yahoo:GC=F,-0.31036174595921917,0.3592102962560851,-0.8640112747156857,2018-12-06,2018-12-06,yahoo:DX-Y.NYB,-0.2709572586441928,0.3472086453113879,-0.7803874192164472,2018-12-06,yahoo:UUP,1,"{""alfred_employment_situation_release_dates"":""b796dbd0eac6d9fd3e17ef1280bf85abe0e8b6e91df1205809e70b9ba0cf5a4b"",""federal_reserve_h15_nominal"":""dd00d34890aea66542962d4e00c3650e37e7303bdcdea95963616a6ca09fce87"",""federal_reserve_h15_real"":""5be7cb777f2a50c090ec837ab67ad98e90e36ff23935d9d8e1e1bbdb97ea0142"",""philadelphia_fed_employ_first_releases"":""8af43817875de1075966ebb668f42ddd7367db908d7897a59744917ef167f755"",""yahoo_DX-Y.NYB"":""2abdecea5830986f7a96a4a77f51a66ae7015a1d96488f3b6807200e2e1f0585"",""yahoo_GC=F"":""dde2a4acfa0b6fafad13fd03b21e79cf06b521cf30e1ed0662dd6da52c3e6f78"",""yahoo_GLD"":""cffc9bd91365864e1969d125a13ee2eeae3f44374a8337e4a94eddc8ffad287e"",""yahoo_TIP"":""9198e3f8407f96f1376cec3bff2883b5a1730e9692a4acc4b4e124d9001589b9"",""yahoo_UUP"":""a4840dacc2e010d8281489df6cb8f77cc34ce1661bdac1c6031f392e01b7aedb"",""yahoo_ZT=F"":""1f36bff6184615be1adeb576578d5ad37ce794b249c13a30005be74f8262dee4""}"
NFP_201812_REL_20190104,nfp,2018:12,2019-01-04,2019-01-04T08:30:00 America/New_York,confirmation,confirmation_protocol_locked,312.0,182.0,130.0,68.3228517867279,1.9027308814011368,philadelphia_fed_employ_first_releases,0,0,,0.10999999999999988,0.034902608647427474,3.1516268915936037,2019-01-03,2019-01-03,federal_reserve_h15_nominal:RIFLGFCY02_N.B,0.06999999999999984,0.021769205430716723,3.2155514459534955,2019-01-03,2019-01-03,federal_reserve_h15_nominal:RIFLGFCY01_N.B,-0.19114841873625482,0.05796932150536899,3.2974065207672147,2019-01-03,2019-01-03,yahoo:ZT=F,0.08999999999999986,0.02131019225125176,4.223331208788755,2019-01-03,2019-01-03,derived:H15_5Y_nominal_minus_5Y_real,0.07999999999999963,0.018576456760176635,4.306526321612633,2019-01-03,2019-01-03,derived:H15_10Y_nominal_minus_10Y_real,0.030000000000000027,0.03723911132706282,0.8056046165150589,2019-01-03,2019-01-03,federal_reserve_h15_real:RIFLGFCY05_XII_N.B,0.030000000000000027,0.03336961302512105,0.8990215132976118,2019-01-03,2019-01-03,federal_reserve_h15_real:RIFLGFCY10_XII_N.B,-0.20872545899071848,0.2230831521005994,0.9356397245839242,2019-01-03,2019-01-03,yahoo:TIP,-0.8119106827353268,0.6193628652963167,-1.3108804680223944,2019-01-03,2019-01-03,yahoo:GLD,-0.706943915776067,0.7032750610569867,-1.0052168133383916,2019-01-03,2019-01-03,yahoo:GC=F,-0.12467026777095323,0.3968899469965016,-0.3141179783322961,2019-01-03,2019-01-03,yahoo:DX-Y.NYB,-0.15699724923569985,0.38636564243626964,-0.40634371173828243,2019-01-03,yahoo:UUP,1,"{""alfred_employment_situation_release_dates"":""b796dbd0eac6d9fd3e17ef1280bf85abe0e8b6e91df1205809e70b9ba0cf5a4b"",""federal_reserve_h15_nominal"":""dd00d34890aea66542962d4e00c3650e37e7303bdcdea95963616a6ca09fce87"",""federal_reserve_h15_real"":""5be7cb777f2a50c090ec837ab67ad98e90e36ff23935d9d8e1e1bbdb97ea0142"",""philadelphia_fed_employ_first_releases"":""8af43817875de1075966ebb668f42ddd7367db908d7897a59744917ef167f755"",""yahoo_DX-Y.NYB"":""2abdecea5830986f7a96a4a77f51a66ae7015a1d96488f3b6807200e2e1f0585"",""yahoo_GC=F"":""dde2a4acfa0b6fafad13fd03b21e79cf06b521cf30e1ed0662dd6da52c3e6f78"",""yahoo_GLD"":""cffc9bd91365864e1969d125a13ee2eeae3f44374a8337e4a94eddc8ffad287e"",""yahoo_TIP"":""9198e3f8407f96f1376cec3bff2883b5a1730e9692a4acc4b4e124d9001589b9"",""yahoo_UUP"":""a4840dacc2e010d8281489df6cb8f77cc34ce1661bdac1c6031f392e01b7aedb"",""yahoo_ZT=F"":""1f36bff6184615be1adeb576578d5ad37ce794b249c13a30005be74f8262dee4""}"
NFP_201901_REL_20190201,nfp,2019:01,2019-02-01,2019-02-01T08:30:00 America/New_York,confirmation,confirmation_protocol_locked,304.0,200.5,103.5,69.42952112721794,1.4907203494944699,philadelphia_fed_employ_first_releases,0,0,,0.06999999999999984,0.039372191855742845,1.7779045742862194,2019-01-31,2019-01-31,federal_reserve_h15_nominal:RIFLGFCY02_N.B,0.010000000000000231,0.02309645703746826,0.4329668391899986,2019-01-31,2019-01-31,federal_reserve_h15_nominal:RIFLGFCY01_N.B,-0.09202849851623035,0.0676988497678141,1.3593805335224949,2019-01-31,2019-01-31,yahoo:ZT=F,0.019999999999999574,0.028204259004425226,0.709112761901016,2019-01-31,2019-01-31,derived:H15_5Y_nominal_minus_5Y_real,0.03000000000000047,0.025489556962102946,1.1769525866849513,2019-01-31,2019-01-31,derived:H15_10Y_nominal_minus_10Y_real,0.06000000000000005,0.03814742440454616,1.5728453738766606,2019-01-31,2019-01-31,federal_reserve_h15_real:RIFLGFCY05_XII_N.B,0.039999999999999925,0.03280485013058885,1.2193318927161312,2019-01-31,2019-01-31,federal_reserve_h15_real:RIFLGFCY10_XII_N.B,-0.3517687998591658,0.22482543347783782,1.5646308089686902,2019-01-31,2019-01-31,yahoo:TIP,-0.2006018726865743,0.5381459156263487,-0.37276483359182155,2019-01-31,2019-01-31,yahoo:GLD,-0.21238927681555447,0.5376318494473806,-0.3950459353065941,2019-01-31,2019-01-31,yahoo:GC=F,0.0,0.3989740515262464,0.0,2019-01-31,2019-01-31,yahoo:DX-Y.NYB,0.0,0.40760387355345024,0.0,2019-01-31,yahoo:UUP,1,"{""alfred_employment_situation_release_dates"":""b796dbd0eac6d9fd3e17ef1280bf85abe0e8b6e91df1205809e70b9ba0cf5a4b"",""federal_reserve_h15_nominal"":""dd00d34890aea66542962d4e00c3650e37e7303bdcdea95963616a6ca09fce87"",""federal_reserve_h15_real"":""5be7cb777f2a50c090ec837ab67ad98e90e36ff23935d9d8e1e1bbdb97ea0142"",""philadelphia_fed_employ_first_releases"":""8af43817875de1075966ebb668f42ddd7367db908d7897a59744917ef167f755"",""yahoo_DX-Y.NYB"":""2abdecea5830986f7a96a4a77f51a66ae7015a1d96488f3b6807200e2e1f0585"",""yahoo_GC=F"":""dde2a4acfa0b6fafad13fd03b21e79cf06b521cf30e1ed0662dd6da52c3e6f78"",""yahoo_GLD"":""cffc9bd91365864e1969d125a13ee2eeae3f44374a8337e4a94eddc8ffad287e"",""yahoo_TIP"":""9198e3f8407f96f1376cec3bff2883b5a1730e9692a4acc4b4e124d9001589b9"",""yahoo_UUP"":""a4840dacc2e010d8281489df6cb8f77cc34ce1661bdac1c6031f392e01b7aedb"",""yahoo_ZT=F"":""1f36bff6184615be1adeb576578d5ad37ce794b249c13a30005be74f8262dee4""}"
NFP_201902_REL_20190308,nfp,2019:02,2019-03-08,2019-03-08T08:30:00 America/New_York,confirmation,confirmation_protocol_locked,20.0,207.0,-187.0,70.31761880300195,-2.659361952000808,philadelphia_fed_employ_first_releases,0,0,,-0.020000000000000018,0.03962928495429481,-0.50467728658406,2019-03-07,2019-03-07,federal_reserve_h15_nominal:RIFLGFCY02_N.B,0.009999999999999787,0.022006675925971525,0.45440756403369986,2019-03-07,2019-03-07,federal_reserve_h15_nominal:RIFLGFCY01_N.B,0.0036818173454574157,0.06901659437193788,-0.05334684185683959,2019-03-07,2019-03-07,yahoo:ZT=F,0.0,0.02536513020878219,0.0,2019-03-07,2019-03-07,derived:H15_5Y_nominal_minus_5Y_real,0.0,0.02303215634691416,0.0,2019-03-07,2019-03-07,derived:H15_10Y_nominal_minus_10Y_real,-0.020000000000000018,0.03709660620717743,-0.5391328761532485,2019-03-07,2019-03-07,federal_reserve_h15_real:RIFLGFCY05_XII_N.B,-0.020000000000000018,0.03231028941776733,-0.6189978598273428,2019-03-07,2019-03-07,federal_reserve_h15_real:RIFLGFCY10_XII_N.B,0.08990544404088599,0.21489065082569772,-0.41837764321264104,2019-03-07,2019-03-07,yahoo:TIP,1.08860842593772,0.6098844424250345,1.7849421139669899,2019-03-07,2019-03-07,yahoo:GLD,1.0229437404707755,0.5674807561436762,1.8026051621947583,2019-03-07,2019-03-07,yahoo:GC=F,-0.3076247513678353,0.37512116876752716,-0.8200676927365802,2019-03-07,2019-03-07,yahoo:DX-Y.NYB,-0.3073341155691257,0.39006869796909704,-0.7878974067113533,2019-03-07,yahoo:UUP,1,"{""alfred_employment_situation_release_dates"":""b796dbd0eac6d9fd3e17ef1280bf85abe0e8b6e91df1205809e70b9ba0cf5a4b"",""federal_reserve_h15_nominal"":""dd00d34890aea66542962d4e00c3650e37e7303bdcdea95963616a6ca09fce87"",""federal_reserve_h15_real"":""5be7cb777f2a50c090ec837ab67ad98e90e36ff23935d9d8e1e1bbdb97ea0142"",""philadelphia_fed_employ_first_releases"":""8af43817875de1075966ebb668f42ddd7367db908d7897a59744917ef167f755"",""yahoo_DX-Y.NYB"":""2abdecea5830986f7a96a4a77f51a66ae7015a1d96488f3b6807200e2e1f0585"",""yahoo_GC=F"":""dde2a4acfa0b6fafad13fd03b21e79cf06b521cf30e1ed0662dd6da52c3e6f78"",""yahoo_GLD"":""cffc9bd91365864e1969d125a13ee2eeae3f44374a8337e4a94eddc8ffad287e"",""yahoo_TIP"":""9198e3f8407f96f1376cec3bff2883b5a1730e9692a4acc4b4e124d9001589b9"",""yahoo_UUP"":""a4840dacc2e010d8281489df6cb8f77cc34ce1661bdac1c6031f392e01b7aedb"",""yahoo_ZT=F"":""1f36bff6184615be1adeb576578d5ad37ce794b249c13a30005be74f8262dee4""}"
NFP_201903_REL_20190405,nfp,2019:03,2019-04-05,2019-04-05T08:30:00 America/New_York,confirmation,confirmation_protocol_locked,196.0,182.5,13.5,74.45840988269819,0.18130927078979936,philadelphia_fed_employ_first_releases,0,0,,0.020000000000000018,0.03300188318543821,0.6060260224430114,2019-04-04,2019-04-04,federal_reserve_h15_nominal:RIFLGFCY02_N.B,0.020000000000000018,0.014200938936093846,1.4083575804390636,2019-04-04,2019-04-04,federal_reserve_h15_nominal:RIFLGFCY01_N.B,-0.011013822358183045,0.05630867349194819,0.19559726193439733,2019-04-04,2019-04-04,yahoo:ZT=F,-0.019999999999999796,0.023041966135506527,-0.8679814857110126,2019-04-04,2019-04-04,derived:H15_5Y_nominal_minus_5Y_real,0.0,0.02094922567774701,0.0,2019-04-04,2019-04-04,derived:H15_10Y_nominal_minus_10Y_real,0.010000000000000009,0.03437044782390562,0.290947620212406,2019-04-04,2019-04-04,federal_reserve_h15_real:RIFLGFCY05_XII_N.B,-0.010000000000000009,0.029487141696402663,-0.33913086941281856,2019-04-04,2019-04-04,federal_reserve_h15_real:RIFLGFCY10_XII_N.B,0.11547966607181927,0.21341505631054158,-0.5411036506430178,2019-04-04,2019-04-04,yahoo:TIP,-0.10651584546348021,0.6190739639412951,-0.17205673581449596,2019-04-04,2019-04-04,yahoo:GLD,0.10855427915747454,0.6089563875312191,0.17826281385694365,2019-04-04,2019-04-04,yahoo:GC=F,0.0924492569655288,0.32441669192684947,0.28497071595309453,2019-04-04,2019-04-04,yahoo:DX-Y.NYB,0.11518058815746392,0.33830021776435976,0.34046856049525814,2019-04-04,yahoo:UUP,1,"{""alfred_employment_situation_release_dates"":""b796dbd0eac6d9fd3e17ef1280bf85abe0e8b6e91df1205809e70b9ba0cf5a4b"",""federal_reserve_h15_nominal"":""dd00d34890aea66542962d4e00c3650e37e7303bdcdea95963616a6ca09fce87"",""federal_reserve_h15_real"":""5be7cb777f2a50c090ec837ab67ad98e90e36ff23935d9d8e1e1bbdb97ea0142"",""philadelphia_fed_employ_first_releases"":""8af43817875de1075966ebb668f42ddd7367db908d7897a59744917ef167f755"",""yahoo_DX-Y.NYB"":""2abdecea5830986f7a96a4a77f51a66ae7015a1d96488f3b6807200e2e1f0585"",""yahoo_GC=F"":""dde2a4acfa0b6fafad13fd03b21e79cf06b521cf30e1ed0662dd6da52c3e6f78"",""yahoo_GLD"":""cffc9bd91365864e1969d125a13ee2eeae3f44374a8337e4a94eddc8ffad287e"",""yahoo_TIP"":""9198e3f8407f96f1376cec3bff2883b5a1730e9692a4acc4b4e124d9001589b9"",""yahoo_UUP"":""a4840dacc2e010d8281489df6cb8f77cc34ce1661bdac1c6031f392e01b7aedb"",""yahoo_ZT=F"":""1f36bff6184615be1adeb576578d5ad37ce794b249c13a30005be74f8262dee4""}"
NFP_201904_REL_20190503,nfp,2019:04,2019-05-03,2019-05-03T08:30:00 America/New_York,confirmation,confirmation_protocol_locked,263.0,198.5,64.5,74.40661448863949,0.8668584163286713,philadelphia_fed_employ_first_releases,0,0,,-0.020000000000000018,0.03163885189371671,-0.6321341895459835,2019-05-02,2019-05-02,federal_reserve_h15_nominal:RIFLGFCY02_N.B,0.0,0.015252118496919246,0.0,2019-05-02,2019-05-02,federal_reserve_h15_nominal:RIFLGFCY01_N.B,0.007346189167667768,0.054110906746026755,-0.13576170885746952,2019-05-02,2019-05-02,yahoo:ZT=F,0.02000000000000024,0.02222382291786774,0.8999351764956889,2019-05-02,2019-05-02,derived:H15_5Y_nominal_minus_5Y_real,0.020000000000000462,0.018036372541707996,1.1088704202439652,2019-05-02,2019-05-02,derived:H15_10Y_nominal_minus_10Y_real,-0.030000000000000027,0.03242156985851233,-0.9253099134594646,2019-05-02,2019-05-02,federal_reserve_h15_real:RIFLGFCY05_XII_N.B,-0.030000000000000027,0.028600106672789092,-1.0489471365693481,2019-05-02,2019-05-02,federal_reserve_h15_real:RIFLGFCY10_XII_N.B,0.27500551763154607,0.20536708022286174,-1.3390925036919918,2019-05-02,2019-05-02,yahoo:TIP,0.5902166622599615,0.608488991460977,0.9699709781813081,2019-05-02,2019-05-02,yahoo:GLD,0.7454230729596022,0.6372444796405596,1.1697599536367285,2019-05-02,2019-05-02,yahoo:GC=F,-0.31738464360480106,0.292020661807773,-1.0868568054055172,2019-05-02,2019-05-02,yahoo:DX-Y.NYB,-0.38153594338561964,0.29149364681959866,-1.30889968803247,2019-05-02,yahoo:UUP,1,"{""alfred_employment_situation_release_dates"":""b796dbd0eac6d9fd3e17ef1280bf85abe0e8b6e91df1205809e70b9ba0cf5a4b"",""federal_reserve_h15_nominal"":""dd00d34890aea66542962d4e00c3650e37e7303bdcdea95963616a6ca09fce87"",""federal_reserve_h15_real"":""5be7cb777f2a50c090ec837ab67ad98e90e36ff23935d9d8e1e1bbdb97ea0142"",""philadelphia_fed_employ_first_releases"":""8af43817875de1075966ebb668f42ddd7367db908d7897a59744917ef167f755"",""yahoo_DX-Y.NYB"":""2abdecea5830986f7a96a4a77f51a66ae7015a1d96488f3b6807200e2e1f0585"",""yahoo_GC=F"":""dde2a4acfa0b6fafad13fd03b21e79cf06b521cf30e1ed0662dd6da52c3e6f78"",""yahoo_GLD"":""cffc9bd91365864e1969d125a13ee2eeae3f44374a8337e4a94eddc8ffad287e"",""yahoo_TIP"":""9198e3f8407f96f1376cec3bff2883b5a1730e9692a4acc4b4e124d9001589b9"",""yahoo_UUP"":""a4840dacc2e010d8281489df6cb8f77cc34ce1661bdac1c6031f392e01b7aedb"",""yahoo_ZT=F"":""1f36bff6184615be1adeb576578d5ad37ce794b249c13a30005be74f8262dee4""}"
NFP_201905_REL_20190607,nfp,2019:05,2019-06-07,2019-06-07T08:30:00 America/New_York,confirmation,confirmation_protocol_locked,75.0,207.0,-132.0,73.3276814719823,-1.800138738198558,philadelphia_fed_employ_first_releases,0,0,,-0.029999999999999805,0.042801275127528286,-0.7009136973282567,2019-06-06,2019-06-06,federal_reserve_h15_nominal:RIFLGFCY02_N.B,-0.050000000000000044,0.024985871714045406,-2.0011309019846344,2019-06-06,2019-06-06,federal_reserve_h15_nominal:RIFLGFCY01_N.B,0.05466970523405842,0.0696249029571326,-0.7852033239847823,2019-06-06,2019-06-06,yahoo:ZT=F,0.03000000000000025,0.024776401201489558,1.2108296017662423,2019-06-06,2019-06-06,derived:H15_5Y_nominal_minus_5Y_real,0.009999999999999787,0.022023998210478114,0.45405016402708376,2019-06-06,2019-06-06,derived:H15_10Y_nominal_minus_10Y_real,-0.06,0.036196263502265305,-1.6576296610351773,2019-06-06,2019-06-06,federal_reserve_h15_real:RIFLGFCY05_XII_N.B,-0.040000000000000036,0.03110761347032602,-1.2858588473254815,2019-06-06,2019-06-06,federal_reserve_h15_real:RIFLGFCY10_XII_N.B,0.365417917218302,0.22008168936216302,-1.6603740105655767,2019-06-06,2019-06-06,yahoo:TIP,0.5624438342681366,0.5641466013914878,0.9969816939087265,2019-06-06,2019-06-06,yahoo:GLD,0.26877541074792105,0.6199825226959563,0.4335209476215031,2019-06-06,2019-06-06,yahoo:GC=F,-0.43379346094273086,0.2707140111156832,-1.6024049112011403,2019-06-06,2019-06-06,yahoo:DX-Y.NYB,-0.42154614586619404,0.26812844660670687,-1.5721798682723194,2019-06-06,yahoo:UUP,1,"{""alfred_employment_situation_release_dates"":""b796dbd0eac6d9fd3e17ef1280bf85abe0e8b6e91df1205809e70b9ba0cf5a4b"",""federal_reserve_h15_nominal"":""dd00d34890aea66542962d4e00c3650e37e7303bdcdea95963616a6ca09fce87"",""federal_reserve_h15_real"":""5be7cb777f2a50c090ec837ab67ad98e90e36ff23935d9d8e1e1bbdb97ea0142"",""philadelphia_fed_employ_first_releases"":""8af43817875de1075966ebb668f42ddd7367db908d7897a59744917ef167f755"",""yahoo_DX-Y.NYB"":""2abdecea5830986f7a96a4a77f51a66ae7015a1d96488f3b6807200e2e1f0585"",""yahoo_GC=F"":""dde2a4acfa0b6fafad13fd03b21e79cf06b521cf30e1ed0662dd6da52c3e6f78"",""yahoo_GLD"":""cffc9bd91365864e1969d125a13ee2eeae3f44374a8337e4a94eddc8ffad287e"",""yahoo_TIP"":""9198e3f8407f96f1376cec3bff2883b5a1730e9692a4acc4b4e124d9001589b9"",""yahoo_UUP"":""a4840dacc2e010d8281489df6cb8f77cc34ce1661bdac1c6031f392e01b7aedb"",""yahoo_ZT=F"":""1f36bff6184615be1adeb576578d5ad37ce794b249c13a30005be74f8262dee4""}"
NFP_201906_REL_20190705,nfp,2019:06,2019-07-05,2019-07-05T08:30:00 America/New_York,confirmation,confirmation_protocol_locked,224.0,198.5,25.5,75.00047269154243,0.33999785714517977,philadelphia_fed_employ_first_releases,0,0,,0.10000000000000009,0.04451210715766911,2.246579782120488,2019-07-03,2019-07-03,federal_reserve_h15_nominal:RIFLGFCY02_N.B,0.07000000000000006,0.029941562670329068,2.33788732975408,2019-07-03,2019-07-03,federal_reserve_h15_nominal:RIFLGFCY01_N.B,-0.21090149993961776,0.07266958365519448,2.902197719204111,2019-07-03,2019-07-03,yahoo:ZT=F,0.040000000000000036,0.025743190641542076,1.553808949208168,2019-07-03,2019-07-03,derived:H15_5Y_nominal_minus_5Y_real,0.040000000000000036,0.024172169644256905,1.6547956012506178,2019-07-03,2019-07-03,derived:H15_10Y_nominal_minus_10Y_real,0.05999999999999997,0.039552225361835794,1.516981647710128,2019-07-03,2019-07-03,federal_reserve_h15_real:RIFLGFCY05_XII_N.B,0.03999999999999998,0.0353433521666081,1.1317545605589563,2019-07-03,2019-07-03,federal_reserve_h15_real:RIFLGFCY10_XII_N.B,-0.304848973564722,0.2473453648058611,1.2324830659511041,2019-07-03,2019-07-03,yahoo:TIP,-1.1212861349998495,0.7342394303677461,-1.5271396340540442,2019-07-03,2019-07-03,yahoo:GLD,-1.492352932970768,0.7927686952623886,-1.8824569409578324,2019-07-03,2019-07-03,yahoo:GC=F,0.4947988295522141,0.2766944695258758,1.788249799137896,2019-07-03,2019-07-03,yahoo:DX-Y.NYB,0.5341526878399038,0.2830616547211897,1.8870542121504728,2019-07-03,yahoo:UUP,1,"{""alfred_employment_situation_release_dates"":""b796dbd0eac6d9fd3e17ef1280bf85abe0e8b6e91df1205809e70b9ba0cf5a4b"",""federal_reserve_h15_nominal"":""dd00d34890aea66542962d4e00c3650e37e7303bdcdea95963616a6ca09fce87"",""federal_reserve_h15_real"":""5be7cb777f2a50c090ec837ab67ad98e90e36ff23935d9d8e1e1bbdb97ea0142"",""philadelphia_fed_employ_first_releases"":""8af43817875de1075966ebb668f42ddd7367db908d7897a59744917ef167f755"",""yahoo_DX-Y.NYB"":""2abdecea5830986f7a96a4a77f51a66ae7015a1d96488f3b6807200e2e1f0585"",""yahoo_GC=F"":""dde2a4acfa0b6fafad13fd03b21e79cf06b521cf30e1ed0662dd6da52c3e6f78"",""yahoo_GLD"":""cffc9bd91365864e1969d125a13ee2eeae3f44374a8337e4a94eddc8ffad287e"",""yahoo_TIP"":""9198e3f8407f96f1376cec3bff2883b5a1730e9692a4acc4b4e124d9001589b9"",""yahoo_UUP"":""a4840dacc2e010d8281489df6cb8f77cc34ce1661bdac1c6031f392e01b7aedb"",""yahoo_ZT=F"":""1f36bff6184615be1adeb576578d5ad37ce794b249c13a30005be74f8262dee4""}"
NFP_201907_REL_20190802,nfp,2019:07,2019-08-02,2019-08-02T08:30:00 America/New_York,confirmation,confirmation_protocol_locked,164.0,198.5,-34.5,73.739417511364,-0.4678637445797995,philadelphia_fed_employ_first_releases,0,0,,-0.010000000000000009,0.052085056468670836,-0.19199364804404137,2019-08-01,2019-08-01,federal_reserve_h15_nominal:RIFLGFCY02_N.B,-0.029999999999999805,0.038067365206766186,-0.7880766067483843,2019-08-01,2019-08-01,federal_reserve_h15_nominal:RIFLGFCY01_N.B,-0.007265857737697985,0.08895716494846799,0.08167816208966444,2019-08-01,2019-08-01,yahoo:ZT=F,-0.020000000000000018,0.027769735182215826,-0.7202085244517683,2019-08-01,2019-08-01,derived:H15_5Y_nominal_minus_5Y_real,-0.039999999999999813,0.026876469871773747,-1.48829069408437,2019-08-01,2019-08-01,derived:H15_10Y_nominal_minus_10Y_real,0.0,0.03894658082800197,0.0,2019-08-01,2019-08-01,federal_reserve_h15_real:RIFLGFCY05_XII_N.B,0.0,0.03313898143267955,0.0,2019-08-01,2019-08-01,federal_reserve_h15_real:RIFLGFCY10_XII_N.B,0.06929249907622972,0.23563922406311946,-0.2940618199356687,2019-08-01,2019-08-01,yahoo:TIP,-0.3819352910475418,0.9005203976879984,-0.42412730686403644,2019-08-01,2019-08-01,yahoo:GLD,1.72339525633451,0.7740673228024416,2.22641520390644,2019-08-01,2019-08-01,yahoo:GC=F,-0.29518156572877624,0.29046927848669946,-1.0162230142431141,2019-08-01,2019-08-01,yahoo:DX-Y.NYB,-0.22539385098750553,0.30317282340330276,-0.7434500508895221,2019-08-01,yahoo:UUP,1,"{""alfred_employment_situation_release_dates"":""b796dbd0eac6d9fd3e17ef1280bf85abe0e8b6e91df1205809e70b9ba0cf5a4b"",""federal_reserve_h15_nominal"":""dd00d34890aea66542962d4e00c3650e37e7303bdcdea95963616a6ca09fce87"",""federal_reserve_h15_real"":""5be7cb777f2a50c090ec837ab67ad98e90e36ff23935d9d8e1e1bbdb97ea0142"",""philadelphia_fed_employ_first_releases"":""8af43817875de1075966ebb668f42ddd7367db908d7897a59744917ef167f755"",""yahoo_DX-Y.NYB"":""2abdecea5830986f7a96a4a77f51a66ae7015a1d96488f3b6807200e2e1f0585"",""yahoo_GC=F"":""dde2a4acfa0b6fafad13fd03b21e79cf06b521cf30e1ed0662dd6da52c3e6f78"",""yahoo_GLD"":""cffc9bd91365864e1969d125a13ee2eeae3f44374a8337e4a94eddc8ffad287e"",""yahoo_TIP"":""9198e3f8407f96f1376cec3bff2883b5a1730e9692a4acc4b4e124d9001589b9"",""yahoo_UUP"":""a4840dacc2e010d8281489df6cb8f77cc34ce1661bdac1c6031f392e01b7aedb"",""yahoo_ZT=F"":""1f36bff6184615be1adeb576578d5ad37ce794b249c13a30005be74f8262dee4""}"
NFP_201908_REL_20190906,nfp,2019:08,2019-09-06,2019-09-06T08:30:00 America/New_York,confirmation,confirmation_protocol_locked,130.0,198.5,-68.5,73.71596887918255,-0.929242347913363,philadelphia_fed_employ_first_releases,0,0,,-0.020000000000000018,0.053960646886683804,-0.37064047882894335,2019-09-05,2019-09-05,federal_reserve_h15_nominal:RIFLGFCY02_N.B,0.0,0.0413937957631771,0.0,2019-09-05,2019-09-05,federal_reserve_h15_nominal:RIFLGFCY01_N.B,0.01813269511214202,0.09635567017194051,-0.18818503446434848,2019-09-05,2019-09-05,yahoo:ZT=F,0.0,0.03204692886561071,0.0,2019-09-05,2019-09-05,derived:H15_5Y_nominal_minus_5Y_real,-0.020000000000000018,0.030133413329227345,-0.6637150521743711,2019-09-05,2019-09-05,derived:H15_10Y_nominal_minus_10Y_real,-0.009999999999999995,0.03924823217437391,-0.25478854577631727,2019-09-05,2019-09-05,federal_reserve_h15_real:RIFLGFCY05_XII_N.B,0.0,0.0337136496020755,0.0,2019-09-05,2019-09-05,federal_reserve_h15_real:RIFLGFCY10_XII_N.B,0.08528539734250357,0.255936856560962,-0.3332282754757883,2019-09-05,2019-09-05,yahoo:TIP,-0.8559662387184017,1.0247662331933916,-0.835279511553603,2019-09-05,2019-09-05,yahoo:GLD,-0.6089556358749777,0.9262357870494329,-0.6574520704008147,2019-09-05,2019-09-05,yahoo:GC=F,-0.020329544938652352,0.30145942410724097,-0.06743708543482234,2019-09-05,2019-09-05,yahoo:DX-Y.NYB,0.0373467557861723,0.31507948887597864,0.1185312186439172,2019-09-05,yahoo:UUP,1,"{""alfred_employment_situation_release_dates"":""b796dbd0eac6d9fd3e17ef1280bf85abe0e8b6e91df1205809e70b9ba0cf5a4b"",""federal_reserve_h15_nominal"":""dd00d34890aea66542962d4e00c3650e37e7303bdcdea95963616a6ca09fce87"",""federal_reserve_h15_real"":""5be7cb777f2a50c090ec837ab67ad98e90e36ff23935d9d8e1e1bbdb97ea0142"",""philadelphia_fed_employ_first_releases"":""8af43817875de1075966ebb668f42ddd7367db908d7897a59744917ef167f755"",""yahoo_DX-Y.NYB"":""2abdecea5830986f7a96a4a77f51a66ae7015a1d96488f3b6807200e2e1f0585"",""yahoo_GC=F"":""dde2a4acfa0b6fafad13fd03b21e79cf06b521cf30e1ed0662dd6da52c3e6f78"",""yahoo_GLD"":""cffc9bd91365864e1969d125a13ee2eeae3f44374a8337e4a94eddc8ffad287e"",""yahoo_TIP"":""9198e3f8407f96f1376cec3bff2883b5a1730e9692a4acc4b4e124d9001589b9"",""yahoo_UUP"":""a4840dacc2e010d8281489df6cb8f77cc34ce1661bdac1c6031f392e01b7aedb"",""yahoo_ZT=F"":""1f36bff6184615be1adeb576578d5ad37ce794b249c13a30005be74f8262dee4""}"
NFP_201909_REL_20191004,nfp,2019:09,2019-10-04,2019-10-04T08:30:00 America/New_York,confirmation,confirmation_protocol_locked,136.0,180.0,-44.0,73.88075405143778,-0.5955542896782836,philadelphia_fed_employ_first_releases,0,0,,0.010000000000000009,0.05499126792521334,0.1818470527648088,2019-10-03,2019-10-03,federal_reserve_h15_nominal:RIFLGFCY02_N.B,0.0,0.0421575602591712,0.0,2019-10-03,2019-10-03,federal_reserve_h15_nominal:RIFLGFCY01_N.B,-0.028890253351788752,0.1059749641849641,0.27261394777510806,2019-10-03,2019-10-03,yahoo:ZT=F,0.020000000000000018,0.03038547080692006,0.6582093174427684,2019-10-03,2019-10-03,derived:H15_5Y_nominal_minus_5Y_real,0.020000000000000018,0.02889881040696751,0.6920700097460764,2019-10-03,2019-10-03,derived:H15_10Y_nominal_minus_10Y_real,-0.01999999999999999,0.03933199269955076,-0.5084919076634636,2019-10-03,2019-10-03,federal_reserve_h15_real:RIFLGFCY05_XII_N.B,-0.039999999999999994,0.0355787500852281,-1.1242665890224048,2019-10-03,2019-10-03,federal_reserve_h15_real:RIFLGFCY10_XII_N.B,0.30803635779972227,0.2861951051890896,-1.0763159544472367,2019-10-03,2019-10-03,yahoo:TIP,0.0,0.9639924751045269,0.0,2019-10-03,2019-10-03,yahoo:GLD,-0.05973679771035407,0.8742232908201995,-0.06833128142160201,2019-10-03,2019-10-03,yahoo:GC=F,-0.05059245539288802,0.28368200494572104,-0.17834213841857274,2019-10-03,2019-10-03,yahoo:DX-Y.NYB,-0.07414509339737003,0.30511393097335643,-0.24300789269384304,2019-10-03,yahoo:UUP,1,"{""alfred_employment_situation_release_dates"":""b796dbd0eac6d9fd3e17ef1280bf85abe0e8b6e91df1205809e70b9ba0cf5a4b"",""federal_reserve_h15_nominal"":""dd00d34890aea66542962d4e00c3650e37e7303bdcdea95963616a6ca09fce87"",""federal_reserve_h15_real"":""5be7cb777f2a50c090ec837ab67ad98e90e36ff23935d9d8e1e1bbdb97ea0142"",""philadelphia_fed_employ_first_releases"":""8af43817875de1075966ebb668f42ddd7367db908d7897a59744917ef167f755"",""yahoo_DX-Y.NYB"":""2abdecea5830986f7a96a4a77f51a66ae7015a1d96488f3b6807200e2e1f0585"",""yahoo_GC=F"":""dde2a4acfa0b6fafad13fd03b21e79cf06b521cf30e1ed0662dd6da52c3e6f78"",""yahoo_GLD"":""cffc9bd91365864e1969d125a13ee2eeae3f44374a8337e4a94eddc8ffad287e"",""yahoo_TIP"":""9198e3f8407f96f1376cec3bff2883b5a1730e9692a4acc4b4e124d9001589b9"",""yahoo_UUP"":""a4840dacc2e010d8281489df6cb8f77cc34ce1661bdac1c6031f392e01b7aedb"",""yahoo_ZT=F"":""1f36bff6184615be1adeb576578d5ad37ce794b249c13a30005be74f8262dee4""}"
NFP_201910_REL_20191101,nfp,2019:10,2019-11-01,2019-11-01T08:30:00 America/New_York,confirmation,confirmation_protocol_locked,128.0,180.0,-52.0,73.64289071666963,-0.7061102503439535,philadelphia_fed_employ_first_releases,0,0,,0.040000000000000036,0.05270534230364728,0.7589363478478344,2019-10-31,2019-10-31,federal_reserve_h15_nominal:RIFLGFCY02_N.B,0.0,0.03868276014199852,0.0,2019-10-31,2019-10-31,federal_reserve_h15_nominal:RIFLGFCY01_N.B,-0.07249791886029909,0.10020921576091822,0.7234655845752404,2019-10-31,2019-10-31,yahoo:ZT=F,0.06000000000000005,0.03644669507542355,1.646239799681008,2019-10-31,2019-10-31,derived:H15_5Y_nominal_minus_5Y_real,0.04999999999999982,0.02677379611097558,1.8674976007419044,2019-10-31,2019-10-31,derived:H15_10Y_nominal_minus_10Y_real,-0.020000000000000004,0.046457562191162836,-0.43050041923647053,2019-10-31,2019-10-31,federal_reserve_h15_real:RIFLGFCY05_XII_N.B,-0.009999999999999981,0.036908805006470334,-0.2709380593125928,2019-10-31,2019-10-31,federal_reserve_h15_real:RIFLGFCY10_XII_N.B,0.1463827622874896,0.30363902117617547,-0.48209469823892076,2019-10-31,2019-10-31,yahoo:TIP,0.09123470738276628,0.8161574218281907,0.11178567386963258,2019-10-31,2019-10-31,yahoo:GLD,-0.22521201719947465,0.8185025862193723,-0.2751512591300647,2019-10-31,2019-10-31,yahoo:GC=F,-0.11305886647711925,0.26524907882869375,-0.42623660363448895,2019-10-31,2019-10-31,yahoo:DX-Y.NYB,-0.03761366750648695,0.2872902084471637,-0.13092568559782497,2019-10-31,yahoo:UUP,1,"{""alfred_employment_situation_release_dates"":""b796dbd0eac6d9fd3e17ef1280bf85abe0e8b6e91df1205809e70b9ba0cf5a4b"",""federal_reserve_h15_nominal"":""dd00d34890aea66542962d4e00c3650e37e7303bdcdea95963616a6ca09fce87"",""federal_reserve_h15_real"":""5be7cb777f2a50c090ec837ab67ad98e90e36ff23935d9d8e1e1bbdb97ea0142"",""philadelphia_fed_employ_first_releases"":""8af43817875de1075966ebb668f42ddd7367db908d7897a59744917ef167f755"",""yahoo_DX-Y.NYB"":""2abdecea5830986f7a96a4a77f51a66ae7015a1d96488f3b6807200e2e1f0585"",""yahoo_GC=F"":""dde2a4acfa0b6fafad13fd03b21e79cf06b521cf30e1ed0662dd6da52c3e6f78"",""yahoo_GLD"":""cffc9bd91365864e1969d125a13ee2eeae3f44374a8337e4a94eddc8ffad287e"",""yahoo_TIP"":""9198e3f8407f96f1376cec3bff2883b5a1730e9692a4acc4b4e124d9001589b9"",""yahoo_UUP"":""a4840dacc2e010d8281489df6cb8f77cc34ce1661bdac1c6031f392e01b7aedb"",""yahoo_ZT=F"":""1f36bff6184615be1adeb576578d5ad37ce794b249c13a30005be74f8262dee4""}"
NFP_201911_REL_20191206,nfp,2019:11,2019-12-06,2019-12-06T08:30:00 America/New_York,confirmation,confirmation_protocol_locked,266.0,159.5,106.5,73.8115366176122,1.4428638784711059,philadelphia_fed_employ_first_releases,0,0,,0.030000000000000027,0.04599189316921118,0.6522888694671789,2019-12-05,2019-12-05,federal_reserve_h15_nominal:RIFLGFCY02_N.B,0.010000000000000009,0.030604087463793526,0.32675373875566815,2019-12-05,2019-12-05,federal_reserve_h15_nominal:RIFLGFCY01_N.B,-0.06172951774660307,0.08861713024611483,0.6965867386493192,2019-12-05,2019-12-05,yahoo:ZT=F,0.039999999999999813,0.03508303306499521,1.1401522760559322,2019-12-05,2019-12-05,derived:H15_5Y_nominal_minus_5Y_real,0.02000000000000024,0.025918167613266544,0.7716594899155983,2019-12-05,2019-12-05,derived:H15_10Y_nominal_minus_10Y_real,0.009999999999999995,0.04368091801771177,0.2289329174800124,2019-12-05,2019-12-05,federal_reserve_h15_real:RIFLGFCY05_XII_N.B,0.01999999999999999,0.03546741960035075,0.563897803261735,2019-12-05,2019-12-05,federal_reserve_h15_real:RIFLGFCY10_XII_N.B,-0.0686092043044721,0.27443753796307313,0.24999934343421995,2019-12-05,2019-12-05,yahoo:TIP,-0.9977704836757457,0.6822444287623917,-1.4624824206856861,2019-12-05,2019-12-05,yahoo:GLD,-1.2125522425175979,0.7460958830561427,-1.6251962650574698,2019-12-05,2019-12-05,yahoo:GC=F,0.2972615435067598,0.24399042505958934,1.2183328236514206,2019-12-05,2019-12-05,yahoo:DX-Y.NYB,0.37410515600170646,0.2585646748510683,1.4468533113318311,2019-12-05,yahoo:UUP,1,"{""alfred_employment_situation_release_dates"":""b796dbd0eac6d9fd3e17ef1280bf85abe0e8b6e91df1205809e70b9ba0cf5a4b"",""federal_reserve_h15_nominal"":""dd00d34890aea66542962d4e00c3650e37e7303bdcdea95963616a6ca09fce87"",""federal_reserve_h15_real"":""5be7cb777f2a50c090ec837ab67ad98e90e36ff23935d9d8e1e1bbdb97ea0142"",""philadelphia_fed_employ_first_releases"":""8af43817875de1075966ebb668f42ddd7367db908d7897a59744917ef167f755"",""yahoo_DX-Y.NYB"":""2abdecea5830986f7a96a4a77f51a66ae7015a1d96488f3b6807200e2e1f0585"",""yahoo_GC=F"":""dde2a4acfa0b6fafad13fd03b21e79cf06b521cf30e1ed0662dd6da52c3e6f78"",""yahoo_GLD"":""cffc9bd91365864e1969d125a13ee2eeae3f44374a8337e4a94eddc8ffad287e"",""yahoo_TIP"":""9198e3f8407f96f1376cec3bff2883b5a1730e9692a4acc4b4e124d9001589b9"",""yahoo_UUP"":""a4840dacc2e010d8281489df6cb8f77cc34ce1661bdac1c6031f392e01b7aedb"",""yahoo_ZT=F"":""1f36bff6184615be1adeb576578d5ad37ce794b249c13a30005be74f8262dee4""}"
NFP_201912_REL_20200110,nfp,2019:12,2020-01-10,2020-01-10T08:30:00 America/New_York,confirmation,confirmation_protocol_locked,145.0,180.0,-35.0,73.57625037091839,-0.47569697862496724,philadelphia_fed_employ_first_releases,0,0,,-0.020000000000000018,0.03552471885486936,-0.5629882697089558,2020-01-09,2020-01-09,federal_reserve_h15_nominal:RIFLGFCY02_N.B,-0.010000000000000009,0.020734397850848924,-0.48229035016758787,2020-01-09,2020-01-09,federal_reserve_h15_nominal:RIFLGFCY01_N.B,0.00725163162029696,0.05973561795950089,-0.12139543990678002,2020-01-09,2020-01-09,yahoo:ZT=F,0.0,0.03236270434880806,0.0,2020-01-09,2020-01-09,derived:H15_5Y_nominal_minus_5Y_real,0.020000000000000018,0.022919658253631885,0.8726133600543885,2020-01-09,2020-01-09,derived:H15_10Y_nominal_minus_10Y_real,-0.02,0.03999258405831032,-0.5000927164606177,2020-01-09,2020-01-09,federal_reserve_h15_real:RIFLGFCY05_XII_N.B,-0.039999999999999994,0.032462059557804755,-1.2322077078557672,2020-01-09,2020-01-09,federal_reserve_h15_real:RIFLGFCY10_XII_N.B,0.2989622964631825,0.24808701132735023,-1.2050703294123788,2020-01-09,2020-01-09,yahoo:TIP,0.6008107616788397,0.5891799102929953,1.019740746727193,2020-01-09,2020-01-09,yahoo:GLD,0.37308990396736774,0.6495459233854842,0.5743857216789137,2020-01-09,2020-01-09,yahoo:GC=F,-0.09239396891402586,0.23288971569023276,-0.39672841988831886,2020-01-09,2020-01-09,yahoo:DX-Y.NYB,-0.0762588449787742,0.22428669343633736,-0.3400061047331811,2020-01-09,yahoo:UUP,1,"{""alfred_employment_situation_release_dates"":""b796dbd0eac6d9fd3e17ef1280bf85abe0e8b6e91df1205809e70b9ba0cf5a4b"",""federal_reserve_h15_nominal"":""dd00d34890aea66542962d4e00c3650e37e7303bdcdea95963616a6ca09fce87"",""federal_reserve_h15_real"":""5be7cb777f2a50c090ec837ab67ad98e90e36ff23935d9d8e1e1bbdb97ea0142"",""philadelphia_fed_employ_first_releases"":""8af43817875de1075966ebb668f42ddd7367db908d7897a59744917ef167f755"",""yahoo_DX-Y.NYB"":""2abdecea5830986f7a96a4a77f51a66ae7015a1d96488f3b6807200e2e1f0585"",""yahoo_GC=F"":""dde2a4acfa0b6fafad13fd03b21e79cf06b521cf30e1ed0662dd6da52c3e6f78"",""yahoo_GLD"":""cffc9bd91365864e1969d125a13ee2eeae3f44374a8337e4a94eddc8ffad287e"",""yahoo_TIP"":""9198e3f8407f96f1376cec3bff2883b5a1730e9692a4acc4b4e124d9001589b9"",""yahoo_UUP"":""a4840dacc2e010d8281489df6cb8f77cc34ce1661bdac1c6031f392e01b7aedb"",""yahoo_ZT=F"":""1f36bff6184615be1adeb576578d5ad37ce794b249c13a30005be74f8262dee4""}"
NFP_202001_REL_20200207,nfp,2020:01,2020-02-07,2020-02-07T08:30:00 America/New_York,confirmation,confirmation_protocol_locked,225.0,154.5,70.5,73.34885685721275,0.9611601737330606,philadelphia_fed_employ_first_releases,0,0,,-0.030000000000000027,0.03114754390839543,-0.9631578042952498,2020-02-06,2020-02-06,federal_reserve_h15_nominal:RIFLGFCY02_N.B,-0.020000000000000018,0.015523810761696762,-1.2883434555481534,2020-02-06,2020-02-06,federal_reserve_h15_nominal:RIFLGFCY01_N.B,0.0868212621914615,0.05546399789199396,-1.5653624962363892,2020-02-06,2020-02-06,yahoo:ZT=F,0.0,0.022322748145014778,0.0,2020-02-06,2020-02-06,derived:H15_5Y_nominal_minus_5Y_real,-0.009999999999999787,0.01999717494171904,-0.5000706364346156,2020-02-06,2020-02-06,derived:H15_10Y_nominal_minus_10Y_real,-0.04000000000000001,0.03259882844243347,-1.2270379615217255,2020-02-06,2020-02-06,federal_reserve_h15_real:RIFLGFCY05_XII_N.B,-0.05,0.03279580722823289,-1.5245851291916537,2020-02-06,2020-02-06,federal_reserve_h15_real:RIFLGFCY10_XII_N.B,0.40592235367074203,0.23635732373985688,-1.7174096712886897,2020-02-06,2020-02-06,yahoo:TIP,0.26423634506581695,0.5252766677835659,0.5030422275955582,2020-02-06,2020-02-06,yahoo:GLD,0.2233782116915276,0.5772349569975076,0.3869797020842799,2020-02-06,2020-02-06,yahoo:GC=F,0.18257465756925959,0.22613881637849795,0.8073565630752961,2020-02-06,2020-02-06,yahoo:DX-Y.NYB,0.22529868988011287,0.22239015922151364,1.0130785043222266,2020-02-06,yahoo:UUP,1,"{""alfred_employment_situation_release_dates"":""b796dbd0eac6d9fd3e17ef1280bf85abe0e8b6e91df1205809e70b9ba0cf5a4b"",""federal_reserve_h15_nominal"":""dd00d34890aea66542962d4e00c3650e37e7303bdcdea95963616a6ca09fce87"",""federal_reserve_h15_real"":""5be7cb777f2a50c090ec837ab67ad98e90e36ff23935d9d8e1e1bbdb97ea0142"",""philadelphia_fed_employ_first_releases"":""8af43817875de1075966ebb668f42ddd7367db908d7897a59744917ef167f755"",""yahoo_DX-Y.NYB"":""2abdecea5830986f7a96a4a77f51a66ae7015a1d96488f3b6807200e2e1f0585"",""yahoo_GC=F"":""dde2a4acfa0b6fafad13fd03b21e79cf06b521cf30e1ed0662dd6da52c3e6f78"",""yahoo_GLD"":""cffc9bd91365864e1969d125a13ee2eeae3f44374a8337e4a94eddc8ffad287e"",""yahoo_TIP"":""9198e3f8407f96f1376cec3bff2883b5a1730e9692a4acc4b4e124d9001589b9"",""yahoo_UUP"":""a4840dacc2e010d8281489df6cb8f77cc34ce1661bdac1c6031f392e01b7aedb"",""yahoo_ZT=F"":""1f36bff6184615be1adeb576578d5ad37ce794b249c13a30005be74f8262dee4""}"
NFP_202002_REL_20200306,nfp,2020:02,2020-03-06,2020-03-06T08:30:00 America/New_York,confirmation,confirmation_protocol_locked,273.0,154.5,118.5,73.79441782204745,1.6058125193935189,philadelphia_fed_employ_first_releases,0,0,,-0.09999999999999998,0.04695111052638707,-2.1298750738557892,2020-03-05,2020-03-05,federal_reserve_h15_nominal:RIFLGFCY02_N.B,-0.08999999999999997,0.04534207708963342,-1.984911273960511,2020-03-05,2020-03-05,federal_reserve_h15_nominal:RIFLGFCY01_N.B,0.1746849876480977,0.074737705192237,-2.337307349734391,2020-03-05,2020-03-05,yahoo:ZT=F,-0.1399999999999999,0.029139737366443597,-4.804435889021412,2020-03-05,2020-03-05,derived:H15_5Y_nominal_minus_5Y_real,-0.08999999999999986,0.02534451879141445,-3.551063673400171,2020-03-05,2020-03-05,derived:H15_10Y_nominal_minus_10Y_real,0.04999999999999993,0.035597800351011975,1.404581168133287,2020-03-05,2020-03-05,federal_reserve_h15_real:RIFLGFCY05_XII_N.B,-0.08999999999999997,0.03595783783398155,-2.5029313613219113,2020-03-05,2020-03-05,federal_reserve_h15_real:RIFLGFCY10_XII_N.B,0.6632123928328348,0.26381387486959484,-2.5139405315988994,2020-03-05,2020-03-05,yahoo:TIP,0.03808885074389379,0.8992434803230062,0.04235654922981745,2020-03-05,2020-03-05,yahoo:GLD,0.2636957249874577,1.0108019192101154,0.26087774466585995,2020-03-05,2020-03-05,yahoo:GC=F,-0.902639071155808,0.2803576008816596,-3.2195990703202537,2020-03-05,2020-03-05,yahoo:DX-Y.NYB,-0.5748296840151496,0.2833841408274717,-2.0284469072145925,2020-03-05,yahoo:UUP,1,"{""alfred_employment_situation_release_dates"":""b796dbd0eac6d9fd3e17ef1280bf85abe0e8b6e91df1205809e70b9ba0cf5a4b"",""federal_reserve_h15_nominal"":""dd00d34890aea66542962d4e00c3650e37e7303bdcdea95963616a6ca09fce87"",""federal_reserve_h15_real"":""5be7cb777f2a50c090ec837ab67ad98e90e36ff23935d9d8e1e1bbdb97ea0142"",""philadelphia_fed_employ_first_releases"":""8af43817875de1075966ebb668f42ddd7367db908d7897a59744917ef167f755"",""yahoo_DX-Y.NYB"":""2abdecea5830986f7a96a4a77f51a66ae7015a1d96488f3b6807200e2e1f0585"",""yahoo_GC=F"":""dde2a4acfa0b6fafad13fd03b21e79cf06b521cf30e1ed0662dd6da52c3e6f78"",""yahoo_GLD"":""cffc9bd91365864e1969d125a13ee2eeae3f44374a8337e4a94eddc8ffad287e"",""yahoo_TIP"":""9198e3f8407f96f1376cec3bff2883b5a1730e9692a4acc4b4e124d9001589b9"",""yahoo_UUP"":""a4840dacc2e010d8281489df6cb8f77cc34ce1661bdac1c6031f392e01b7aedb"",""yahoo_ZT=F"":""1f36bff6184615be1adeb576578d5ad37ce794b249c13a30005be74f8262dee4""}"
NFP_202003_REL_20200403,nfp,2020:03,2020-04-03,2020-04-03T08:30:00 America/New_York,confirmation,confirmation_protocol_locked,-701.0,180.0,-881.0,75.07572260254166,-11.734818786415172,philadelphia_fed_employ_first_releases,0,0,,0.0,0.060042122690450755,0.0,2020-04-02,2020-04-02,federal_reserve_h15_nominal:RIFLGFCY02_N.B,0.009999999999999981,0.053345425888981675,0.1874574967460415,2020-04-02,2020-04-02,federal_reserve_h15_nominal:RIFLGFCY01_N.B,0.007089181911386097,0.09414636981220476,-0.07529957793940435,2020-04-02,2020-04-02,yahoo:ZT=F,0.050000000000000044,0.08423869771126803,0.5935514360796189,2020-04-02,2020-04-02,derived:H15_5Y_nominal_minus_5Y_real,0.050000000000000044,0.07556547652822584,0.6616778229582609,2020-04-02,2020-04-02,derived:H15_10Y_nominal_minus_10Y_real,-0.04999999999999999,0.09230552927351253,-0.5416793597688379,2020-04-02,2020-04-02,federal_reserve_h15_real:RIFLGFCY05_XII_N.B,-0.06,0.10298085500312736,-0.582632567948459,2020-04-02,2020-04-02,federal_reserve_h15_real:RIFLGFCY10_XII_N.B,0.8774922211436389,1.045747340349678,-0.8391053816596102,2020-04-02,2020-04-02,yahoo:TIP,0.49253097765777165,1.5822049913832266,0.31129403606999206,2020-04-02,2020-04-02,yahoo:GLD,0.490888893936245,1.8233217515860065,0.2692277945509332,2020-04-02,2020-04-02,yahoo:GC=F,0.39848779730313094,0.6398912802458734,0.6227429715091836,2020-04-02,2020-04-02,yahoo:DX-Y.NYB,0.5511731423847394,0.919863872561876,0.5991899006205007,2020-04-02,yahoo:UUP,1,"{""alfred_employment_situation_release_dates"":""b796dbd0eac6d9fd3e17ef1280bf85abe0e8b6e91df1205809e70b9ba0cf5a4b"",""federal_reserve_h15_nominal"":""dd00d34890aea66542962d4e00c3650e37e7303bdcdea95963616a6ca09fce87"",""federal_reserve_h15_real"":""5be7cb777f2a50c090ec837ab67ad98e90e36ff23935d9d8e1e1bbdb97ea0142"",""philadelphia_fed_employ_first_releases"":""8af43817875de1075966ebb668f42ddd7367db908d7897a59744917ef167f755"",""yahoo_DX-Y.NYB"":""2abdecea5830986f7a96a4a77f51a66ae7015a1d96488f3b6807200e2e1f0585"",""yahoo_GC=F"":""dde2a4acfa0b6fafad13fd03b21e79cf06b521cf30e1ed0662dd6da52c3e6f78"",""yahoo_GLD"":""cffc9bd91365864e1969d125a13ee2eeae3f44374a8337e4a94eddc8ffad287e"",""yahoo_TIP"":""9198e3f8407f96f1376cec3bff2883b5a1730e9692a4acc4b4e124d9001589b9"",""yahoo_UUP"":""a4840dacc2e010d8281489df6cb8f77cc34ce1661bdac1c6031f392e01b7aedb"",""yahoo_ZT=F"":""1f36bff6184615be1adeb576578d5ad37ce794b249c13a30005be74f8262dee4""}"
NFP_202004_REL_20200508,nfp,2020:04,2020-05-08,2020-05-08T08:30:00 America/New_York,confirmation,confirmation_protocol_locked,-20500.0,154.5,-20654.5,134.62889566516765,-153.41803034149012,philadelphia_fed_employ_first_releases,0,0,,0.03,0.05803174662044224,0.5169584192634349,2020-05-07,2020-05-07,federal_reserve_h15_nominal:RIFLGFCY02_N.B,0.0,0.054215254175469234,0.0,2020-05-07,2020-05-07,federal_reserve_h15_nominal:RIFLGFCY01_N.B,-0.038958049756959975,0.09075794610026922,0.42925221901693533,2020-05-07,2020-05-07,yahoo:ZT=F,0.040000000000000036,0.09121589216277418,0.4385200763987518,2020-05-07,2020-05-07,derived:H15_5Y_nominal_minus_5Y_real,0.039999999999999813,0.08332954793662349,0.4800218048755277,2020-05-07,2020-05-07,derived:H15_10Y_nominal_minus_10Y_real,0.0,0.0970379097683137,0.0,2020-05-07,2020-05-07,federal_reserve_h15_real:RIFLGFCY05_XII_N.B,0.020000000000000018,0.10621093499195083,0.1883045281685517,2020-05-07,2020-05-07,federal_reserve_h15_real:RIFLGFCY10_XII_N.B,-0.03292485085438014,1.0803603129414263,0.030475805580767592,2020-05-07,2020-05-07,yahoo:TIP,-0.6028427741239837,1.7333343114237287,-0.34779371189440067,2020-05-07,2020-05-07,yahoo:GLD,-0.6935380050009182,2.014617754385684,-0.3442529003286771,2020-05-07,2020-05-07,yahoo:GC=F,-0.16030063598269273,0.6733376360980085,-0.23806873014203528,2020-05-07,2020-05-07,yahoo:DX-Y.NYB,-0.03697360831944656,0.9518741419249916,-0.03884295905409741,2020-05-07,yahoo:UUP,1,"{""alfred_employment_situation_release_dates"":""b796dbd0eac6d9fd3e17ef1280bf85abe0e8b6e91df1205809e70b9ba0cf5a4b"",""federal_reserve_h15_nominal"":""dd00d34890aea66542962d4e00c3650e37e7303bdcdea95963616a6ca09fce87"",""federal_reserve_h15_real"":""5be7cb777f2a50c090ec837ab67ad98e90e36ff23935d9d8e1e1bbdb97ea0142"",""philadelphia_fed_employ_first_releases"":""8af43817875de1075966ebb668f42ddd7367db908d7897a59744917ef167f755"",""yahoo_DX-Y.NYB"":""2abdecea5830986f7a96a4a77f51a66ae7015a1d96488f3b6807200e2e1f0585"",""yahoo_GC=F"":""dde2a4acfa0b6fafad13fd03b21e79cf06b521cf30e1ed0662dd6da52c3e6f78"",""yahoo_GLD"":""cffc9bd91365864e1969d125a13ee2eeae3f44374a8337e4a94eddc8ffad287e"",""yahoo_TIP"":""9198e3f8407f96f1376cec3bff2883b5a1730e9692a4acc4b4e124d9001589b9"",""yahoo_UUP"":""a4840dacc2e010d8281489df6cb8f77cc34ce1661bdac1c6031f392e01b7aedb"",""yahoo_ZT=F"":""1f36bff6184615be1adeb576578d5ad37ce794b249c13a30005be74f8262dee4""}"
NFP_202005_REL_20200605,nfp,2020:05,2020-06-05,2020-06-05T08:30:00 America/New_York,confirmation,confirmation_protocol_locked,2509.0,140.5,2368.5,2667.037775982363,0.8880639117035374,philadelphia_fed_employ_first_releases,0,0,,0.03,0.03802281503619684,0.7889999720283912,2020-06-04,2020-06-04,federal_reserve_h15_nominal:RIFLGFCY02_N.B,0.009999999999999981,0.028366049572712482,0.3525341085781561,2020-06-04,2020-06-04,federal_reserve_h15_nominal:RIFLGFCY01_N.B,-0.04254414018648621,0.059234783682130164,0.7182290124462942,2020-06-04,2020-06-04,yahoo:ZT=F,0.06999999999999995,0.07725133242593245,0.9061332381174787,2020-06-04,2020-06-04,derived:H15_5Y_nominal_minus_5Y_real,0.050000000000000044,0.07078175257207989,0.7063967503359435,2020-06-04,2020-06-04,derived:H15_10Y_nominal_minus_10Y_real,0.0,0.08638437293287282,0.0,2020-06-04,2020-06-04,federal_reserve_h15_real:RIFLGFCY05_XII_N.B,0.040000000000000036,0.09959012044573237,0.4016462659245043,2020-06-04,2020-06-04,federal_reserve_h15_real:RIFLGFCY10_XII_N.B,-0.00830634337409314,0.9626025171913727,0.008629048050205519,2020-06-04,2020-06-04,yahoo:TIP,-2.048368991541374,1.6008402386447917,-1.279558660566555,2020-06-04,2020-06-04,yahoo:GLD,-2.515526800286163,1.8948760034356973,-1.3275416416299177,2020-06-04,2020-06-04,yahoo:GC=F,0.2685696610106715,0.6353229259019874,0.4227293712553737,2020-06-04,2020-06-04,yahoo:DX-Y.NYB,0.19094521542160328,0.9229644589177428,0.20688252248142186,2020-06-04,yahoo:UUP,1,"{""alfred_employment_situation_release_dates"":""b796dbd0eac6d9fd3e17ef1280bf85abe0e8b6e91df1205809e70b9ba0cf5a4b"",""federal_reserve_h15_nominal"":""dd00d34890aea66542962d4e00c3650e37e7303bdcdea95963616a6ca09fce87"",""federal_reserve_h15_real"":""5be7cb777f2a50c090ec837ab67ad98e90e36ff23935d9d8e1e1bbdb97ea0142"",""philadelphia_fed_employ_first_releases"":""8af43817875de1075966ebb668f42ddd7367db908d7897a59744917ef167f755"",""yahoo_DX-Y.NYB"":""2abdecea5830986f7a96a4a77f51a66ae7015a1d96488f3b6807200e2e1f0585"",""yahoo_GC=F"":""dde2a4acfa0b6fafad13fd03b21e79cf06b521cf30e1ed0662dd6da52c3e6f78"",""yahoo_GLD"":""cffc9bd91365864e1969d125a13ee2eeae3f44374a8337e4a94eddc8ffad287e"",""yahoo_TIP"":""9198e3f8407f96f1376cec3bff2883b5a1730e9692a4acc4b4e124d9001589b9"",""yahoo_UUP"":""a4840dacc2e010d8281489df6cb8f77cc34ce1661bdac1c6031f392e01b7aedb"",""yahoo_ZT=F"":""1f36bff6184615be1adeb576578d5ad37ce794b249c13a30005be74f8262dee4""}"
NFP_202006_REL_20200702,nfp,2020:06,2020-07-02,2020-07-02T08:30:00 America/New_York,confirmation,confirmation_protocol_locked,4800.0,154.5,4645.5,2689.877303439043,1.7270304463555524,philadelphia_fed_employ_first_releases,0,0,,-0.010000000000000009,0.016587382039907714,-0.6028678893354557,2020-07-01,2020-07-01,federal_reserve_h15_nominal:RIFLGFCY02_N.B,0.0,0.013386898055487784,0.0,2020-07-01,2020-07-01,federal_reserve_h15_nominal:RIFLGFCY01_N.B,0.0176931651764671,0.03152081252609481,-0.5613169128118015,2020-07-01,2020-07-01,yahoo:ZT=F,0.040000000000000036,0.04600908777830845,0.869393459673385,2020-07-01,2020-07-01,derived:H15_5Y_nominal_minus_5Y_real,0.040000000000000036,0.04186708859408105,0.9554043842841994,2020-07-01,2020-07-01,derived:H15_10Y_nominal_minus_10Y_real,-0.06000000000000005,0.045234792369126295,-1.3264126319048017,2020-07-01,2020-07-01,federal_reserve_h15_real:RIFLGFCY05_XII_N.B,-0.04999999999999993,0.04124441410561259,-1.2122853744986495,2020-07-01,2020-07-01,federal_reserve_h15_real:RIFLGFCY10_XII_N.B,0.27584293272321886,0.3427004128725626,-0.8049098348352282,2020-07-01,2020-07-01,yahoo:TIP,0.21582779375089872,0.9790382312595206,0.2204487903125488,2020-07-01,2020-07-01,yahoo:GLD,0.6072237805783904,1.1750823830906996,0.5167499652077768,2020-07-01,2020-07-01,yahoo:GC=F,0.12338347098170115,0.4080803408400218,0.3023509310145149,2020-07-01,2020-07-01,yahoo:DX-Y.NYB,0.07612588281590993,0.40160008915178674,0.18955643903539518,2020-07-01,yahoo:UUP,1,"{""alfred_employment_situation_release_dates"":""b796dbd0eac6d9fd3e17ef1280bf85abe0e8b6e91df1205809e70b9ba0cf5a4b"",""federal_reserve_h15_nominal"":""dd00d34890aea66542962d4e00c3650e37e7303bdcdea95963616a6ca09fce87"",""federal_reserve_h15_real"":""5be7cb777f2a50c090ec837ab67ad98e90e36ff23935d9d8e1e1bbdb97ea0142"",""philadelphia_fed_employ_first_releases"":""8af43817875de1075966ebb668f42ddd7367db908d7897a59744917ef167f755"",""yahoo_DX-Y.NYB"":""2abdecea5830986f7a96a4a77f51a66ae7015a1d96488f3b6807200e2e1f0585"",""yahoo_GC=F"":""dde2a4acfa0b6fafad13fd03b21e79cf06b521cf30e1ed0662dd6da52c3e6f78"",""yahoo_GLD"":""cffc9bd91365864e1969d125a13ee2eeae3f44374a8337e4a94eddc8ffad287e"",""yahoo_TIP"":""9198e3f8407f96f1376cec3bff2883b5a1730e9692a4acc4b4e124d9001589b9"",""yahoo_UUP"":""a4840dacc2e010d8281489df6cb8f77cc34ce1661bdac1c6031f392e01b7aedb"",""yahoo_ZT=F"":""1f36bff6184615be1adeb576578d5ad37ce794b249c13a30005be74f8262dee4""}"
NFP_202007_REL_20200807,nfp,2020:07,2020-08-07,2020-08-07T08:30:00 America/New_York,confirmation,confirmation_protocol_locked,1763.0,154.5,1608.5,2765.2953101359512,0.5816738610535309,philadelphia_fed_employ_first_releases,0,0,,0.020000000000000004,0.013617038180660257,1.4687481767074146,2020-08-06,2020-08-06,federal_reserve_h15_nominal:RIFLGFCY02_N.B,0.0,0.009909192217102273,0.0,2020-08-06,2020-08-06,federal_reserve_h15_nominal:RIFLGFCY01_N.B,-0.021217907993884365,0.02346021186039423,0.9044209881882889,2020-08-06,2020-08-06,yahoo:ZT=F,-0.030000000000000027,0.03297790734539348,-0.9096999298892924,2020-08-06,2020-08-06,derived:H15_5Y_nominal_minus_5Y_real,-0.02000000000000024,0.02562440573928542,-0.7805059053267228,2020-08-06,2020-08-06,derived:H15_10Y_nominal_minus_10Y_real,0.050000000000000044,0.030273704351156682,1.6515983448880338,2020-08-06,2020-08-06,federal_reserve_h15_real:RIFLGFCY05_XII_N.B,0.040000000000000036,0.02651936719000271,1.5083316171691783,2020-08-06,2020-08-06,federal_reserve_h15_real:RIFLGFCY10_XII_N.B,-0.2691192540705768,0.1944969365233954,1.383668343990628,2020-08-06,2020-08-06,yahoo:TIP,-1.601282904769615,0.8430031581797907,-1.8994981089123073,2020-08-06,2020-08-06,yahoo:GLD,-2.0386772968585873,0.920010244147315,-2.2159289093004357,2020-08-06,2020-08-06,yahoo:GC=F,0.6980659976232589,0.38719305321033093,1.8028887446078627,2020-08-06,2020-08-06,yahoo:DX-Y.NYB,0.5963102376896011,0.36642195667461824,1.6273867513324893,2020-08-06,yahoo:UUP,1,"{""alfred_employment_situation_release_dates"":""b796dbd0eac6d9fd3e17ef1280bf85abe0e8b6e91df1205809e70b9ba0cf5a4b"",""federal_reserve_h15_nominal"":""dd00d34890aea66542962d4e00c3650e37e7303bdcdea95963616a6ca09fce87"",""federal_reserve_h15_real"":""5be7cb777f2a50c090ec837ab67ad98e90e36ff23935d9d8e1e1bbdb97ea0142"",""philadelphia_fed_employ_first_releases"":""8af43817875de1075966ebb668f42ddd7367db908d7897a59744917ef167f755"",""yahoo_DX-Y.NYB"":""2abdecea5830986f7a96a4a77f51a66ae7015a1d96488f3b6807200e2e1f0585"",""yahoo_GC=F"":""dde2a4acfa0b6fafad13fd03b21e79cf06b521cf30e1ed0662dd6da52c3e6f78"",""yahoo_GLD"":""cffc9bd91365864e1969d125a13ee2eeae3f44374a8337e4a94eddc8ffad287e"",""yahoo_TIP"":""9198e3f8407f96f1376cec3bff2883b5a1730e9692a4acc4b4e124d9001589b9"",""yahoo_UUP"":""a4840dacc2e010d8281489df6cb8f77cc34ce1661bdac1c6031f392e01b7aedb"",""yahoo_ZT=F"":""1f36bff6184615be1adeb576578d5ad37ce794b249c13a30005be74f8262dee4""}"
NFP_202008_REL_20200904,nfp,2020:08,2020-09-04,2020-09-04T08:30:00 America/New_York,confirmation,confirmation_protocol_locked,1371.0,185.0,1186.0,2775.5577522649737,0.4273015032860236,philadelphia_fed_employ_first_releases,0,0,,0.010000000000000009,0.012469171022513907,0.8019779327706992,2020-09-03,2020-09-03,federal_reserve_h15_nominal:RIFLGFCY02_N.B,0.010000000000000009,0.010528411923320567,0.949810861583966,2020-09-03,2020-09-03,federal_reserve_h15_nominal:RIFLGFCY01_N.B,-0.038916701062530805,0.019801305823706906,1.9653603357783702,2020-09-03,2020-09-03,yahoo:ZT=F,0.040000000000000036,0.03598924823750235,1.1114430547709608,2020-09-03,2020-09-03,derived:H15_5Y_nominal_minus_5Y_real,0.050000000000000044,0.027430446196354017,1.8227920771717492,2020-09-03,2020-09-03,derived:H15_10Y_nominal_minus_10Y_real,0.020000000000000018,0.03313898143267955,0.6035188510735968,2020-09-03,2020-09-03,federal_reserve_h15_real:RIFLGFCY05_XII_N.B,0.040000000000000036,0.025456288002575257,1.5713210031232159,2020-09-03,2020-09-03,federal_reserve_h15_real:RIFLGFCY10_XII_N.B,-0.3084076683514364,0.1981457619654001,1.5564686586902126,2020-09-03,2020-09-03,yahoo:TIP,0.27564932922231994,1.2238216701694147,0.22523651602292805,2020-09-03,2020-09-03,yahoo:GLD,-0.19213045878463264,1.1557509993850505,-0.16623862656131033,2020-09-03,2020-09-03,yahoo:GC=F,-0.021564373172236046,0.3806330348646449,-0.05665397166566073,2020-09-03,2020-09-03,yahoo:DX-Y.NYB,0.15956594679661387,0.38120557476022704,0.4185824063485394,2020-09-03,yahoo:UUP,1,"{""alfred_employment_situation_release_dates"":""b796dbd0eac6d9fd3e17ef1280bf85abe0e8b6e91df1205809e70b9ba0cf5a4b"",""federal_reserve_h15_nominal"":""dd00d34890aea66542962d4e00c3650e37e7303bdcdea95963616a6ca09fce87"",""federal_reserve_h15_real"":""5be7cb777f2a50c090ec837ab67ad98e90e36ff23935d9d8e1e1bbdb97ea0142"",""philadelphia_fed_employ_first_releases"":""8af43817875de1075966ebb668f42ddd7367db908d7897a59744917ef167f755"",""yahoo_DX-Y.NYB"":""2abdecea5830986f7a96a4a77f51a66ae7015a1d96488f3b6807200e2e1f0585"",""yahoo_GC=F"":""dde2a4acfa0b6fafad13fd03b21e79cf06b521cf30e1ed0662dd6da52c3e6f78"",""yahoo_GLD"":""cffc9bd91365864e1969d125a13ee2eeae3f44374a8337e4a94eddc8ffad287e"",""yahoo_TIP"":""9198e3f8407f96f1376cec3bff2883b5a1730e9692a4acc4b4e124d9001589b9"",""yahoo_UUP"":""a4840dacc2e010d8281489df6cb8f77cc34ce1661bdac1c6031f392e01b7aedb"",""yahoo_ZT=F"":""1f36bff6184615be1adeb576578d5ad37ce794b249c13a30005be74f8262dee4""}"
NFP_202009_REL_20201002,nfp,2020:09,2020-10-02,2020-10-02T08:30:00 America/New_York,confirmation,confirmation_protocol_locked,661.0,245.5,415.5,2781.448805641397,0.14938258045852706,philadelphia_fed_employ_first_releases,0,0,,-0.010000000000000009,0.01301455074420344,-0.7683707410687162,2020-10-01,2020-10-01,federal_reserve_h15_nominal:RIFLGFCY02_N.B,0.0,0.011111911458933898,0.0,2020-10-01,2020-10-01,federal_reserve_h15_nominal:RIFLGFCY01_N.B,-0.010608766387231296,0.015548709013992626,0.6822924255437691,2020-10-01,2020-10-01,yahoo:ZT=F,0.0,0.03231684593325047,0.0,2020-10-01,2020-10-01,derived:H15_5Y_nominal_minus_5Y_real,0.010000000000000009,0.02628558927225772,0.3804365919448565,2020-10-01,2020-10-01,derived:H15_10Y_nominal_minus_10Y_real,0.010000000000000009,0.02848530198854369,0.351058240633076,2020-10-01,2020-10-01,federal_reserve_h15_real:RIFLGFCY05_XII_N.B,0.010000000000000009,0.024263152412078527,0.41214759855450084,2020-10-01,2020-10-01,federal_reserve_h15_real:RIFLGFCY10_XII_N.B,0.01586011337626707,0.19178178234786394,-0.08269874845306818,2020-10-01,2020-10-01,yahoo:TIP,-0.08957769408936138,1.2969457744583794,-0.0690681876247063,2020-10-01,2020-10-01,yahoo:GLD,-0.4306089358559664,1.2395161497230711,-0.3474008272923041,2020-10-01,2020-10-01,yahoo:GC=F,0.13862679542446296,0.35968934512997863,0.38540701108165515,2020-10-01,2020-10-01,yahoo:DX-Y.NYB,0.23677686988033947,0.3628531694283725,0.6525418263628517,2020-10-01,yahoo:UUP,1,"{""alfred_employment_situation_release_dates"":""b796dbd0eac6d9fd3e17ef1280bf85abe0e8b6e91df1205809e70b9ba0cf5a4b"",""federal_reserve_h15_nominal"":""dd00d34890aea66542962d4e00c3650e37e7303bdcdea95963616a6ca09fce87"",""federal_reserve_h15_real"":""5be7cb777f2a50c090ec837ab67ad98e90e36ff23935d9d8e1e1bbdb97ea0142"",""philadelphia_fed_employ_first_releases"":""8af43817875de1075966ebb668f42ddd7367db908d7897a59744917ef167f755"",""yahoo_DX-Y.NYB"":""2abdecea5830986f7a96a4a77f51a66ae7015a1d96488f3b6807200e2e1f0585"",""yahoo_GC=F"":""dde2a4acfa0b6fafad13fd03b21e79cf06b521cf30e1ed0662dd6da52c3e6f78"",""yahoo_GLD"":""cffc9bd91365864e1969d125a13ee2eeae3f44374a8337e4a94eddc8ffad287e"",""yahoo_TIP"":""9198e3f8407f96f1376cec3bff2883b5a1730e9692a4acc4b4e124d9001589b9"",""yahoo_UUP"":""a4840dacc2e010d8281489df6cb8f77cc34ce1661bdac1c6031f392e01b7aedb"",""yahoo_ZT=F"":""1f36bff6184615be1adeb576578d5ad37ce794b249c13a30005be74f8262dee4""}"
NFP_202010_REL_20201106,nfp,2020:10,2020-11-06,2020-11-06T08:30:00 America/New_York,confirmation,confirmation_protocol_locked,638.0,269.5,368.5,2782.5593413883303,0.13243203640578627,philadelphia_fed_employ_first_releases,0,0,,0.01999999999999999,0.014375905768565216,1.391216687280504,2020-11-05,2020-11-05,federal_reserve_h15_nominal:RIFLGFCY02_N.B,0.0,0.009641893055563068,0.0,2020-11-05,2020-11-05,federal_reserve_h15_nominal:RIFLGFCY01_N.B,-0.01061364562033654,0.01506860598846271,0.7043548440023507,2020-11-05,2020-11-05,yahoo:ZT=F,-0.010000000000000009,0.034212281800381314,-0.2922926935521896,2020-11-05,2020-11-05,derived:H15_5Y_nominal_minus_5Y_real,-0.010000000000000231,0.02812954294759653,-0.35549813299951466,2020-11-05,2020-11-05,derived:H15_10Y_nominal_minus_10Y_real,0.040000000000000036,0.028073249627229995,1.4248439539824966,2020-11-05,2020-11-05,federal_reserve_h15_real:RIFLGFCY05_XII_N.B,0.050000000000000044,0.024342193263577474,2.0540466283625154,2020-11-05,2020-11-05,federal_reserve_h15_real:RIFLGFCY10_XII_N.B,-0.4549056753042784,0.20105640014330484,2.2625774408575907,2020-11-05,2020-11-05,yahoo:TIP,0.14203529597109255,1.0462294862340047,0.13575921711245315,2020-11-05,2020-11-05,yahoo:GLD,0.25670000104109963,1.0783830621829371,0.2380415735772684,2020-11-05,2020-11-05,yahoo:GC=F,-0.3247409423384976,0.37083953506535977,-0.8756912670631588,2020-11-05,2020-11-05,yahoo:DX-Y.NYB,-0.36094754275529717,0.3798527868985622,-0.9502300765051025,2020-11-05,yahoo:UUP,1,"{""alfred_employment_situation_release_dates"":""b796dbd0eac6d9fd3e17ef1280bf85abe0e8b6e91df1205809e70b9ba0cf5a4b"",""federal_reserve_h15_nominal"":""dd00d34890aea66542962d4e00c3650e37e7303bdcdea95963616a6ca09fce87"",""federal_reserve_h15_real"":""5be7cb777f2a50c090ec837ab67ad98e90e36ff23935d9d8e1e1bbdb97ea0142"",""philadelphia_fed_employ_first_releases"":""8af43817875de1075966ebb668f42ddd7367db908d7897a59744917ef167f755"",""yahoo_DX-Y.NYB"":""2abdecea5830986f7a96a4a77f51a66ae7015a1d96488f3b6807200e2e1f0585"",""yahoo_GC=F"":""dde2a4acfa0b6fafad13fd03b21e79cf06b521cf30e1ed0662dd6da52c3e6f78"",""yahoo_GLD"":""cffc9bd91365864e1969d125a13ee2eeae3f44374a8337e4a94eddc8ffad287e"",""yahoo_TIP"":""9198e3f8407f96f1376cec3bff2883b5a1730e9692a4acc4b4e124d9001589b9"",""yahoo_UUP"":""a4840dacc2e010d8281489df6cb8f77cc34ce1661bdac1c6031f392e01b7aedb"",""yahoo_ZT=F"":""1f36bff6184615be1adeb576578d5ad37ce794b249c13a30005be74f8262dee4""}"
NFP_202011_REL_20201204,nfp,2020:11,2020-12-04,2020-12-04T08:30:00 America/New_York,confirmation,confirmation_protocol_locked,245.0,455.5,-210.5,2783.337107951025,-0.07562863995118478,philadelphia_fed_employ_first_releases,0,0,,0.0,0.014725357659224796,0.0,2020-12-03,2020-12-03,federal_reserve_h15_nominal:RIFLGFCY02_N.B,0.009999999999999995,0.008911048179704617,1.122202438852875,2020-12-03,2020-12-03,federal_reserve_h15_nominal:RIFLGFCY01_N.B,0.003537756708840126,0.015828681861668935,-0.22350292587579457,2020-12-03,2020-12-03,yahoo:ZT=F,0.050000000000000044,0.032197747052460646,1.5529036835569183,2020-12-03,2020-12-03,derived:H15_5Y_nominal_minus_5Y_real,0.03000000000000025,0.02609413640652359,1.1496835738353919,2020-12-03,2020-12-03,derived:H15_10Y_nominal_minus_10Y_real,-0.030000000000000027,0.024803749488747983,-1.2094945570067654,2020-12-03,2020-12-03,federal_reserve_h15_real:RIFLGFCY05_XII_N.B,0.019999999999999907,0.02406676213261814,0.8310216343100647,2020-12-03,2020-12-03,federal_reserve_h15_real:RIFLGFCY10_XII_N.B,-0.2137763200820346,0.17528587543706892,1.2195866868850167,2020-12-03,2020-12-03,yahoo:TIP,-0.283945502654119,1.0710149735530679,-0.2651181446251272,2020-12-03,2020-12-03,yahoo:GLD,-0.049011594419929735,1.2003160513546063,-0.04083224111234547,2020-12-03,2020-12-03,yahoo:GC=F,-0.011027105958152142,0.332677106062141,-0.03314657292976566,2020-12-03,2020-12-03,yahoo:DX-Y.NYB,0.12265917328075739,0.362972185954476,0.3379299517350382,2020-12-03,yahoo:UUP,1,"{""alfred_employment_situation_release_dates"":""b796dbd0eac6d9fd3e17ef1280bf85abe0e8b6e91df1205809e70b9ba0cf5a4b"",""federal_reserve_h15_nominal"":""dd00d34890aea66542962d4e00c3650e37e7303bdcdea95963616a6ca09fce87"",""federal_reserve_h15_real"":""5be7cb777f2a50c090ec837ab67ad98e90e36ff23935d9d8e1e1bbdb97ea0142"",""philadelphia_fed_employ_first_releases"":""8af43817875de1075966ebb668f42ddd7367db908d7897a59744917ef167f755"",""yahoo_DX-Y.NYB"":""2abdecea5830986f7a96a4a77f51a66ae7015a1d96488f3b6807200e2e1f0585"",""yahoo_GC=F"":""dde2a4acfa0b6fafad13fd03b21e79cf06b521cf30e1ed0662dd6da52c3e6f78"",""yahoo_GLD"":""cffc9bd91365864e1969d125a13ee2eeae3f44374a8337e4a94eddc8ffad287e"",""yahoo_TIP"":""9198e3f8407f96f1376cec3bff2883b5a1730e9692a4acc4b4e124d9001589b9"",""yahoo_UUP"":""a4840dacc2e010d8281489df6cb8f77cc34ce1661bdac1c6031f392e01b7aedb"",""yahoo_ZT=F"":""1f36bff6184615be1adeb576578d5ad37ce794b249c13a30005be74f8262dee4""}"
NFP_202012_REL_20210108,nfp,2020:12,2021-01-08,2021-01-08T08:30:00 America/New_York,confirmation,confirmation_protocol_locked,-140.0,455.5,-595.5,2783.2580390370576,-0.2139578837634577,philadelphia_fed_employ_first_releases,0,0,,0.0,0.014785662623265807,0.0,2021-01-07,2021-01-07,federal_reserve_h15_nominal:RIFLGFCY02_N.B,-0.009999999999999995,0.0078040985899884615,-1.2813779688571028,2021-01-07,2021-01-07,federal_reserve_h15_nominal:RIFLGFCY01_N.B,0.0,0.0166172199255911,-0.0,2021-01-07,2021-01-07,yahoo:ZT=F,-0.019999999999999574,0.03014606625638682,-0.6634364772472535,2021-01-07,2021-01-07,derived:H15_5Y_nominal_minus_5Y_real,-0.029999999999999805,0.02358480311245162,-1.2720055307208087,2021-01-07,2021-01-07,derived:H15_10Y_nominal_minus_10Y_real,0.04999999999999982,0.023554240804725717,2.1227599910572477,2021-01-07,2021-01-07,federal_reserve_h15_real:RIFLGFCY05_XII_N.B,0.07999999999999996,0.022706055838727528,3.5232891422539216,2021-01-07,2021-01-07,federal_reserve_h15_real:RIFLGFCY10_XII_N.B,-0.39357526730033143,0.17032388147529193,2.310746231775052,2021-01-07,2021-01-07,yahoo:TIP,-3.480879472366203,1.0800770885074464,-3.2228065102060577,2021-01-07,2021-01-07,yahoo:GLD,-4.175284695685226,1.2223366997427338,-3.4158220861436965,2021-01-07,2021-01-07,yahoo:GC=F,0.3001132054229774,0.33586765003519964,0.8935460303828753,2021-01-07,2021-01-07,yahoo:DX-Y.NYB,0.16495244890499716,0.35933384789139233,0.45905068468488275,2021-01-07,yahoo:UUP,1,"{""alfred_employment_situation_release_dates"":""b796dbd0eac6d9fd3e17ef1280bf85abe0e8b6e91df1205809e70b9ba0cf5a4b"",""federal_reserve_h15_nominal"":""dd00d34890aea66542962d4e00c3650e37e7303bdcdea95963616a6ca09fce87"",""federal_reserve_h15_real"":""5be7cb777f2a50c090ec837ab67ad98e90e36ff23935d9d8e1e1bbdb97ea0142"",""philadelphia_fed_employ_first_releases"":""8af43817875de1075966ebb668f42ddd7367db908d7897a59744917ef167f755"",""yahoo_DX-Y.NYB"":""2abdecea5830986f7a96a4a77f51a66ae7015a1d96488f3b6807200e2e1f0585"",""yahoo_GC=F"":""dde2a4acfa0b6fafad13fd03b21e79cf06b521cf30e1ed0662dd6da52c3e6f78"",""yahoo_GLD"":""cffc9bd91365864e1969d125a13ee2eeae3f44374a8337e4a94eddc8ffad287e"",""yahoo_TIP"":""9198e3f8407f96f1376cec3bff2883b5a1730e9692a4acc4b4e124d9001589b9"",""yahoo_UUP"":""a4840dacc2e010d8281489df6cb8f77cc34ce1661bdac1c6031f392e01b7aedb"",""yahoo_ZT=F"":""1f36bff6184615be1adeb576578d5ad37ce794b249c13a30005be74f8262dee4""}"
NFP_202101_REL_20210205,nfp,2021:01,2021-02-05,2021-02-05T08:30:00 America/New_York,confirmation,confirmation_protocol_locked,49.0,455.5,-406.5,2783.529602746198,-0.14603760621009806,philadelphia_fed_employ_first_releases,0,0,,-0.020000000000000004,0.012943816009251518,-1.5451393921008394,2021-02-04,2021-02-04,federal_reserve_h15_nominal:RIFLGFCY02_N.B,-0.010000000000000009,0.00787436662326019,-1.2699434098560871,2021-02-04,2021-02-04,federal_reserve_h15_nominal:RIFLGFCY01_N.B,0.01767627671510173,0.014919291045164457,-1.1847933431683302,2021-02-04,2021-02-04,yahoo:ZT=F,0.03000000000000025,0.02643615056125181,1.1348096966875378,2021-02-04,2021-02-04,derived:H15_5Y_nominal_minus_5Y_real,0.040000000000000036,0.022611306606224187,1.769026474082187,2021-02-04,2021-02-04,derived:H15_10Y_nominal_minus_10Y_real,-0.020000000000000018,0.021661885608958258,-0.9232806580664904,2021-02-04,2021-02-04,federal_reserve_h15_real:RIFLGFCY05_XII_N.B,0.0,0.025685516594218312,0.0,2021-02-04,2021-02-04,federal_reserve_h15_real:RIFLGFCY10_XII_N.B,-0.023464602189114,0.16197726516230346,0.14486355332399362,2021-02-04,2021-02-04,yahoo:TIP,0.9823748692690917,1.1594344242838213,0.8472879955034122,2021-02-04,2021-02-04,yahoo:GLD,1.2223053284327792,1.3042870874058714,0.9371443911660985,2021-02-04,2021-02-04,yahoo:GC=F,-0.5367793625702383,0.31546512384460274,-1.7015489890877902,2021-02-04,2021-02-04,yahoo:DX-Y.NYB,-0.5690939375534078,0.34340192494146143,-1.6572240754049916,2021-02-04,yahoo:UUP,1,"{""alfred_employment_situation_release_dates"":""b796dbd0eac6d9fd3e17ef1280bf85abe0e8b6e91df1205809e70b9ba0cf5a4b"",""federal_reserve_h15_nominal"":""dd00d34890aea66542962d4e00c3650e37e7303bdcdea95963616a6ca09fce87"",""federal_reserve_h15_real"":""5be7cb777f2a50c090ec837ab67ad98e90e36ff23935d9d8e1e1bbdb97ea0142"",""philadelphia_fed_employ_first_releases"":""8af43817875de1075966ebb668f42ddd7367db908d7897a59744917ef167f755"",""yahoo_DX-Y.NYB"":""2abdecea5830986f7a96a4a77f51a66ae7015a1d96488f3b6807200e2e1f0585"",""yahoo_GC=F"":""dde2a4acfa0b6fafad13fd03b21e79cf06b521cf30e1ed0662dd6da52c3e6f78"",""yahoo_GLD"":""cffc9bd91365864e1969d125a13ee2eeae3f44374a8337e4a94eddc8ffad287e"",""yahoo_TIP"":""9198e3f8407f96f1376cec3bff2883b5a1730e9692a4acc4b4e124d9001589b9"",""yahoo_UUP"":""a4840dacc2e010d8281489df6cb8f77cc34ce1661bdac1c6031f392e01b7aedb"",""yahoo_ZT=F"":""1f36bff6184615be1adeb576578d5ad37ce794b249c13a30005be74f8262dee4""}"
NFP_202102_REL_20210305,nfp,2021:02,2021-03-05,2021-03-05T08:30:00 America/New_York,confirmation,confirmation_protocol_locked,379.0,455.5,-76.5,2783.600457004792,-0.027482392384112295,philadelphia_fed_employ_first_releases,0,0,,0.0,0.014138140105746497,0.0,2021-03-04,2021-03-04,federal_reserve_h15_nominal:RIFLGFCY02_N.B,0.0,0.008718769933456346,0.0,2021-03-04,2021-03-04,federal_reserve_h15_nominal:RIFLGFCY01_N.B,0.01061026721185641,0.0186889844568435,-0.5677283983170718,2021-03-04,2021-03-04,yahoo:ZT=F,0.0,0.0252445664568283,0.0,2021-03-04,2021-03-04,derived:H15_5Y_nominal_minus_5Y_real,0.020000000000000018,0.02119255279066939,0.9437277423607774,2021-03-04,2021-03-04,derived:H15_10Y_nominal_minus_10Y_real,0.020000000000000018,0.043032965946958504,0.46475997087097326,2021-03-04,2021-03-04,federal_reserve_h15_real:RIFLGFCY05_XII_N.B,0.0,0.04089534666109427,0.0,2021-03-04,2021-03-04,federal_reserve_h15_real:RIFLGFCY10_XII_N.B,0.10383733370972728,0.2972127278070036,-0.3493704138308455,2021-03-04,2021-03-04,yahoo:TIP,0.06286134207733884,1.0482940469592965,0.05996537160510999,2021-03-04,2021-03-04,yahoo:GLD,-0.12947745929176704,1.1506529768459188,-0.11252520255644814,2021-03-04,2021-03-04,yahoo:GC=F,0.3812499605701192,0.34893127200201024,1.0926219320575048,2021-03-04,2021-03-04,yahoo:DX-Y.NYB,0.3640132082547308,0.3505269838608354,1.0384741404081166,2021-03-04,yahoo:UUP,1,"{""alfred_employment_situation_release_dates"":""b796dbd0eac6d9fd3e17ef1280bf85abe0e8b6e91df1205809e70b9ba0cf5a4b"",""federal_reserve_h15_nominal"":""dd00d34890aea66542962d4e00c3650e37e7303bdcdea95963616a6ca09fce87"",""federal_reserve_h15_real"":""5be7cb777f2a50c090ec837ab67ad98e90e36ff23935d9d8e1e1bbdb97ea0142"",""philadelphia_fed_employ_first_releases"":""8af43817875de1075966ebb668f42ddd7367db908d7897a59744917ef167f755"",""yahoo_DX-Y.NYB"":""2abdecea5830986f7a96a4a77f51a66ae7015a1d96488f3b6807200e2e1f0585"",""yahoo_GC=F"":""dde2a4acfa0b6fafad13fd03b21e79cf06b521cf30e1ed0662dd6da52c3e6f78"",""yahoo_GLD"":""cffc9bd91365864e1969d125a13ee2eeae3f44374a8337e4a94eddc8ffad287e"",""yahoo_TIP"":""9198e3f8407f96f1376cec3bff2883b5a1730e9692a4acc4b4e124d9001589b9"",""yahoo_UUP"":""a4840dacc2e010d8281489df6cb8f77cc34ce1661bdac1c6031f392e01b7aedb"",""yahoo_ZT=F"":""1f36bff6184615be1adeb576578d5ad37ce794b249c13a30005be74f8262dee4""}"
NFP_202103_REL_20210402,nfp,2021:03,2021-04-02,2021-04-02T08:30:00 America/New_York,confirmation,confirmation_protocol_locked,916.0,508.5,407.5,2783.4905967995924,0.14639891382012793,philadelphia_fed_employ_first_releases,0,0,,0.01999999999999999,0.013637767433307102,1.466515696048211,2021-04-01,2021-04-01,federal_reserve_h15_nominal:RIFLGFCY02_N.B,0.010000000000000009,0.009719222028339419,1.0288889348182286,2021-04-01,2021-04-01,federal_reserve_h15_nominal:RIFLGFCY01_N.B,,,,,,yahoo:ZT=F,0.03000000000000025,0.03001129730787547,0.9996235648276272,2021-04-01,2021-04-01,derived:H15_5Y_nominal_minus_5Y_real,0.009999999999999787,0.023250053155883556,0.430106543540062,2021-04-01,2021-04-01,derived:H15_10Y_nominal_minus_10Y_real,0.039999999999999813,0.05217203181739045,0.7666943112356736,2021-04-01,2021-04-01,federal_reserve_h15_real:RIFLGFCY05_XII_N.B,0.020000000000000018,0.04855511167793251,0.4119030789726241,2021-04-01,2021-04-01,federal_reserve_h15_real:RIFLGFCY10_XII_N.B,,,,,,yahoo:TIP,,,,,,yahoo:GLD,,,,,,yahoo:GC=F,,,,,,yahoo:DX-Y.NYB,,,,,yahoo:UUP,0,"{""alfred_employment_situation_release_dates"":""b796dbd0eac6d9fd3e17ef1280bf85abe0e8b6e91df1205809e70b9ba0cf5a4b"",""federal_reserve_h15_nominal"":""dd00d34890aea66542962d4e00c3650e37e7303bdcdea95963616a6ca09fce87"",""federal_reserve_h15_real"":""5be7cb777f2a50c090ec837ab67ad98e90e36ff23935d9d8e1e1bbdb97ea0142"",""philadelphia_fed_employ_first_releases"":""8af43817875de1075966ebb668f42ddd7367db908d7897a59744917ef167f755"",""yahoo_DX-Y.NYB"":""2abdecea5830986f7a96a4a77f51a66ae7015a1d96488f3b6807200e2e1f0585"",""yahoo_GC=F"":""dde2a4acfa0b6fafad13fd03b21e79cf06b521cf30e1ed0662dd6da52c3e6f78"",""yahoo_GLD"":""cffc9bd91365864e1969d125a13ee2eeae3f44374a8337e4a94eddc8ffad287e"",""yahoo_TIP"":""9198e3f8407f96f1376cec3bff2883b5a1730e9692a4acc4b4e124d9001589b9"",""yahoo_UUP"":""a4840dacc2e010d8281489df6cb8f77cc34ce1661bdac1c6031f392e01b7aedb"",""yahoo_ZT=F"":""1f36bff6184615be1adeb576578d5ad37ce794b249c13a30005be74f8262dee4""}"
NFP_202104_REL_20210507,nfp,2021:04,2021-05-07,2021-05-07T08:30:00 America/New_York,confirmation,confirmation_protocol_locked,266.0,649.5,-383.5,2784.510801601834,-0.13772616711681834,philadelphia_fed_employ_first_releases,0,0,,-0.01999999999999999,0.013813732625165002,-1.4478345963903507,2021-05-06,2021-05-06,federal_reserve_h15_nominal:RIFLGFCY02_N.B,0.0,0.009199606967777588,0.0,2021-05-06,2021-05-06,federal_reserve_h15_nominal:RIFLGFCY01_N.B,0.02122766680534849,0.02446586410531783,-0.8676442701541248,2021-05-06,2021-05-06,yahoo:ZT=F,-0.010000000000000231,0.03330860664807458,-0.30022270537030366,2021-05-06,2021-05-06,derived:H15_5Y_nominal_minus_5Y_real,0.040000000000000036,0.02180032654086026,1.8348349014418752,2021-05-06,2021-05-06,derived:H15_10Y_nominal_minus_10Y_real,-0.029999999999999805,0.056358417174728004,-0.5323073553856348,2021-05-06,2021-05-06,federal_reserve_h15_real:RIFLGFCY05_XII_N.B,-0.020000000000000018,0.049488627923850455,-0.4041332491734178,2021-05-06,2021-05-06,federal_reserve_h15_real:RIFLGFCY10_XII_N.B,0.21151269584390314,0.369023661880589,-0.5731683837453918,2021-05-06,2021-05-06,yahoo:TIP,0.895658735382193,0.9100454141817896,0.9841912518041405,2021-05-06,2021-05-06,yahoo:GLD,0.855595396027406,0.9258767353851872,0.9240921208280036,2021-05-06,2021-05-06,yahoo:GC=F,-0.7947868199300788,0.3316257801100943,-2.3966376186622846,2021-05-06,2021-05-06,yahoo:DX-Y.NYB,-0.7389191708282352,0.35126744132025145,-2.1035800188340277,2021-05-06,yahoo:UUP,1,"{""alfred_employment_situation_release_dates"":""b796dbd0eac6d9fd3e17ef1280bf85abe0e8b6e91df1205809e70b9ba0cf5a4b"",""federal_reserve_h15_nominal"":""dd00d34890aea66542962d4e00c3650e37e7303bdcdea95963616a6ca09fce87"",""federal_reserve_h15_real"":""5be7cb777f2a50c090ec837ab67ad98e90e36ff23935d9d8e1e1bbdb97ea0142"",""philadelphia_fed_employ_first_releases"":""8af43817875de1075966ebb668f42ddd7367db908d7897a59744917ef167f755"",""yahoo_DX-Y.NYB"":""2abdecea5830986f7a96a4a77f51a66ae7015a1d96488f3b6807200e2e1f0585"",""yahoo_GC=F"":""dde2a4acfa0b6fafad13fd03b21e79cf06b521cf30e1ed0662dd6da52c3e6f78"",""yahoo_GLD"":""cffc9bd91365864e1969d125a13ee2eeae3f44374a8337e4a94eddc8ffad287e"",""yahoo_TIP"":""9198e3f8407f96f1376cec3bff2883b5a1730e9692a4acc4b4e124d9001589b9"",""yahoo_UUP"":""a4840dacc2e010d8281489df6cb8f77cc34ce1661bdac1c6031f392e01b7aedb"",""yahoo_ZT=F"":""1f36bff6184615be1adeb576578d5ad37ce794b249c13a30005be74f8262dee4""}"
NFP_202105_REL_20210604,nfp,2021:05,2021-06-04,2021-06-04T08:30:00 America/New_York,confirmation,confirmation_protocol_locked,559.0,649.5,-90.5,2784.5433841841923,-0.03250084035825301,philadelphia_fed_employ_first_releases,0,0,,-0.01999999999999999,0.012888044650576524,-1.5518257844571732,2021-06-03,2021-06-03,federal_reserve_h15_nominal:RIFLGFCY02_N.B,0.010000000000000002,0.007782350014707154,1.2849589110104163,2021-06-03,2021-06-03,federal_reserve_h15_nominal:RIFLGFCY01_N.B,0.014150275953991542,0.019551933250025192,-0.7237277139319873,2021-06-03,2021-06-03,yahoo:ZT=F,-0.020000000000000018,0.0355501555456799,-0.5625854428203886,2021-06-03,2021-06-03,derived:H15_5Y_nominal_minus_5Y_real,-0.020000000000000018,0.02413708495358332,-0.8286004726113738,2021-06-03,2021-06-03,derived:H15_10Y_nominal_minus_10Y_real,-0.040000000000000036,0.04404511041435165,-0.9081598303126616,2021-06-03,2021-06-03,federal_reserve_h15_real:RIFLGFCY05_XII_N.B,-0.04999999999999993,0.03717571651367441,-1.3449639896411503,2021-06-03,2021-06-03,federal_reserve_h15_real:RIFLGFCY10_XII_N.B,0.47965086877482277,0.2705302734283439,-1.7730025652817345,2021-06-03,2021-06-03,yahoo:TIP,1.0725633264657355,0.7467372569242238,1.436332949133373,2021-06-03,2021-06-03,yahoo:GLD,0.989111901082882,0.7544463351686441,1.3110434168412817,2021-06-03,2021-06-03,yahoo:GC=F,-0.3985840214529354,0.33787970889193997,-1.179662498112338,2021-06-03,2021-06-03,yahoo:DX-Y.NYB,-0.37059025212451685,0.3545837919404419,-1.0451415449546648,2021-06-03,yahoo:UUP,1,"{""alfred_employment_situation_release_dates"":""b796dbd0eac6d9fd3e17ef1280bf85abe0e8b6e91df1205809e70b9ba0cf5a4b"",""federal_reserve_h15_nominal"":""dd00d34890aea66542962d4e00c3650e37e7303bdcdea95963616a6ca09fce87"",""federal_reserve_h15_real"":""5be7cb777f2a50c090ec837ab67ad98e90e36ff23935d9d8e1e1bbdb97ea0142"",""philadelphia_fed_employ_first_releases"":""8af43817875de1075966ebb668f42ddd7367db908d7897a59744917ef167f755"",""yahoo_DX-Y.NYB"":""2abdecea5830986f7a96a4a77f51a66ae7015a1d96488f3b6807200e2e1f0585"",""yahoo_GC=F"":""dde2a4acfa0b6fafad13fd03b21e79cf06b521cf30e1ed0662dd6da52c3e6f78"",""yahoo_GLD"":""cffc9bd91365864e1969d125a13ee2eeae3f44374a8337e4a94eddc8ffad287e"",""yahoo_TIP"":""9198e3f8407f96f1376cec3bff2883b5a1730e9692a4acc4b4e124d9001589b9"",""yahoo_UUP"":""a4840dacc2e010d8281489df6cb8f77cc34ce1661bdac1c6031f392e01b7aedb"",""yahoo_ZT=F"":""1f36bff6184615be1adeb576578d5ad37ce794b249c13a30005be74f8262dee4""}"
NFP_202106_REL_20210702,nfp,2021:06,2021-07-02,2021-07-02T08:30:00 America/New_York,confirmation,confirmation_protocol_locked,850.0,598.5,251.5,2784.5818128758347,0.0903187684545918,philadelphia_fed_employ_first_releases,0,0,,-0.010000000000000009,0.01603227676610795,-0.6237417271350938,2021-07-01,2021-07-01,federal_reserve_h15_nominal:RIFLGFCY02_N.B,-0.009999999999999995,0.008114644639607987,-1.2323398551785611,2021-07-01,2021-07-01,federal_reserve_h15_nominal:RIFLGFCY01_N.B,0.03191206480411123,0.025134343301958618,-1.2696597806724657,2021-07-01,2021-07-01,yahoo:ZT=F,-4.440892098500626e-16,0.03892046068441388,-1.1410173519038098e-14,2021-07-01,2021-07-01,derived:H15_5Y_nominal_minus_5Y_real,-0.020000000000000018,0.028373517532641983,-0.7048826419562273,2021-07-01,2021-07-01,derived:H15_10Y_nominal_minus_10Y_real,-0.029999999999999805,0.04789465841912588,-0.6263746520012728,2021-07-01,2021-07-01,federal_reserve_h15_real:RIFLGFCY05_XII_N.B,-0.020000000000000018,0.037272473598294935,-0.5365890178245357,2021-07-01,2021-07-01,federal_reserve_h15_real:RIFLGFCY10_XII_N.B,0.4233367570844983,0.26582771442961384,-1.592523029409674,2021-07-01,2021-07-01,yahoo:TIP,0.6536929150695973,0.8468480866725163,0.7719128440593456,2021-07-01,2021-07-01,yahoo:GLD,0.37656085928761485,0.9350413653640671,0.4027210701432416,2021-07-01,2021-07-01,yahoo:GC=F,-0.40036315289176655,0.3465106506095451,-1.1554136999468552,2021-07-01,2021-07-01,yahoo:DX-Y.NYB,-0.4024158181856937,0.35988463427510264,-1.1181800495490992,2021-07-01,yahoo:UUP,1,"{""alfred_employment_situation_release_dates"":""b796dbd0eac6d9fd3e17ef1280bf85abe0e8b6e91df1205809e70b9ba0cf5a4b"",""federal_reserve_h15_nominal"":""dd00d34890aea66542962d4e00c3650e37e7303bdcdea95963616a6ca09fce87"",""federal_reserve_h15_real"":""5be7cb777f2a50c090ec837ab67ad98e90e36ff23935d9d8e1e1bbdb97ea0142"",""philadelphia_fed_employ_first_releases"":""8af43817875de1075966ebb668f42ddd7367db908d7897a59744917ef167f755"",""yahoo_DX-Y.NYB"":""2abdecea5830986f7a96a4a77f51a66ae7015a1d96488f3b6807200e2e1f0585"",""yahoo_GC=F"":""dde2a4acfa0b6fafad13fd03b21e79cf06b521cf30e1ed0662dd6da52c3e6f78"",""yahoo_GLD"":""cffc9bd91365864e1969d125a13ee2eeae3f44374a8337e4a94eddc8ffad287e"",""yahoo_TIP"":""9198e3f8407f96f1376cec3bff2883b5a1730e9692a4acc4b4e124d9001589b9"",""yahoo_UUP"":""a4840dacc2e010d8281489df6cb8f77cc34ce1661bdac1c6031f392e01b7aedb"",""yahoo_ZT=F"":""1f36bff6184615be1adeb576578d5ad37ce794b249c13a30005be74f8262dee4""}"
NFP_202107_REL_20210806,nfp,2021:07,2021-08-06,2021-08-06T08:30:00 America/New_York,confirmation,confirmation_protocol_locked,943.0,598.5,344.5,2784.978603654027,0.12369933454713054,philadelphia_fed_employ_first_releases,0,0,,0.0,0.019596927004573928,0.0,2021-08-05,2021-08-05,federal_reserve_h15_nominal:RIFLGFCY02_N.B,0.009999999999999995,0.00832089467158389,1.2017938448554457,2021-08-05,2021-08-05,federal_reserve_h15_nominal:RIFLGFCY01_N.B,-0.017708831440495332,0.029684370343437353,0.5965708969269216,2021-08-05,2021-08-05,yahoo:ZT=F,0.040000000000000036,0.042144491835712,0.9491157268173588,2021-08-05,2021-08-05,derived:H15_5Y_nominal_minus_5Y_real,0.040000000000000036,0.03428033318008815,1.166849802476079,2021-08-05,2021-08-05,derived:H15_10Y_nominal_minus_10Y_real,0.010000000000000009,0.04488654876337684,0.22278389128814152,2021-08-05,2021-08-05,federal_reserve_h15_real:RIFLGFCY05_XII_N.B,0.040000000000000036,0.03745392649869291,1.067978813954152,2021-08-05,2021-08-05,federal_reserve_h15_real:RIFLGFCY10_XII_N.B,-0.22464502621639898,0.2732504315196381,0.8221213959922111,2021-08-05,2021-08-05,yahoo:TIP,-2.5308704477345145,0.7600748623184361,-3.329764702406639,2021-08-05,2021-08-05,yahoo:GLD,-2.530216933717106,0.8597287421965786,-2.943040995991928,2021-08-05,2021-08-05,yahoo:GC=F,0.6052819876152756,0.3175632650774469,1.9060201672496981,2021-08-05,2021-08-05,yahoo:DX-Y.NYB,0.5631419568359615,0.3251802573099644,1.731783969588197,2021-08-05,yahoo:UUP,1,"{""alfred_employment_situation_release_dates"":""b796dbd0eac6d9fd3e17ef1280bf85abe0e8b6e91df1205809e70b9ba0cf5a4b"",""federal_reserve_h15_nominal"":""dd00d34890aea66542962d4e00c3650e37e7303bdcdea95963616a6ca09fce87"",""federal_reserve_h15_real"":""5be7cb777f2a50c090ec837ab67ad98e90e36ff23935d9d8e1e1bbdb97ea0142"",""philadelphia_fed_employ_first_releases"":""8af43817875de1075966ebb668f42ddd7367db908d7897a59744917ef167f755"",""yahoo_DX-Y.NYB"":""2abdecea5830986f7a96a4a77f51a66ae7015a1d96488f3b6807200e2e1f0585"",""yahoo_GC=F"":""dde2a4acfa0b6fafad13fd03b21e79cf06b521cf30e1ed0662dd6da52c3e6f78"",""yahoo_GLD"":""cffc9bd91365864e1969d125a13ee2eeae3f44374a8337e4a94eddc8ffad287e"",""yahoo_TIP"":""9198e3f8407f96f1376cec3bff2883b5a1730e9692a4acc4b4e124d9001589b9"",""yahoo_UUP"":""a4840dacc2e010d8281489df6cb8f77cc34ce1661bdac1c6031f392e01b7aedb"",""yahoo_ZT=F"":""1f36bff6184615be1adeb576578d5ad37ce794b249c13a30005be74f8262dee4""}"
NFP_202108_REL_20210903,nfp,2021:08,2021-09-03,2021-09-03T08:30:00 America/New_York,confirmation,confirmation_protocol_locked,235.0,598.5,-363.5,2785.703468296085,-0.13048768619380008,philadelphia_fed_employ_first_releases,0,0,,0.009999999999999981,0.019033126043970016,0.5253997675893148,2021-09-02,2021-09-02,federal_reserve_h15_nominal:RIFLGFCY02_N.B,0.009999999999999995,0.008629210672834344,1.158854544075629,2021-09-02,2021-09-02,federal_reserve_h15_nominal:RIFLGFCY01_N.B,0.010621536946375234,0.03059921302177367,-0.3471179777995337,2021-09-02,2021-09-02,yahoo:ZT=F,0.010000000000000231,0.0394753731425779,0.25332249460649914,2021-09-02,2021-09-02,derived:H15_5Y_nominal_minus_5Y_real,0.019999999999999574,0.03478749044592643,0.5749193098906491,2021-09-02,2021-09-02,derived:H15_10Y_nominal_minus_10Y_real,-0.010000000000000009,0.042801275127528314,-0.23363789910942048,2021-09-02,2021-09-02,federal_reserve_h15_real:RIFLGFCY05_XII_N.B,0.020000000000000018,0.03658401058534281,0.5466869181372069,2021-09-02,2021-09-02,federal_reserve_h15_real:RIFLGFCY10_XII_N.B,-0.13986837902827481,0.262442168969026,0.5329493334769017,2021-09-02,2021-09-02,yahoo:TIP,1.0637446088029512,0.8434101494660594,1.2612423617102304,2021-09-02,2021-09-02,yahoo:GLD,1.219933438580362,0.9483870123732866,1.286324488488666,2021-09-02,2021-09-02,yahoo:GC=F,-0.20622185308175311,0.3051760547986169,-0.6757471624627861,2021-09-02,2021-09-02,yahoo:DX-Y.NYB,-0.2019843226575167,0.3160698609667059,-0.6390496140307198,2021-09-02,yahoo:UUP,1,"{""alfred_employment_situation_release_dates"":""b796dbd0eac6d9fd3e17ef1280bf85abe0e8b6e91df1205809e70b9ba0cf5a4b"",""federal_reserve_h15_nominal"":""dd00d34890aea66542962d4e00c3650e37e7303bdcdea95963616a6ca09fce87"",""federal_reserve_h15_real"":""5be7cb777f2a50c090ec837ab67ad98e90e36ff23935d9d8e1e1bbdb97ea0142"",""philadelphia_fed_employ_first_releases"":""8af43817875de1075966ebb668f42ddd7367db908d7897a59744917ef167f755"",""yahoo_DX-Y.NYB"":""2abdecea5830986f7a96a4a77f51a66ae7015a1d96488f3b6807200e2e1f0585"",""yahoo_GC=F"":""dde2a4acfa0b6fafad13fd03b21e79cf06b521cf30e1ed0662dd6da52c3e6f78"",""yahoo_GLD"":""cffc9bd91365864e1969d125a13ee2eeae3f44374a8337e4a94eddc8ffad287e"",""yahoo_TIP"":""9198e3f8407f96f1376cec3bff2883b5a1730e9692a4acc4b4e124d9001589b9"",""yahoo_UUP"":""a4840dacc2e010d8281489df6cb8f77cc34ce1661bdac1c6031f392e01b7aedb"",""yahoo_ZT=F"":""1f36bff6184615be1adeb576578d5ad37ce794b249c13a30005be74f8262dee4""}"
NFP_202109_REL_20211008,nfp,2021:09,2021-10-08,2021-10-08T08:30:00 America/New_York,confirmation,confirmation_protocol_locked,194.0,469.0,-275.0,2785.7258864317855,-0.0987175376225711,philadelphia_fed_employ_first_releases,0,0,,0.0,0.015384892435575791,0.0,2021-10-07,2021-10-07,federal_reserve_h15_nominal:RIFLGFCY02_N.B,-0.010000000000000009,0.006880743620304535,-1.4533312897301962,2021-10-07,2021-10-07,federal_reserve_h15_nominal:RIFLGFCY01_N.B,-0.028415145463623063,0.02625132566274849,1.082427067824049,2021-10-07,2021-10-07,yahoo:ZT=F,0.029999999999999805,0.034565911819117424,0.8679070917321399,2021-10-07,2021-10-07,derived:H15_5Y_nominal_minus_5Y_real,0.040000000000000036,0.03040963272898678,1.3153726766937115,2021-10-07,2021-10-07,derived:H15_10Y_nominal_minus_10Y_real,0.0,0.031102164438642565,0.0,2021-10-07,2021-10-07,federal_reserve_h15_real:RIFLGFCY05_XII_N.B,-0.010000000000000009,0.031127131334010634,-0.3212631415563067,2021-10-07,2021-10-07,federal_reserve_h15_real:RIFLGFCY10_XII_N.B,0.0234694906204111,0.23354577122203674,-0.10049203844542394,2021-10-07,2021-10-07,yahoo:TIP,0.042627404378714776,0.8348337445903455,0.05106095034482838,2021-10-07,2021-10-07,yahoo:GLD,-0.09105774646536376,0.8813796632942794,-0.1033127382642603,2021-10-07,2021-10-07,yahoo:GC=F,-0.15933034880511288,0.2740729817214202,-0.5813427788626871,2021-10-07,2021-10-07,yahoo:DX-Y.NYB,-0.07911582531309333,0.2800354588027957,-0.2825207409494797,2021-10-07,yahoo:UUP,1,"{""alfred_employment_situation_release_dates"":""b796dbd0eac6d9fd3e17ef1280bf85abe0e8b6e91df1205809e70b9ba0cf5a4b"",""federal_reserve_h15_nominal"":""dd00d34890aea66542962d4e00c3650e37e7303bdcdea95963616a6ca09fce87"",""federal_reserve_h15_real"":""5be7cb777f2a50c090ec837ab67ad98e90e36ff23935d9d8e1e1bbdb97ea0142"",""philadelphia_fed_employ_first_releases"":""8af43817875de1075966ebb668f42ddd7367db908d7897a59744917ef167f755"",""yahoo_DX-Y.NYB"":""2abdecea5830986f7a96a4a77f51a66ae7015a1d96488f3b6807200e2e1f0585"",""yahoo_GC=F"":""dde2a4acfa0b6fafad13fd03b21e79cf06b521cf30e1ed0662dd6da52c3e6f78"",""yahoo_GLD"":""cffc9bd91365864e1969d125a13ee2eeae3f44374a8337e4a94eddc8ffad287e"",""yahoo_TIP"":""9198e3f8407f96f1376cec3bff2883b5a1730e9692a4acc4b4e124d9001589b9"",""yahoo_UUP"":""a4840dacc2e010d8281489df6cb8f77cc34ce1661bdac1c6031f392e01b7aedb"",""yahoo_ZT=F"":""1f36bff6184615be1adeb576578d5ad37ce794b249c13a30005be74f8262dee4""}"
NFP_202110_REL_20211105,nfp,2021:10,2021-11-05,2021-11-05T08:30:00 America/New_York,confirmation,confirmation_protocol_locked,531.0,322.5,208.5,2785.674345259866,0.07484722697568216,philadelphia_fed_employ_first_releases,0,0,,-0.019999999999999962,0.020007766853481594,-0.9996118080774077,2021-11-04,2021-11-04,federal_reserve_h15_nominal:RIFLGFCY02_N.B,0.0,0.009863474823469685,0.0,2021-11-04,2021-11-04,federal_reserve_h15_nominal:RIFLGFCY01_N.B,0.03912571854498015,0.041222667915164095,-0.9491311582622587,2021-11-04,2021-11-04,yahoo:ZT=F,-0.009999999999999787,0.037339108713894315,-0.2678157123841221,2021-11-04,2021-11-04,derived:H15_5Y_nominal_minus_5Y_real,-0.020000000000000018,0.030524603395120118,-0.6552091681950358,2021-11-04,2021-11-04,derived:H15_10Y_nominal_minus_10Y_real,-0.050000000000000044,0.03906065108618693,-1.2800605880755944,2021-11-04,2021-11-04,federal_reserve_h15_real:RIFLGFCY05_XII_N.B,-0.06000000000000005,0.03757440828798361,-1.5968315333175374,2021-11-04,2021-11-04,federal_reserve_h15_real:RIFLGFCY10_XII_N.B,0.3476866407511473,0.2809131281998585,-1.2377016445588906,2021-11-04,2021-11-04,yahoo:TIP,1.2978359326946427,0.7984462330736379,1.6254518825877506,2021-11-04,2021-11-04,yahoo:GLD,1.2966339059569585,0.8600675219245306,1.507595476987138,2021-11-04,2021-11-04,yahoo:GC=F,-0.03180026484424563,0.2998685206064606,-0.10604735962258423,2021-11-04,2021-11-04,yahoo:DX-Y.NYB,-0.07907579628579627,0.31104275571549356,-0.2542280597530643,2021-11-04,yahoo:UUP,1,"{""alfred_employment_situation_release_dates"":""b796dbd0eac6d9fd3e17ef1280bf85abe0e8b6e91df1205809e70b9ba0cf5a4b"",""federal_reserve_h15_nominal"":""dd00d34890aea66542962d4e00c3650e37e7303bdcdea95963616a6ca09fce87"",""federal_reserve_h15_real"":""5be7cb777f2a50c090ec837ab67ad98e90e36ff23935d9d8e1e1bbdb97ea0142"",""philadelphia_fed_employ_first_releases"":""8af43817875de1075966ebb668f42ddd7367db908d7897a59744917ef167f755"",""yahoo_DX-Y.NYB"":""2abdecea5830986f7a96a4a77f51a66ae7015a1d96488f3b6807200e2e1f0585"",""yahoo_GC=F"":""dde2a4acfa0b6fafad13fd03b21e79cf06b521cf30e1ed0662dd6da52c3e6f78"",""yahoo_GLD"":""cffc9bd91365864e1969d125a13ee2eeae3f44374a8337e4a94eddc8ffad287e"",""yahoo_TIP"":""9198e3f8407f96f1376cec3bff2883b5a1730e9692a4acc4b4e124d9001589b9"",""yahoo_UUP"":""a4840dacc2e010d8281489df6cb8f77cc34ce1661bdac1c6031f392e01b7aedb"",""yahoo_ZT=F"":""1f36bff6184615be1adeb576578d5ad37ce794b249c13a30005be74f8262dee4""}"
NFP_202111_REL_20211203,nfp,2021:11,2021-12-03,2021-12-03T08:30:00 America/New_York,confirmation,confirmation_protocol_locked,210.0,322.5,-112.5,2786.122470550057,-0.040378698779091865,philadelphia_fed_employ_first_releases,0,0,,-0.030000000000000027,0.03576287251952027,-0.8388587908766355,2021-12-02,2021-12-02,federal_reserve_h15_nominal:RIFLGFCY02_N.B,-0.010000000000000009,0.013465796805826945,-0.7426222260886032,2021-12-02,2021-12-02,federal_reserve_h15_nominal:RIFLGFCY01_N.B,0.05705116931353194,0.06244303066967445,-0.9136515108520978,2021-12-02,2021-12-02,yahoo:ZT=F,-0.010000000000000231,0.04920698815834817,-0.20322316756758643,2021-12-02,2021-12-02,derived:H15_5Y_nominal_minus_5Y_real,-0.03999999999999959,0.035467419600350755,-1.127795606523459,2021-12-02,2021-12-02,derived:H15_10Y_nominal_minus_10Y_real,-0.07000000000000006,0.04802188766505596,-1.4576686466020972,2021-12-02,2021-12-02,federal_reserve_h15_real:RIFLGFCY05_XII_N.B,-0.050000000000000044,0.04445400085583295,-1.1247581553379888,2021-12-02,2021-12-02,federal_reserve_h15_real:RIFLGFCY10_XII_N.B,0.20834661469366936,0.3084120769448904,-0.6755462261969022,2021-12-02,2021-12-02,yahoo:TIP,0.8376819081740973,0.8040225224069835,1.0418637349440765,2021-12-02,2021-12-02,yahoo:GLD,1.2024899530579427,0.8825678481122249,1.3624900970843405,2021-12-02,2021-12-02,yahoo:GC=F,-0.010397406340636345,0.3266539526787572,-0.03183003375704293,2021-12-02,2021-12-02,yahoo:DX-Y.NYB,-0.03879821381179785,0.3456508848769883,-0.11224682333912012,2021-12-02,yahoo:UUP,1,"{""alfred_employment_situation_release_dates"":""b796dbd0eac6d9fd3e17ef1280bf85abe0e8b6e91df1205809e70b9ba0cf5a4b"",""federal_reserve_h15_nominal"":""dd00d34890aea66542962d4e00c3650e37e7303bdcdea95963616a6ca09fce87"",""federal_reserve_h15_real"":""5be7cb777f2a50c090ec837ab67ad98e90e36ff23935d9d8e1e1bbdb97ea0142"",""philadelphia_fed_employ_first_releases"":""8af43817875de1075966ebb668f42ddd7367db908d7897a59744917ef167f755"",""yahoo_DX-Y.NYB"":""2abdecea5830986f7a96a4a77f51a66ae7015a1d96488f3b6807200e2e1f0585"",""yahoo_GC=F"":""dde2a4acfa0b6fafad13fd03b21e79cf06b521cf30e1ed0662dd6da52c3e6f78"",""yahoo_GLD"":""cffc9bd91365864e1969d125a13ee2eeae3f44374a8337e4a94eddc8ffad287e"",""yahoo_TIP"":""9198e3f8407f96f1376cec3bff2883b5a1730e9692a4acc4b4e124d9001589b9"",""yahoo_UUP"":""a4840dacc2e010d8281489df6cb8f77cc34ce1661bdac1c6031f392e01b7aedb"",""yahoo_ZT=F"":""1f36bff6184615be1adeb576578d5ad37ce794b249c13a30005be74f8262dee4""}"
NFP_202112_REL_20220107,nfp,2021:12,2022-01-07,2022-01-07T08:30:00 America/New_York,confirmation,confirmation_protocol_locked,199.0,322.5,-123.5,2786.0315906214482,-0.04432828415002009,philadelphia_fed_employ_first_releases,0,0,,-0.010000000000000009,0.04024781988691707,-0.24846066266686415,2022-01-06,2022-01-06,federal_reserve_h15_nominal:RIFLGFCY02_N.B,-0.020000000000000018,0.01888412480078241,-1.0590906494735395,2022-01-06,2022-01-06,federal_reserve_h15_nominal:RIFLGFCY01_N.B,0.028725314380644705,0.08808412792967074,-0.32611226398903487,2022-01-06,2022-01-06,yahoo:ZT=F,0.010000000000000231,0.05393315595006902,0.18541470128798265,2022-01-06,2022-01-06,derived:H15_5Y_nominal_minus_5Y_real,0.020000000000000018,0.03874587639805178,0.5161839622501263,2022-01-06,2022-01-06,derived:H15_10Y_nominal_minus_10Y_real,0.020000000000000018,0.056792565360494054,0.35215877066036505,2022-01-06,2022-01-06,federal_reserve_h15_real:RIFLGFCY05_XII_N.B,0.010000000000000009,0.05028281597047748,0.1988750989179147,2022-01-06,2022-01-06,federal_reserve_h15_real:RIFLGFCY10_XII_N.B,-0.11874161429364681,0.34992452122719087,0.3393349339372333,2022-01-06,2022-01-06,yahoo:TIP,0.45408125722829884,0.765519936878753,0.5931671212636472,2022-01-06,2022-01-06,yahoo:GLD,0.46295360824668225,0.8924573955298598,0.518740290086142,2022-01-06,2022-01-06,yahoo:GC=F,-0.5312811516362239,0.33987414576003555,-1.5631702448215323,2022-01-06,2022-01-06,yahoo:DX-Y.NYB,-0.5441091768178635,0.3568345817983991,-1.524821877060304,2022-01-06,yahoo:UUP,1,"{""alfred_employment_situation_release_dates"":""b796dbd0eac6d9fd3e17ef1280bf85abe0e8b6e91df1205809e70b9ba0cf5a4b"",""federal_reserve_h15_nominal"":""dd00d34890aea66542962d4e00c3650e37e7303bdcdea95963616a6ca09fce87"",""federal_reserve_h15_real"":""5be7cb777f2a50c090ec837ab67ad98e90e36ff23935d9d8e1e1bbdb97ea0142"",""philadelphia_fed_employ_first_releases"":""8af43817875de1075966ebb668f42ddd7367db908d7897a59744917ef167f755"",""yahoo_DX-Y.NYB"":""2abdecea5830986f7a96a4a77f51a66ae7015a1d96488f3b6807200e2e1f0585"",""yahoo_GC=F"":""dde2a4acfa0b6fafad13fd03b21e79cf06b521cf30e1ed0662dd6da52c3e6f78"",""yahoo_GLD"":""cffc9bd91365864e1969d125a13ee2eeae3f44374a8337e4a94eddc8ffad287e"",""yahoo_TIP"":""9198e3f8407f96f1376cec3bff2883b5a1730e9692a4acc4b4e124d9001589b9"",""yahoo_UUP"":""a4840dacc2e010d8281489df6cb8f77cc34ce1661bdac1c6031f392e01b7aedb"",""yahoo_ZT=F"":""1f36bff6184615be1adeb576578d5ad37ce794b249c13a30005be74f8262dee4""}"
NFP_202201_REL_20220204,nfp,2022:01,2022-02-04,2022-02-04T08:30:00 America/New_York,confirmation,confirmation_protocol_locked,467.0,322.5,144.5,2785.940249173208,0.05186758762786951,philadelphia_fed_employ_first_releases,0,0,,0.1200000000000001,0.043982533770079206,2.7283557747560847,2022-02-03,2022-02-03,federal_reserve_h15_nominal:RIFLGFCY02_N.B,0.10999999999999999,0.023854549839026493,4.611279640248667,2022-02-03,2022-02-03,federal_reserve_h15_nominal:RIFLGFCY01_N.B,-0.23474613065943267,0.09153211833337885,2.564631245662193,2022-02-03,2022-02-03,yahoo:ZT=F,0.020000000000000462,0.051436703464324364,0.38882740636503127,2022-02-03,2022-02-03,derived:H15_5Y_nominal_minus_5Y_real,0.03000000000000025,0.03918087853708557,0.7656796151623957,2022-02-03,2022-02-03,derived:H15_10Y_nominal_minus_10Y_real,0.10000000000000009,0.05799157351607263,1.724388457441746,2022-02-03,2022-02-03,federal_reserve_h15_real:RIFLGFCY05_XII_N.B,0.08000000000000007,0.051489398832093546,1.5537178878487072,2022-02-03,2022-02-03,federal_reserve_h15_real:RIFLGFCY10_XII_N.B,-0.5793860723011931,0.3642171436799416,1.5907710066781828,2022-02-03,2022-02-03,yahoo:TIP,0.15408910869810946,0.7323592407721745,0.21040098918618572,2022-02-03,2022-02-03,yahoo:GLD,0.19946679986083213,0.8411746933186837,0.23712886448577813,2022-02-03,2022-02-03,yahoo:GC=F,0.10479525552560794,0.38267984306521785,0.2738457680086074,2022-02-03,2022-02-03,yahoo:DX-Y.NYB,-0.07824914822916505,0.3948459641806678,-0.1981763911188439,2022-02-03,yahoo:UUP,1,"{""alfred_employment_situation_release_dates"":""b796dbd0eac6d9fd3e17ef1280bf85abe0e8b6e91df1205809e70b9ba0cf5a4b"",""federal_reserve_h15_nominal"":""dd00d34890aea66542962d4e00c3650e37e7303bdcdea95963616a6ca09fce87"",""federal_reserve_h15_real"":""5be7cb777f2a50c090ec837ab67ad98e90e36ff23935d9d8e1e1bbdb97ea0142"",""philadelphia_fed_employ_first_releases"":""8af43817875de1075966ebb668f42ddd7367db908d7897a59744917ef167f755"",""yahoo_DX-Y.NYB"":""2abdecea5830986f7a96a4a77f51a66ae7015a1d96488f3b6807200e2e1f0585"",""yahoo_GC=F"":""dde2a4acfa0b6fafad13fd03b21e79cf06b521cf30e1ed0662dd6da52c3e6f78"",""yahoo_GLD"":""cffc9bd91365864e1969d125a13ee2eeae3f44374a8337e4a94eddc8ffad287e"",""yahoo_TIP"":""9198e3f8407f96f1376cec3bff2883b5a1730e9692a4acc4b4e124d9001589b9"",""yahoo_UUP"":""a4840dacc2e010d8281489df6cb8f77cc34ce1661bdac1c6031f392e01b7aedb"",""yahoo_ZT=F"":""1f36bff6184615be1adeb576578d5ad37ce794b249c13a30005be74f8262dee4""}"
NFP_202202_REL_20220304,nfp,2022:02,2022-03-04,2022-03-04T08:30:00 America/New_York,confirmation,confirmation_protocol_locked,678.0,423.0,255.0,2786.087711839843,0.09152619241538744,philadelphia_fed_employ_first_releases,0,0,,-0.030000000000000027,0.06253044456243008,-0.47976629959904055,2022-03-03,2022-03-03,federal_reserve_h15_nominal:RIFLGFCY02_N.B,-0.030000000000000027,0.05460696754036795,-0.5493804426664539,2022-03-03,2022-03-03,federal_reserve_h15_nominal:RIFLGFCY01_N.B,0.09056823123472195,0.12570833184770736,-0.7204632334509314,2022-03-03,2022-03-03,yahoo:ZT=F,0.020000000000000018,0.04639428174388598,0.43108760925339024,2022-03-03,2022-03-03,derived:H15_5Y_nominal_minus_5Y_real,-0.020000000000000018,0.037879902397573814,-0.5279844649568317,2022-03-03,2022-03-03,derived:H15_10Y_nominal_minus_10Y_real,-0.1100000000000001,0.07189033550473285,-1.5301083132761053,2022-03-03,2022-03-03,federal_reserve_h15_real:RIFLGFCY05_XII_N.B,-0.10000000000000009,0.058289168107325644,-1.7155846145526363,2022-03-03,2022-03-03,federal_reserve_h15_real:RIFLGFCY10_XII_N.B,0.7616259501760816,0.455961990809874,-1.6703715781731963,2022-03-03,2022-03-03,yahoo:TIP,1.5803608419049087,0.7605162141138055,2.0780107150594156,2022-03-03,2022-03-03,yahoo:GLD,1.5745908688366235,0.8762805429445522,1.7969026945931605,2022-03-03,2022-03-03,yahoo:GC=F,0.8755916249864687,0.37875835432136573,2.3117420777563997,2022-03-03,2022-03-03,yahoo:DX-Y.NYB,0.7616113487139186,0.3702886042803077,2.0568047191033196,2022-03-03,yahoo:UUP,1,"{""alfred_employment_situation_release_dates"":""b796dbd0eac6d9fd3e17ef1280bf85abe0e8b6e91df1205809e70b9ba0cf5a4b"",""federal_reserve_h15_nominal"":""dd00d34890aea66542962d4e00c3650e37e7303bdcdea95963616a6ca09fce87"",""federal_reserve_h15_real"":""5be7cb777f2a50c090ec837ab67ad98e90e36ff23935d9d8e1e1bbdb97ea0142"",""philadelphia_fed_employ_first_releases"":""8af43817875de1075966ebb668f42ddd7367db908d7897a59744917ef167f755"",""yahoo_DX-Y.NYB"":""2abdecea5830986f7a96a4a77f51a66ae7015a1d96488f3b6807200e2e1f0585"",""yahoo_GC=F"":""dde2a4acfa0b6fafad13fd03b21e79cf06b521cf30e1ed0662dd6da52c3e6f78"",""yahoo_GLD"":""cffc9bd91365864e1969d125a13ee2eeae3f44374a8337e4a94eddc8ffad287e"",""yahoo_TIP"":""9198e3f8407f96f1376cec3bff2883b5a1730e9692a4acc4b4e124d9001589b9"",""yahoo_UUP"":""a4840dacc2e010d8281489df6cb8f77cc34ce1661bdac1c6031f392e01b7aedb"",""yahoo_ZT=F"":""1f36bff6184615be1adeb576578d5ad37ce794b249c13a30005be74f8262dee4""}"
NFP_202203_REL_20220401,nfp,2022:03,2022-04-01,2022-04-01T08:30:00 America/New_York,confirmation,confirmation_protocol_locked,431.0,499.0,-68.0,2786.506476740231,-0.024403316686185915,philadelphia_fed_employ_first_releases,0,0,,0.16000000000000014,0.07077037747308981,2.260832931982588,2022-03-31,2022-03-31,federal_reserve_h15_nominal:RIFLGFCY02_N.B,0.09000000000000008,0.06370726661228715,1.4127116855872432,2022-03-31,2022-03-31,federal_reserve_h15_nominal:RIFLGFCY01_N.B,-0.8355312976229894,0.12617121947713866,6.622201965594711,2022-03-31,2022-03-31,yahoo:ZT=F,-0.06000000000000005,0.062177756845416,-0.9649753069923348,2022-03-31,2022-03-31,derived:H15_5Y_nominal_minus_5Y_real,-0.03999999999999959,0.0480262992924587,-0.8328769984215829,2022-03-31,2022-03-31,derived:H15_10Y_nominal_minus_10Y_real,0.19000000000000006,0.09073833989931498,2.093932952827082,2022-03-31,2022-03-31,federal_reserve_h15_real:RIFLGFCY05_XII_N.B,0.11000000000000004,0.07198928828040076,1.5280051050309909,2022-03-31,2022-03-31,federal_reserve_h15_real:RIFLGFCY10_XII_N.B,-0.55251235428768,0.60106076797565,0.9192287763989667,2022-03-31,2022-03-31,yahoo:TIP,-0.638621587890147,1.0305294172239947,-0.6197024337358988,2022-03-31,2022-03-31,yahoo:GLD,-1.5562693516428947,1.0805476989008405,-1.4402597434856137,2022-03-31,2022-03-31,yahoo:GC=F,0.3249720573493351,0.4457615547409237,0.7290266598657406,2022-03-31,2022-03-31,yahoo:DX-Y.NYB,0.1519793667879964,0.41814678936795374,0.36345936559197195,2022-03-31,yahoo:UUP,1,"{""alfred_employment_situation_release_dates"":""b796dbd0eac6d9fd3e17ef1280bf85abe0e8b6e91df1205809e70b9ba0cf5a4b"",""federal_reserve_h15_nominal"":""dd00d34890aea66542962d4e00c3650e37e7303bdcdea95963616a6ca09fce87"",""federal_reserve_h15_real"":""5be7cb777f2a50c090ec837ab67ad98e90e36ff23935d9d8e1e1bbdb97ea0142"",""philadelphia_fed_employ_first_releases"":""8af43817875de1075966ebb668f42ddd7367db908d7897a59744917ef167f755"",""yahoo_DX-Y.NYB"":""2abdecea5830986f7a96a4a77f51a66ae7015a1d96488f3b6807200e2e1f0585"",""yahoo_GC=F"":""dde2a4acfa0b6fafad13fd03b21e79cf06b521cf30e1ed0662dd6da52c3e6f78"",""yahoo_GLD"":""cffc9bd91365864e1969d125a13ee2eeae3f44374a8337e4a94eddc8ffad287e"",""yahoo_TIP"":""9198e3f8407f96f1376cec3bff2883b5a1730e9692a4acc4b4e124d9001589b9"",""yahoo_UUP"":""a4840dacc2e010d8281489df6cb8f77cc34ce1661bdac1c6031f392e01b7aedb"",""yahoo_ZT=F"":""1f36bff6184615be1adeb576578d5ad37ce794b249c13a30005be74f8262dee4""}"
NFP_202204_REL_20220506,nfp,2022:04,2022-05-06,2022-05-06T08:30:00 America/New_York,confirmation,confirmation_protocol_locked,428.0,449.0,-21.0,2786.5092798837995,-0.007536310807073904,philadelphia_fed_employ_first_releases,0,0,,0.010000000000000231,0.07974252351472942,0.12540360599640551,2022-05-05,2022-05-05,federal_reserve_h15_nominal:RIFLGFCY02_N.B,0.0,0.06785890146822726,0.0,2022-05-05,2022-05-05,federal_reserve_h15_nominal:RIFLGFCY01_N.B,0.07411525260519009,0.17680572122835359,-0.41919035249694475,2022-05-05,2022-05-05,yahoo:ZT=F,-0.009999999999999787,0.06505191321113751,-0.15372338039533157,2022-05-05,2022-05-05,derived:H15_5Y_nominal_minus_5Y_real,-0.009999999999999343,0.05309489426122038,-0.188342026839729,2022-05-05,2022-05-05,derived:H15_10Y_nominal_minus_10Y_real,0.06,0.09483914422239459,0.6326501624614203,2022-05-05,2022-05-05,federal_reserve_h15_real:RIFLGFCY05_XII_N.B,0.08000000000000002,0.07537177160450895,1.0614053285064908,2022-05-05,2022-05-05,federal_reserve_h15_real:RIFLGFCY10_XII_N.B,-0.261975134258103,0.6365067405087617,0.41158265511643366,2022-05-05,2022-05-05,yahoo:TIP,0.16545049194706565,1.0600229688855798,0.1560819876582548,2022-05-05,2022-05-05,yahoo:GLD,0.3834661316685816,1.1198229487037028,0.3424346072854451,2022-05-05,2022-05-05,yahoo:GC=F,-0.08678110211619636,0.47403279484945016,-0.18306982778218434,2022-05-05,2022-05-05,yahoo:DX-Y.NYB,0.1805996094197739,0.43169654269197294,0.4183485192945744,2022-05-05,yahoo:UUP,1,"{""alfred_employment_situation_release_dates"":""b796dbd0eac6d9fd3e17ef1280bf85abe0e8b6e91df1205809e70b9ba0cf5a4b"",""federal_reserve_h15_nominal"":""dd00d34890aea66542962d4e00c3650e37e7303bdcdea95963616a6ca09fce87"",""federal_reserve_h15_real"":""5be7cb777f2a50c090ec837ab67ad98e90e36ff23935d9d8e1e1bbdb97ea0142"",""philadelphia_fed_employ_first_releases"":""8af43817875de1075966ebb668f42ddd7367db908d7897a59744917ef167f755"",""yahoo_DX-Y.NYB"":""2abdecea5830986f7a96a4a77f51a66ae7015a1d96488f3b6807200e2e1f0585"",""yahoo_GC=F"":""dde2a4acfa0b6fafad13fd03b21e79cf06b521cf30e1ed0662dd6da52c3e6f78"",""yahoo_GLD"":""cffc9bd91365864e1969d125a13ee2eeae3f44374a8337e4a94eddc8ffad287e"",""yahoo_TIP"":""9198e3f8407f96f1376cec3bff2883b5a1730e9692a4acc4b4e124d9001589b9"",""yahoo_UUP"":""a4840dacc2e010d8281489df6cb8f77cc34ce1661bdac1c6031f392e01b7aedb"",""yahoo_ZT=F"":""1f36bff6184615be1adeb576578d5ad37ce794b249c13a30005be74f8262dee4""}"
NFP_202205_REL_20220603,nfp,2022:05,2022-06-03,2022-06-03T08:30:00 America/New_York,confirmation,confirmation_protocol_locked,390.0,449.0,-59.0,2786.4150182546036,-0.02117416092487088,philadelphia_fed_employ_first_releases,0,0,,0.010000000000000231,0.07267993451672843,0.13758955709706336,2022-06-02,2022-06-02,federal_reserve_h15_nominal:RIFLGFCY02_N.B,0.03000000000000025,0.05520659708388052,0.5434133162458548,2022-06-02,2022-06-02,federal_reserve_h15_nominal:RIFLGFCY01_N.B,-0.03322075220188024,0.16501453013091197,0.20132016359726032,2022-06-02,2022-06-02,yahoo:ZT=F,0.07000000000000028,0.06919308936461216,1.011661722909005,2022-06-02,2022-06-02,derived:H15_5Y_nominal_minus_5Y_real,0.07999999999999963,0.05645457150725531,1.4170685892057184,2022-06-02,2022-06-02,derived:H15_10Y_nominal_minus_10Y_real,-0.039999999999999994,0.08433120070548848,-0.474320295043501,2022-06-02,2022-06-02,federal_reserve_h15_real:RIFLGFCY05_XII_N.B,-0.04000000000000001,0.06984648218376018,-0.5726845325547448,2022-06-02,2022-06-02,federal_reserve_h15_real:RIFLGFCY10_XII_N.B,0.5764424232761364,0.5942430175907555,-0.9700449247400698,2022-06-02,2022-06-02,yahoo:TIP,-1.020390043886803,0.9444653152378693,-1.0803891126799205,2022-06-02,2022-06-02,yahoo:GLD,-1.1368949980497234,0.981845444572512,-1.1579164565403863,2022-06-02,2022-06-02,yahoo:GC=F,0.36290830255138834,0.5214781113178514,0.6959224072401927,2022-06-02,2022-06-02,yahoo:DX-Y.NYB,0.44053183350641173,0.4917495673252539,0.8958458995756154,2022-06-02,yahoo:UUP,1,"{""alfred_employment_situation_release_dates"":""b796dbd0eac6d9fd3e17ef1280bf85abe0e8b6e91df1205809e70b9ba0cf5a4b"",""federal_reserve_h15_nominal"":""dd00d34890aea66542962d4e00c3650e37e7303bdcdea95963616a6ca09fce87"",""federal_reserve_h15_real"":""5be7cb777f2a50c090ec837ab67ad98e90e36ff23935d9d8e1e1bbdb97ea0142"",""philadelphia_fed_employ_first_releases"":""8af43817875de1075966ebb668f42ddd7367db908d7897a59744917ef167f755"",""yahoo_DX-Y.NYB"":""2abdecea5830986f7a96a4a77f51a66ae7015a1d96488f3b6807200e2e1f0585"",""yahoo_GC=F"":""dde2a4acfa0b6fafad13fd03b21e79cf06b521cf30e1ed0662dd6da52c3e6f78"",""yahoo_GLD"":""cffc9bd91365864e1969d125a13ee2eeae3f44374a8337e4a94eddc8ffad287e"",""yahoo_TIP"":""9198e3f8407f96f1376cec3bff2883b5a1730e9692a4acc4b4e124d9001589b9"",""yahoo_UUP"":""a4840dacc2e010d8281489df6cb8f77cc34ce1661bdac1c6031f392e01b7aedb"",""yahoo_ZT=F"":""1f36bff6184615be1adeb576578d5ad37ce794b249c13a30005be74f8262dee4""}"
NFP_202206_REL_20220708,nfp,2022:06,2022-07-08,2022-07-08T08:30:00 America/New_York,confirmation,confirmation_protocol_locked,372.0,429.5,-57.5,2786.3886616296354,-0.020636029995316874,philadelphia_fed_employ_first_releases,0,0,,0.0900000000000003,0.09395575350035361,0.9578976980868082,2022-07-07,2022-07-07,federal_reserve_h15_nominal:RIFLGFCY02_N.B,0.08999999999999986,0.08207823193875519,1.0965148477754212,2022-07-07,2022-07-07,federal_reserve_h15_nominal:RIFLGFCY01_N.B,-0.16406894574598888,0.1555156516540346,1.054999570789069,2022-07-07,2022-07-07,yahoo:ZT=F,0.0900000000000003,0.07402854847084717,1.2157471929284522,2022-07-07,2022-07-07,derived:H15_5Y_nominal_minus_5Y_real,0.04000000000000048,0.059934993032705976,0.6673897497272228,2022-07-07,2022-07-07,derived:H15_10Y_nominal_minus_10Y_real,-0.010000000000000009,0.10362075027235447,-0.09650576717227227,2022-07-07,2022-07-07,federal_reserve_h15_real:RIFLGFCY05_XII_N.B,0.039999999999999925,0.08491454661004026,0.47106180974733414,2022-07-07,2022-07-07,federal_reserve_h15_real:RIFLGFCY10_XII_N.B,-0.10567548194668444,0.6279231427290279,0.16829365690744627,2022-07-07,2022-07-07,yahoo:TIP,0.04314382372538932,0.911083917653037,0.047354390621369244,2022-07-07,2022-07-07,yahoo:GLD,0.15523655104664286,0.9095077314901511,0.17068194768647096,2022-07-07,2022-07-07,yahoo:GC=F,-0.11207166348095919,0.5804746802586808,-0.1930689955865361,2022-07-07,2022-07-07,yahoo:DX-Y.NYB,-0.06998069391374345,0.5553896937996026,-0.12600286734703814,2022-07-07,yahoo:UUP,1,"{""alfred_employment_situation_release_dates"":""b796dbd0eac6d9fd3e17ef1280bf85abe0e8b6e91df1205809e70b9ba0cf5a4b"",""federal_reserve_h15_nominal"":""dd00d34890aea66542962d4e00c3650e37e7303bdcdea95963616a6ca09fce87"",""federal_reserve_h15_real"":""5be7cb777f2a50c090ec837ab67ad98e90e36ff23935d9d8e1e1bbdb97ea0142"",""philadelphia_fed_employ_first_releases"":""8af43817875de1075966ebb668f42ddd7367db908d7897a59744917ef167f755"",""yahoo_DX-Y.NYB"":""2abdecea5830986f7a96a4a77f51a66ae7015a1d96488f3b6807200e2e1f0585"",""yahoo_GC=F"":""dde2a4acfa0b6fafad13fd03b21e79cf06b521cf30e1ed0662dd6da52c3e6f78"",""yahoo_GLD"":""cffc9bd91365864e1969d125a13ee2eeae3f44374a8337e4a94eddc8ffad287e"",""yahoo_TIP"":""9198e3f8407f96f1376cec3bff2883b5a1730e9692a4acc4b4e124d9001589b9"",""yahoo_UUP"":""a4840dacc2e010d8281489df6cb8f77cc34ce1661bdac1c6031f392e01b7aedb"",""yahoo_ZT=F"":""1f36bff6184615be1adeb576578d5ad37ce794b249c13a30005be74f8262dee4""}"
NFP_202207_REL_20220805,nfp,2022:07,2022-08-05,2022-08-05T08:30:00 America/New_York,confirmation,confirmation_protocol_locked,528.0,409.0,119.0,2786.2538601306987,0.04270967613640844,philadelphia_fed_employ_first_releases,0,0,,0.2100000000000004,0.09456949735780812,2.220589152604413,2022-08-04,2022-08-04,federal_reserve_h15_nominal:RIFLGFCY02_N.B,0.18000000000000016,0.08466217346500861,2.126097082475626,2022-08-04,2022-08-04,federal_reserve_h15_nominal:RIFLGFCY01_N.B,-0.3914482974919861,0.15380467167599088,2.5451001795096433,2022-08-04,2022-08-04,yahoo:ZT=F,4.440892098500626e-16,0.0717646813657347,6.188130447996398e-15,2022-08-04,2022-08-04,derived:H15_5Y_nominal_minus_5Y_real,0.0,0.052866690889914046,0.0,2022-08-04,2022-08-04,derived:H15_10Y_nominal_minus_10Y_real,0.21000000000000002,0.10634277272449907,1.9747463284979831,2022-08-04,2022-08-04,federal_reserve_h15_real:RIFLGFCY05_XII_N.B,0.15,0.08798048062923623,1.7049236254132767,2022-08-04,2022-08-04,federal_reserve_h15_real:RIFLGFCY10_XII_N.B,-1.0107408591898541,0.6149659624596806,1.6435720363240787,2022-08-04,2022-08-04,yahoo:TIP,-1.1309781450742626,0.8900747093432101,-1.2706552980353933,2022-08-04,2022-08-04,yahoo:GLD,-0.8760642024044224,0.8650713672092253,-1.012707431562162,2022-08-04,2022-08-04,yahoo:GC=F,0.8760833034145493,0.5777007845923032,1.5165001100575302,2022-08-04,2022-08-04,yahoo:DX-Y.NYB,0.8456679526780992,0.5767605077190306,1.4662376174515526,2022-08-04,yahoo:UUP,1,"{""alfred_employment_situation_release_dates"":""b796dbd0eac6d9fd3e17ef1280bf85abe0e8b6e91df1205809e70b9ba0cf5a4b"",""federal_reserve_h15_nominal"":""dd00d34890aea66542962d4e00c3650e37e7303bdcdea95963616a6ca09fce87"",""federal_reserve_h15_real"":""5be7cb777f2a50c090ec837ab67ad98e90e36ff23935d9d8e1e1bbdb97ea0142"",""philadelphia_fed_employ_first_releases"":""8af43817875de1075966ebb668f42ddd7367db908d7897a59744917ef167f755"",""yahoo_DX-Y.NYB"":""2abdecea5830986f7a96a4a77f51a66ae7015a1d96488f3b6807200e2e1f0585"",""yahoo_GC=F"":""dde2a4acfa0b6fafad13fd03b21e79cf06b521cf30e1ed0662dd6da52c3e6f78"",""yahoo_GLD"":""cffc9bd91365864e1969d125a13ee2eeae3f44374a8337e4a94eddc8ffad287e"",""yahoo_TIP"":""9198e3f8407f96f1376cec3bff2883b5a1730e9692a4acc4b4e124d9001589b9"",""yahoo_UUP"":""a4840dacc2e010d8281489df6cb8f77cc34ce1661bdac1c6031f392e01b7aedb"",""yahoo_ZT=F"":""1f36bff6184615be1adeb576578d5ad37ce794b249c13a30005be74f8262dee4""}"
NFP_202208_REL_20220902,nfp,2022:08,2022-09-02,2022-09-02T08:30:00 America/New_York,confirmation,confirmation_protocol_locked,315.0,409.0,-94.0,2786.390941793429,-0.03373539534244178,philadelphia_fed_employ_first_releases,0,0,,-0.10999999999999988,0.09342570086395342,-1.1774062060308432,2022-09-01,2022-09-01,federal_reserve_h15_nominal:RIFLGFCY02_N.B,-0.03999999999999959,0.08573296473899554,-0.46656499191151424,2022-09-01,2022-09-01,federal_reserve_h15_nominal:RIFLGFCY01_N.B,0.2172773762564829,0.1542498099238804,-1.408607092376357,2022-09-01,2022-09-01,yahoo:ZT=F,0.029999999999999805,0.0640663056951447,0.468264865196892,2022-09-01,2022-09-01,derived:H15_5Y_nominal_minus_5Y_real,0.020000000000000462,0.04389767248633481,0.4556050211141921,2022-09-01,2022-09-01,derived:H15_10Y_nominal_minus_10Y_real,-0.12,0.10772676778394097,-1.113929271884166,2022-09-01,2022-09-01,federal_reserve_h15_real:RIFLGFCY05_XII_N.B,-0.08000000000000007,0.08909843474184229,-0.8978833380383795,2022-09-01,2022-09-01,federal_reserve_h15_real:RIFLGFCY10_XII_N.B,0.5895738128851281,0.5946662633326907,-0.9914364564436144,2022-09-01,2022-09-01,yahoo:TIP,0.876617372318804,0.8480793027925211,1.0336502369911797,2022-09-01,2022-09-01,yahoo:GLD,0.7750199166291071,0.820538344957616,0.9445261411508317,2022-09-01,2022-09-01,yahoo:GC=F,-0.1459754489835148,0.5662985441390731,-0.25777118887959877,2022-09-01,2022-09-01,yahoo:DX-Y.NYB,0.034043371432936384,0.560668817476742,0.0607192167136147,2022-09-01,yahoo:UUP,1,"{""alfred_employment_situation_release_dates"":""b796dbd0eac6d9fd3e17ef1280bf85abe0e8b6e91df1205809e70b9ba0cf5a4b"",""federal_reserve_h15_nominal"":""dd00d34890aea66542962d4e00c3650e37e7303bdcdea95963616a6ca09fce87"",""federal_reserve_h15_real"":""5be7cb777f2a50c090ec837ab67ad98e90e36ff23935d9d8e1e1bbdb97ea0142"",""philadelphia_fed_employ_first_releases"":""8af43817875de1075966ebb668f42ddd7367db908d7897a59744917ef167f755"",""yahoo_DX-Y.NYB"":""2abdecea5830986f7a96a4a77f51a66ae7015a1d96488f3b6807200e2e1f0585"",""yahoo_GC=F"":""dde2a4acfa0b6fafad13fd03b21e79cf06b521cf30e1ed0662dd6da52c3e6f78"",""yahoo_GLD"":""cffc9bd91365864e1969d125a13ee2eeae3f44374a8337e4a94eddc8ffad287e"",""yahoo_TIP"":""9198e3f8407f96f1376cec3bff2883b5a1730e9692a4acc4b4e124d9001589b9"",""yahoo_UUP"":""a4840dacc2e010d8281489df6cb8f77cc34ce1661bdac1c6031f392e01b7aedb"",""yahoo_ZT=F"":""1f36bff6184615be1adeb576578d5ad37ce794b249c13a30005be74f8262dee4""}"
NFP_202209_REL_20221007,nfp,2022:09,2022-10-07,2022-10-07T08:30:00 America/New_York,confirmation,confirmation_protocol_locked,263.0,409.0,-146.0,2786.3172600510143,-0.05239891454332336,philadelphia_fed_employ_first_releases,0,0,,0.0699999999999994,0.07673786917143156,0.9121962957248677,2022-10-06,2022-10-06,federal_reserve_h15_nominal:RIFLGFCY02_N.B,0.04999999999999982,0.06501542624421926,0.769048253443474,2022-10-06,2022-10-06,federal_reserve_h15_nominal:RIFLGFCY01_N.B,-0.10663417873866451,0.1421211428686966,0.7503048215505985,2022-10-06,2022-10-06,yahoo:ZT=F,0.0699999999999994,0.05194412469563313,1.34760187817515,2022-10-06,2022-10-06,derived:H15_5Y_nominal_minus_5Y_real,0.050000000000000266,0.037993085900873955,1.3160289251168755,2022-10-06,2022-10-06,derived:H15_10Y_nominal_minus_10Y_real,0.020000000000000018,0.10833550627981556,0.1846116816802683,2022-10-06,2022-10-06,federal_reserve_h15_real:RIFLGFCY05_XII_N.B,0.010000000000000009,0.0940517648068171,0.10632442698486382,2022-10-06,2022-10-06,federal_reserve_h15_real:RIFLGFCY10_XII_N.B,0.02840011593877456,0.630985758143706,-0.045009123537629,2022-10-06,2022-10-06,yahoo:TIP,-1.1023386142689102,0.8988973944865732,-1.2263230720548892,2022-10-06,2022-10-06,yahoo:GLD,-0.6564674728268203,0.8701359733604828,-0.7544424008715898,2022-10-06,2022-10-06,yahoo:GC=F,0.47987375751845796,0.6286965117718025,0.7632836329345459,2022-10-06,2022-10-06,yahoo:DX-Y.NYB,0.3968354694077701,0.6368170696410931,0.6231545734655395,2022-10-06,yahoo:UUP,1,"{""alfred_employment_situation_release_dates"":""b796dbd0eac6d9fd3e17ef1280bf85abe0e8b6e91df1205809e70b9ba0cf5a4b"",""federal_reserve_h15_nominal"":""dd00d34890aea66542962d4e00c3650e37e7303bdcdea95963616a6ca09fce87"",""federal_reserve_h15_real"":""5be7cb777f2a50c090ec837ab67ad98e90e36ff23935d9d8e1e1bbdb97ea0142"",""philadelphia_fed_employ_first_releases"":""8af43817875de1075966ebb668f42ddd7367db908d7897a59744917ef167f755"",""yahoo_DX-Y.NYB"":""2abdecea5830986f7a96a4a77f51a66ae7015a1d96488f3b6807200e2e1f0585"",""yahoo_GC=F"":""dde2a4acfa0b6fafad13fd03b21e79cf06b521cf30e1ed0662dd6da52c3e6f78"",""yahoo_GLD"":""cffc9bd91365864e1969d125a13ee2eeae3f44374a8337e4a94eddc8ffad287e"",""yahoo_TIP"":""9198e3f8407f96f1376cec3bff2883b5a1730e9692a4acc4b4e124d9001589b9"",""yahoo_UUP"":""a4840dacc2e010d8281489df6cb8f77cc34ce1661bdac1c6031f392e01b7aedb"",""yahoo_ZT=F"":""1f36bff6184615be1adeb576578d5ad37ce794b249c13a30005be74f8262dee4""}"
NFP_202210_REL_20221104,nfp,2022:10,2022-11-04,2022-11-04T08:30:00 America/New_York,confirmation,confirmation_protocol_locked,261.0,409.0,-148.0,2786.327629420951,-0.053116510218418594,philadelphia_fed_employ_first_releases,0,0,,-0.04999999999999982,0.07374007641748472,-0.6780573390909069,2022-11-03,2022-11-03,federal_reserve_h15_nominal:RIFLGFCY02_N.B,-0.020000000000000462,0.06279619082333658,-0.3184906558467234,2022-11-03,2022-11-03,federal_reserve_h15_nominal:RIFLGFCY01_N.B,0.09207397259082256,0.1354919320214429,-0.6795531749908988,2022-11-03,2022-11-03,yahoo:ZT=F,0.07000000000000028,0.06083598399921337,1.1506347953688956,2022-11-03,2022-11-03,derived:H15_5Y_nominal_minus_5Y_real,0.08000000000000052,0.046508306772769695,1.7201228243131823,2022-11-03,2022-11-03,derived:H15_10Y_nominal_minus_10Y_real,-0.10000000000000009,0.10076809534544166,-0.9923775938921097,2022-11-03,2022-11-03,federal_reserve_h15_real:RIFLGFCY05_XII_N.B,-0.050000000000000044,0.08574350793233487,-0.5831345276829345,2022-11-03,2022-11-03,federal_reserve_h15_real:RIFLGFCY10_XII_N.B,0.37090784001964766,0.5784710022490513,-0.641186573877664,2022-11-03,2022-11-03,yahoo:TIP,3.02345832528433,0.9017714184767542,3.352799016841171,2022-11-03,2022-11-03,yahoo:GLD,2.7397283330207958,0.8756464505220016,3.1288065307494293,2022-11-03,2022-11-03,yahoo:GC=F,-1.8319649767092236,0.6673634860501872,-2.7450782294844576,2022-11-03,2022-11-03,yahoo:DX-Y.NYB,-1.892795101437167,0.6534217449870794,-2.896743360560482,2022-11-03,yahoo:UUP,1,"{""alfred_employment_situation_release_dates"":""b796dbd0eac6d9fd3e17ef1280bf85abe0e8b6e91df1205809e70b9ba0cf5a4b"",""federal_reserve_h15_nominal"":""dd00d34890aea66542962d4e00c3650e37e7303bdcdea95963616a6ca09fce87"",""federal_reserve_h15_real"":""5be7cb777f2a50c090ec837ab67ad98e90e36ff23935d9d8e1e1bbdb97ea0142"",""philadelphia_fed_employ_first_releases"":""8af43817875de1075966ebb668f42ddd7367db908d7897a59744917ef167f755"",""yahoo_DX-Y.NYB"":""2abdecea5830986f7a96a4a77f51a66ae7015a1d96488f3b6807200e2e1f0585"",""yahoo_GC=F"":""dde2a4acfa0b6fafad13fd03b21e79cf06b521cf30e1ed0662dd6da52c3e6f78"",""yahoo_GLD"":""cffc9bd91365864e1969d125a13ee2eeae3f44374a8337e4a94eddc8ffad287e"",""yahoo_TIP"":""9198e3f8407f96f1376cec3bff2883b5a1730e9692a4acc4b4e124d9001589b9"",""yahoo_UUP"":""a4840dacc2e010d8281489df6cb8f77cc34ce1661bdac1c6031f392e01b7aedb"",""yahoo_ZT=F"":""1f36bff6184615be1adeb576578d5ad37ce794b249c13a30005be74f8262dee4""}"
NFP_202211_REL_20221202,nfp,2022:11,2022-12-02,2022-12-02T08:30:00 America/New_York,confirmation,confirmation_protocol_locked,263.0,381.0,-118.0,2786.0687373522233,-0.042353585329033494,philadelphia_fed_employ_first_releases,0,0,,0.03000000000000025,0.085653849422568,0.3502469556504938,2022-12-01,2022-12-01,federal_reserve_h15_nominal:RIFLGFCY02_N.B,0.03000000000000025,0.06735918561714987,0.4453735555906446,2022-12-01,2022-12-01,federal_reserve_h15_nominal:RIFLGFCY01_N.B,-0.030454147709580534,0.15896313778176335,0.19157993566653356,2022-12-01,2022-12-01,yahoo:ZT=F,0.05999999999999961,0.06343732170663213,0.9458154661300405,2022-12-01,2022-12-01,derived:H15_5Y_nominal_minus_5Y_real,0.06999999999999984,0.04979591116107407,1.405737908350987,2022-12-01,2022-12-01,derived:H15_10Y_nominal_minus_10Y_real,-0.07000000000000006,0.11370195949595742,-0.6156446231033411,2022-12-01,2022-12-01,federal_reserve_h15_real:RIFLGFCY05_XII_N.B,-0.08999999999999986,0.09981112105875603,-0.9017031273200444,2022-12-01,2022-12-01,federal_reserve_h15_real:RIFLGFCY10_XII_N.B,0.7378987876710471,0.6632161786088269,-1.1126067358894587,2022-12-01,2022-12-01,yahoo:TIP,-0.34616677176241195,1.0935004799826427,-0.31656755355782445,2022-12-01,2022-12-01,yahoo:GLD,-0.2891273168903714,1.0756580497416803,-0.26879110602091943,2022-12-01,2022-12-01,yahoo:GC=F,-0.1720186774172561,0.8222891415404666,-0.20919487893881022,2022-12-01,2022-12-01,yahoo:DX-Y.NYB,-0.10621605326130619,0.8132594430286453,-0.13060537344116024,2022-12-01,yahoo:UUP,1,"{""alfred_employment_situation_release_dates"":""b796dbd0eac6d9fd3e17ef1280bf85abe0e8b6e91df1205809e70b9ba0cf5a4b"",""federal_reserve_h15_nominal"":""dd00d34890aea66542962d4e00c3650e37e7303bdcdea95963616a6ca09fce87"",""federal_reserve_h15_real"":""5be7cb777f2a50c090ec837ab67ad98e90e36ff23935d9d8e1e1bbdb97ea0142"",""philadelphia_fed_employ_first_releases"":""8af43817875de1075966ebb668f42ddd7367db908d7897a59744917ef167f755"",""yahoo_DX-Y.NYB"":""2abdecea5830986f7a96a4a77f51a66ae7015a1d96488f3b6807200e2e1f0585"",""yahoo_GC=F"":""dde2a4acfa0b6fafad13fd03b21e79cf06b521cf30e1ed0662dd6da52c3e6f78"",""yahoo_GLD"":""cffc9bd91365864e1969d125a13ee2eeae3f44374a8337e4a94eddc8ffad287e"",""yahoo_TIP"":""9198e3f8407f96f1376cec3bff2883b5a1730e9692a4acc4b4e124d9001589b9"",""yahoo_UUP"":""a4840dacc2e010d8281489df6cb8f77cc34ce1661bdac1c6031f392e01b7aedb"",""yahoo_ZT=F"":""1f36bff6184615be1adeb576578d5ad37ce794b249c13a30005be74f8262dee4""}"
NFP_202212_REL_20230106,nfp,2022:12,2023-01-06,2023-01-06T08:30:00 America/New_York,confirmation,confirmation_protocol_locked,223.0,381.0,-158.0,2785.9133714594996,-0.0567138955642494,philadelphia_fed_employ_first_releases,0,0,,-0.20999999999999996,0.07852380976853437,-2.6743480814165745,2023-01-05,2023-01-05,federal_reserve_h15_nominal:RIFLGFCY02_N.B,-0.07000000000000028,0.05540273708794683,-1.2634754829690384,2023-01-05,2023-01-05,federal_reserve_h15_nominal:RIFLGFCY01_N.B,0.3576868349297854,0.1475017037588923,-2.4249674804737427,2023-01-05,2023-01-05,yahoo:ZT=F,-0.040000000000000036,0.05966265807321678,-0.6704361034487076,2023-01-05,2023-01-05,derived:H15_5Y_nominal_minus_5Y_real,-0.009999999999999787,0.049711029366509465,-0.20116260168888858,2023-01-05,2023-01-05,derived:H15_10Y_nominal_minus_10Y_real,-0.16999999999999993,0.083371064904299,-2.0390767491712096,2023-01-05,2023-01-05,federal_reserve_h15_real:RIFLGFCY05_XII_N.B,-0.1499999999999999,0.07550507896262704,-1.9866213248283051,2023-01-05,2023-01-05,federal_reserve_h15_real:RIFLGFCY10_XII_N.B,0.9124069938022363,0.5279801773474297,-1.7281084270742233,2023-01-05,2023-01-05,yahoo:TIP,1.853466381119925,1.0265164716390973,1.8055885437087917,2023-01-05,2023-01-05,yahoo:GLD,1.589647009927115,1.027302990929391,1.547398405302974,2023-01-05,2023-01-05,yahoo:GC=F,-1.11048783559313,0.7316591585702741,-1.5177666029126462,2023-01-05,2023-01-05,yahoo:DX-Y.NYB,-1.31745667684383,0.7225278273133233,-1.8233992201279143,2023-01-05,yahoo:UUP,1,"{""alfred_employment_situation_release_dates"":""b796dbd0eac6d9fd3e17ef1280bf85abe0e8b6e91df1205809e70b9ba0cf5a4b"",""federal_reserve_h15_nominal"":""dd00d34890aea66542962d4e00c3650e37e7303bdcdea95963616a6ca09fce87"",""federal_reserve_h15_real"":""5be7cb777f2a50c090ec837ab67ad98e90e36ff23935d9d8e1e1bbdb97ea0142"",""philadelphia_fed_employ_first_releases"":""8af43817875de1075966ebb668f42ddd7367db908d7897a59744917ef167f755"",""yahoo_DX-Y.NYB"":""2abdecea5830986f7a96a4a77f51a66ae7015a1d96488f3b6807200e2e1f0585"",""yahoo_GC=F"":""dde2a4acfa0b6fafad13fd03b21e79cf06b521cf30e1ed0662dd6da52c3e6f78"",""yahoo_GLD"":""cffc9bd91365864e1969d125a13ee2eeae3f44374a8337e4a94eddc8ffad287e"",""yahoo_TIP"":""9198e3f8407f96f1376cec3bff2883b5a1730e9692a4acc4b4e124d9001589b9"",""yahoo_UUP"":""a4840dacc2e010d8281489df6cb8f77cc34ce1661bdac1c6031f392e01b7aedb"",""yahoo_ZT=F"":""1f36bff6184615be1adeb576578d5ad37ce794b249c13a30005be74f8262dee4""}"
NFP_202301_REL_20230203,nfp,2023:01,2023-02-03,2023-02-03T08:30:00 America/New_York,confirmation,confirmation_protocol_locked,517.0,381.0,136.0,2785.8542160846887,0.04881806062024951,philadelphia_fed_employ_first_releases,0,0,,0.20999999999999996,0.0769099554215048,2.730465761540174,2023-02-02,2023-02-02,federal_reserve_h15_nominal:RIFLGFCY02_N.B,0.15000000000000036,0.04511253975268803,3.3250178514071047,2023-02-02,2023-02-02,federal_reserve_h15_nominal:RIFLGFCY01_N.B,-0.3835714783887257,0.14043759538917222,2.731259228170316,2023-02-02,2023-02-02,yahoo:ZT=F,0.009999999999999787,0.04924744393837386,0.20305622384206087,2023-02-02,2023-02-02,derived:H15_5Y_nominal_minus_5Y_real,0.0,0.04239843297392099,0.0,2023-02-02,2023-02-02,derived:H15_10Y_nominal_minus_10Y_real,0.16999999999999993,0.08408010036171555,2.0218815066663094,2023-02-02,2023-02-02,federal_reserve_h15_real:RIFLGFCY05_XII_N.B,0.13000000000000012,0.07843526244923409,1.657417798329424,2023-02-02,2023-02-02,federal_reserve_h15_real:RIFLGFCY10_XII_N.B,-0.9381847472646258,0.5511177992288157,1.7023306969534218,2023-02-02,2023-02-02,yahoo:TIP,-2.5274496401227435,0.9838932485007166,-2.5688250671240405,2023-02-02,2023-02-02,yahoo:GLD,-2.826184255379748,0.9139949127432432,-3.0921225227581455,2023-02-02,2023-02-02,yahoo:GC=F,1.1433145299790697,0.6235202359630327,1.8336446261655164,2023-02-02,2023-02-02,yahoo:DX-Y.NYB,1.3038997698718473,0.6405489108563147,2.035597512965458,2023-02-02,yahoo:UUP,1,"{""alfred_employment_situation_release_dates"":""b796dbd0eac6d9fd3e17ef1280bf85abe0e8b6e91df1205809e70b9ba0cf5a4b"",""federal_reserve_h15_nominal"":""dd00d34890aea66542962d4e00c3650e37e7303bdcdea95963616a6ca09fce87"",""federal_reserve_h15_real"":""5be7cb777f2a50c090ec837ab67ad98e90e36ff23935d9d8e1e1bbdb97ea0142"",""philadelphia_fed_employ_first_releases"":""8af43817875de1075966ebb668f42ddd7367db908d7897a59744917ef167f755"",""yahoo_DX-Y.NYB"":""2abdecea5830986f7a96a4a77f51a66ae7015a1d96488f3b6807200e2e1f0585"",""yahoo_GC=F"":""dde2a4acfa0b6fafad13fd03b21e79cf06b521cf30e1ed0662dd6da52c3e6f78"",""yahoo_GLD"":""cffc9bd91365864e1969d125a13ee2eeae3f44374a8337e4a94eddc8ffad287e"",""yahoo_TIP"":""9198e3f8407f96f1376cec3bff2883b5a1730e9692a4acc4b4e124d9001589b9"",""yahoo_UUP"":""a4840dacc2e010d8281489df6cb8f77cc34ce1661bdac1c6031f392e01b7aedb"",""yahoo_ZT=F"":""1f36bff6184615be1adeb576578d5ad37ce794b249c13a30005be74f8262dee4""}"
NFP_202302_REL_20230310,nfp,2023:02,2023-03-10,2023-03-10T08:30:00 America/New_York,confirmation,confirmation_protocol_locked,311.0,381.0,-70.0,2786.0974715875323,-0.025124749120896208,philadelphia_fed_employ_first_releases,0,0,,-0.3000000000000007,0.07400011452121233,-4.054047780074785,2023-03-09,2023-03-09,federal_reserve_h15_nominal:RIFLGFCY02_N.B,-0.27999999999999936,0.047384709922751275,-5.909079119751248,2023-03-09,2023-03-09,federal_reserve_h15_nominal:RIFLGFCY01_N.B,0.5485771885157107,0.13861378488355575,-3.9575947585339355,2023-03-09,2023-03-09,yahoo:ZT=F,-0.08999999999999986,0.05062630342885061,-1.777732006969152,2023-03-09,2023-03-09,derived:H15_5Y_nominal_minus_5Y_real,-0.040000000000000036,0.03900745981096382,-1.0254448814110486,2023-03-09,2023-03-09,derived:H15_10Y_nominal_minus_10Y_real,-0.16999999999999993,0.07256479668209731,-2.3427337741296417,2023-03-09,2023-03-09,federal_reserve_h15_real:RIFLGFCY05_XII_N.B,-0.18999999999999995,0.06349874325906167,-2.9921852031754304,2023-03-09,2023-03-09,federal_reserve_h15_real:RIFLGFCY10_XII_N.B,1.4631424788850882,0.4476457206392756,-3.2685277920128404,2023-03-09,2023-03-09,yahoo:TIP,2.1333667247723986,0.9069555025391683,2.35222865818631,2023-03-09,2023-03-09,yahoo:GLD,1.7717772147514534,0.8485666198680734,2.0879647788018243,2023-03-09,2023-03-09,yahoo:GC=F,-0.6956011940827523,0.498490902590181,-1.395414019530502,2023-03-09,2023-03-09,yahoo:DX-Y.NYB,-0.6329125290207266,0.5259888417966515,-1.2032812841786709,2023-03-09,yahoo:UUP,1,"{""alfred_employment_situation_release_dates"":""b796dbd0eac6d9fd3e17ef1280bf85abe0e8b6e91df1205809e70b9ba0cf5a4b"",""federal_reserve_h15_nominal"":""dd00d34890aea66542962d4e00c3650e37e7303bdcdea95963616a6ca09fce87"",""federal_reserve_h15_real"":""5be7cb777f2a50c090ec837ab67ad98e90e36ff23935d9d8e1e1bbdb97ea0142"",""philadelphia_fed_employ_first_releases"":""8af43817875de1075966ebb668f42ddd7367db908d7897a59744917ef167f755"",""yahoo_DX-Y.NYB"":""2abdecea5830986f7a96a4a77f51a66ae7015a1d96488f3b6807200e2e1f0585"",""yahoo_GC=F"":""dde2a4acfa0b6fafad13fd03b21e79cf06b521cf30e1ed0662dd6da52c3e6f78"",""yahoo_GLD"":""cffc9bd91365864e1969d125a13ee2eeae3f44374a8337e4a94eddc8ffad287e"",""yahoo_TIP"":""9198e3f8407f96f1376cec3bff2883b5a1730e9692a4acc4b4e124d9001589b9"",""yahoo_UUP"":""a4840dacc2e010d8281489df6cb8f77cc34ce1661bdac1c6031f392e01b7aedb"",""yahoo_ZT=F"":""1f36bff6184615be1adeb576578d5ad37ce794b249c13a30005be74f8262dee4""}"
NFP_202303_REL_20230407,nfp,2023:03,2023-04-07,2023-04-07T08:30:00 America/New_York,confirmation,confirmation_protocol_locked,236.0,343.5,-107.5,2785.847282527848,-0.038587901308953176,philadelphia_fed_employ_first_releases,0,0,,0.15000000000000036,0.13727740071025055,1.0926780316638076,2023-04-06,2023-04-06,federal_reserve_h15_nominal:RIFLGFCY02_N.B,0.10000000000000053,0.13022915483240144,0.7678772094366707,2023-04-06,2023-04-06,federal_reserve_h15_nominal:RIFLGFCY01_N.B,,,,,,yahoo:ZT=F,0.020000000000000018,0.058294741067768614,0.3430841210315984,2023-04-06,2023-04-06,derived:H15_5Y_nominal_minus_5Y_real,0.010000000000000231,0.0443025040421733,0.22572087551712283,2023-04-06,2023-04-06,derived:H15_10Y_nominal_minus_10Y_real,0.09999999999999987,0.09310767717015926,1.0740252902802474,2023-04-06,2023-04-06,federal_reserve_h15_real:RIFLGFCY05_XII_N.B,0.07999999999999985,0.0726144139089798,1.1017096426651283,2023-04-06,2023-04-06,federal_reserve_h15_real:RIFLGFCY10_XII_N.B,,,,,,yahoo:TIP,,,,,,yahoo:GLD,,,,,,yahoo:GC=F,,,,,,yahoo:DX-Y.NYB,,,,,yahoo:UUP,0,"{""alfred_employment_situation_release_dates"":""b796dbd0eac6d9fd3e17ef1280bf85abe0e8b6e91df1205809e70b9ba0cf5a4b"",""federal_reserve_h15_nominal"":""dd00d34890aea66542962d4e00c3650e37e7303bdcdea95963616a6ca09fce87"",""federal_reserve_h15_real"":""5be7cb777f2a50c090ec837ab67ad98e90e36ff23935d9d8e1e1bbdb97ea0142"",""philadelphia_fed_employ_first_releases"":""8af43817875de1075966ebb668f42ddd7367db908d7897a59744917ef167f755"",""yahoo_DX-Y.NYB"":""2abdecea5830986f7a96a4a77f51a66ae7015a1d96488f3b6807200e2e1f0585"",""yahoo_GC=F"":""dde2a4acfa0b6fafad13fd03b21e79cf06b521cf30e1ed0662dd6da52c3e6f78"",""yahoo_GLD"":""cffc9bd91365864e1969d125a13ee2eeae3f44374a8337e4a94eddc8ffad287e"",""yahoo_TIP"":""9198e3f8407f96f1376cec3bff2883b5a1730e9692a4acc4b4e124d9001589b9"",""yahoo_UUP"":""a4840dacc2e010d8281489df6cb8f77cc34ce1661bdac1c6031f392e01b7aedb"",""yahoo_ZT=F"":""1f36bff6184615be1adeb576578d5ad37ce794b249c13a30005be74f8262dee4""}"
NFP_202304_REL_20230505,nfp,2023:04,2023-05-05,2023-05-05T08:30:00 America/New_York,confirmation,confirmation_protocol_locked,253.0,313.0,-60.0,2785.843333691412,-0.021537463817283775,philadelphia_fed_employ_first_releases,0,0,,0.16999999999999993,0.14277120094475998,1.1907163270677756,2023-05-04,2023-05-04,federal_reserve_h15_nominal:RIFLGFCY02_N.B,0.14000000000000057,0.13476239814875018,1.038865454482853,2023-05-04,2023-05-04,federal_reserve_h15_nominal:RIFLGFCY01_N.B,-0.36594838341740793,0.2615397297382795,1.3992076224274195,2023-05-04,2023-05-04,yahoo:ZT=F,0.0600000000000005,0.056820412899185255,1.055958535649093,2023-05-04,2023-05-04,derived:H15_5Y_nominal_minus_5Y_real,0.019999999999999574,0.042491275275946615,0.47068486107125945,2023-05-04,2023-05-04,derived:H15_10Y_nominal_minus_10Y_real,0.06000000000000005,0.08928466504629659,0.6720078970883564,2023-05-04,2023-05-04,federal_reserve_h15_real:RIFLGFCY05_XII_N.B,0.050000000000000044,0.0683582702190791,0.7314403925049119,2023-05-04,2023-05-04,federal_reserve_h15_real:RIFLGFCY10_XII_N.B,-0.20015641342689808,0.5274830674227144,0.37945561817721196,2023-05-04,2023-05-04,yahoo:TIP,-1.5771672012865212,0.9831027132967035,-1.6042750975609679,2023-05-04,2023-05-04,yahoo:GLD,-1.5054141436917399,1.018993608759176,-1.477353862429889,2023-05-04,2023-05-04,yahoo:GC=F,-0.1875549050207397,0.4616383623006509,-0.40628102068040645,2023-05-04,2023-05-04,yahoo:DX-Y.NYB,-0.14451111728064123,0.45211050768233535,-0.319636714531259,2023-05-04,yahoo:UUP,1,"{""alfred_employment_situation_release_dates"":""b796dbd0eac6d9fd3e17ef1280bf85abe0e8b6e91df1205809e70b9ba0cf5a4b"",""federal_reserve_h15_nominal"":""dd00d34890aea66542962d4e00c3650e37e7303bdcdea95963616a6ca09fce87"",""federal_reserve_h15_real"":""5be7cb777f2a50c090ec837ab67ad98e90e36ff23935d9d8e1e1bbdb97ea0142"",""philadelphia_fed_employ_first_releases"":""8af43817875de1075966ebb668f42ddd7367db908d7897a59744917ef167f755"",""yahoo_DX-Y.NYB"":""2abdecea5830986f7a96a4a77f51a66ae7015a1d96488f3b6807200e2e1f0585"",""yahoo_GC=F"":""dde2a4acfa0b6fafad13fd03b21e79cf06b521cf30e1ed0662dd6da52c3e6f78"",""yahoo_GLD"":""cffc9bd91365864e1969d125a13ee2eeae3f44374a8337e4a94eddc8ffad287e"",""yahoo_TIP"":""9198e3f8407f96f1376cec3bff2883b5a1730e9692a4acc4b4e124d9001589b9"",""yahoo_UUP"":""a4840dacc2e010d8281489df6cb8f77cc34ce1661bdac1c6031f392e01b7aedb"",""yahoo_ZT=F"":""1f36bff6184615be1adeb576578d5ad37ce794b249c13a30005be74f8262dee4""}"
NFP_202305_REL_20230602,nfp,2023:05,2023-06-02,2023-06-02T08:30:00 America/New_York,confirmation,confirmation_protocol_locked,339.0,287.0,52.0,2785.8240385438585,0.01866593125787666,philadelphia_fed_employ_first_releases,0,0,,0.16999999999999993,0.14766889210295867,1.1512241852635519,2023-06-01,2023-06-01,federal_reserve_h15_nominal:RIFLGFCY02_N.B,0.10999999999999943,0.1380661431597394,0.7967195829663463,2023-06-01,2023-06-01,federal_reserve_h15_nominal:RIFLGFCY01_N.B,-0.2712254551615584,0.27240911889547137,0.9956548307240508,2023-06-01,2023-06-01,yahoo:ZT=F,0.05999999999999961,0.05084595101346105,1.1800349645169406,2023-06-01,2023-06-01,derived:H15_5Y_nominal_minus_5Y_real,0.019999999999999574,0.03763638100483681,0.5314007209521364,2023-06-01,2023-06-01,derived:H15_10Y_nominal_minus_10Y_real,0.08000000000000007,0.08643994682309598,0.9254980242378491,2023-06-01,2023-06-01,federal_reserve_h15_real:RIFLGFCY05_XII_N.B,0.06000000000000005,0.06430396566309113,0.9330684255829428,2023-06-01,2023-06-01,federal_reserve_h15_real:RIFLGFCY10_XII_N.B,-0.4912262814094343,0.4875597796165994,1.007520107166588,2023-06-01,2023-06-01,yahoo:TIP,-1.4857275420164702,1.0079354936472908,-1.4740303832740849,2023-06-01,2023-06-01,yahoo:GLD,-1.3026835665023309,1.0428898590419327,-1.249109438746544,2023-06-01,2023-06-01,yahoo:GC=F,0.44320247643874133,0.43789212141947653,1.0121270850958695,2023-06-01,2023-06-01,yahoo:DX-Y.NYB,1.0555951209663055,0.4450309430006985,2.3719589335716114,2023-06-01,yahoo:UUP,1,"{""alfred_employment_situation_release_dates"":""b796dbd0eac6d9fd3e17ef1280bf85abe0e8b6e91df1205809e70b9ba0cf5a4b"",""federal_reserve_h15_nominal"":""dd00d34890aea66542962d4e00c3650e37e7303bdcdea95963616a6ca09fce87"",""federal_reserve_h15_real"":""5be7cb777f2a50c090ec837ab67ad98e90e36ff23935d9d8e1e1bbdb97ea0142"",""philadelphia_fed_employ_first_releases"":""8af43817875de1075966ebb668f42ddd7367db908d7897a59744917ef167f755"",""yahoo_DX-Y.NYB"":""2abdecea5830986f7a96a4a77f51a66ae7015a1d96488f3b6807200e2e1f0585"",""yahoo_GC=F"":""dde2a4acfa0b6fafad13fd03b21e79cf06b521cf30e1ed0662dd6da52c3e6f78"",""yahoo_GLD"":""cffc9bd91365864e1969d125a13ee2eeae3f44374a8337e4a94eddc8ffad287e"",""yahoo_TIP"":""9198e3f8407f96f1376cec3bff2883b5a1730e9692a4acc4b4e124d9001589b9"",""yahoo_UUP"":""a4840dacc2e010d8281489df6cb8f77cc34ce1661bdac1c6031f392e01b7aedb"",""yahoo_ZT=F"":""1f36bff6184615be1adeb576578d5ad37ce794b249c13a30005be74f8262dee4""}"
NFP_202306_REL_20230707,nfp,2023:06,2023-07-07,2023-07-07T08:30:00 America/New_York,confirmation,confirmation_protocol_locked,209.0,287.0,-78.0,2785.84140268321,-0.027998722369792315,philadelphia_fed_employ_first_releases,0,0,,-0.04999999999999982,0.08955303324126922,-0.5583283802938576,2023-07-06,2023-07-06,federal_reserve_h15_nominal:RIFLGFCY02_N.B,-0.03000000000000025,0.06400454609560131,-0.4687167057663422,2023-07-06,2023-07-06,federal_reserve_h15_nominal:RIFLGFCY01_N.B,0.13088503235073942,0.15927571777563507,-0.8217513264332709,2023-07-06,2023-07-06,yahoo:ZT=F,-4.440892098500626e-16,0.03559661000808646,-1.2475603990075996e-14,2023-07-06,2023-07-06,derived:H15_5Y_nominal_minus_5Y_real,0.0,0.02414644585560417,0.0,2023-07-06,2023-07-06,derived:H15_10Y_nominal_minus_10Y_real,-0.020000000000000018,0.06491432859159198,-0.3080983880435685,2023-07-06,2023-07-06,federal_reserve_h15_real:RIFLGFCY05_XII_N.B,0.010000000000000009,0.05316640543300505,0.18808869846581977,2023-07-06,2023-07-06,federal_reserve_h15_real:RIFLGFCY10_XII_N.B,-0.06612119661695688,0.349164024905165,0.18937001495190056,2023-07-06,2023-07-06,yahoo:TIP,0.7473004815488796,0.757587769895434,0.9864209946948137,2023-07-06,2023-07-06,yahoo:GLD,0.9126768323334932,0.7596021808512831,1.2015194997342689,2023-07-06,2023-07-06,yahoo:GC=F,-0.8761753370652237,0.37986164195999145,-2.306564391562089,2023-07-06,2023-07-06,yahoo:DX-Y.NYB,-0.846564658132864,0.4208721799030052,-2.0114531170199097,2023-07-06,yahoo:UUP,1,"{""alfred_employment_situation_release_dates"":""b796dbd0eac6d9fd3e17ef1280bf85abe0e8b6e91df1205809e70b9ba0cf5a4b"",""federal_reserve_h15_nominal"":""dd00d34890aea66542962d4e00c3650e37e7303bdcdea95963616a6ca09fce87"",""federal_reserve_h15_real"":""5be7cb777f2a50c090ec837ab67ad98e90e36ff23935d9d8e1e1bbdb97ea0142"",""philadelphia_fed_employ_first_releases"":""8af43817875de1075966ebb668f42ddd7367db908d7897a59744917ef167f755"",""yahoo_DX-Y.NYB"":""2abdecea5830986f7a96a4a77f51a66ae7015a1d96488f3b6807200e2e1f0585"",""yahoo_GC=F"":""dde2a4acfa0b6fafad13fd03b21e79cf06b521cf30e1ed0662dd6da52c3e6f78"",""yahoo_GLD"":""cffc9bd91365864e1969d125a13ee2eeae3f44374a8337e4a94eddc8ffad287e"",""yahoo_TIP"":""9198e3f8407f96f1376cec3bff2883b5a1730e9692a4acc4b4e124d9001589b9"",""yahoo_UUP"":""a4840dacc2e010d8281489df6cb8f77cc34ce1661bdac1c6031f392e01b7aedb"",""yahoo_ZT=F"":""1f36bff6184615be1adeb576578d5ad37ce794b249c13a30005be74f8262dee4""}"
NFP_202307_REL_20230804,nfp,2023:07,2023-08-04,2023-08-04T08:30:00 America/New_York,confirmation,confirmation_protocol_locked,187.0,263.0,-76.0,2785.74728447866,-0.027281728110603923,philadelphia_fed_employ_first_releases,0,0,,-0.1200000000000001,0.07427616813313931,-1.6155922285180526,2023-08-03,2023-08-03,federal_reserve_h15_nominal:RIFLGFCY02_N.B,-0.040000000000000036,0.050855950326543053,-0.7865352971119879,2023-08-03,2023-08-03,federal_reserve_h15_nominal:RIFLGFCY01_N.B,0.17305367058411025,0.1327455006956766,-1.303649989470012,2023-08-03,2023-08-03,yahoo:ZT=F,0.020000000000000906,0.02951395341745465,0.677645577233067,2023-08-03,2023-08-03,derived:H15_5Y_nominal_minus_5Y_real,0.009999999999999787,0.025202008708391743,0.3967937681360294,2023-08-03,2023-08-03,derived:H15_10Y_nominal_minus_10Y_real,-0.17000000000000015,0.06853161256605562,-2.480607031333782,2023-08-03,2023-08-03,federal_reserve_h15_real:RIFLGFCY05_XII_N.B,-0.16000000000000014,0.05688823416525316,-2.81253236891165,2023-08-03,2023-08-03,federal_reserve_h15_real:RIFLGFCY10_XII_N.B,0.9626384984057771,0.36061497306675844,-2.6694357425573942,2023-08-03,2023-08-03,yahoo:TIP,0.3613876354074006,0.6866120367244024,0.5263345471359063,2023-08-03,2023-08-03,yahoo:GLD,0.39260178715701455,0.6706496343597904,0.5854052057029697,2023-08-03,2023-08-03,yahoo:GC=F,-0.5084135693926123,0.41960242751527577,-1.2116554530040304,2023-08-03,2023-08-03,yahoo:DX-Y.NYB,-0.49365073821791466,0.4633774581384706,-1.0653317927916932,2023-08-03,yahoo:UUP,1,"{""alfred_employment_situation_release_dates"":""b796dbd0eac6d9fd3e17ef1280bf85abe0e8b6e91df1205809e70b9ba0cf5a4b"",""federal_reserve_h15_nominal"":""dd00d34890aea66542962d4e00c3650e37e7303bdcdea95963616a6ca09fce87"",""federal_reserve_h15_real"":""5be7cb777f2a50c090ec837ab67ad98e90e36ff23935d9d8e1e1bbdb97ea0142"",""philadelphia_fed_employ_first_releases"":""8af43817875de1075966ebb668f42ddd7367db908d7897a59744917ef167f755"",""yahoo_DX-Y.NYB"":""2abdecea5830986f7a96a4a77f51a66ae7015a1d96488f3b6807200e2e1f0585"",""yahoo_GC=F"":""dde2a4acfa0b6fafad13fd03b21e79cf06b521cf30e1ed0662dd6da52c3e6f78"",""yahoo_GLD"":""cffc9bd91365864e1969d125a13ee2eeae3f44374a8337e4a94eddc8ffad287e"",""yahoo_TIP"":""9198e3f8407f96f1376cec3bff2883b5a1730e9692a4acc4b4e124d9001589b9"",""yahoo_UUP"":""a4840dacc2e010d8281489df6cb8f77cc34ce1661bdac1c6031f392e01b7aedb"",""yahoo_ZT=F"":""1f36bff6184615be1adeb576578d5ad37ce794b249c13a30005be74f8262dee4""}"
NFP_202308_REL_20230901,nfp,2023:08,2023-09-01,2023-09-01T08:30:00 America/New_York,confirmation,confirmation_protocol_locked,187.0,262.0,-75.0,2785.7207894307476,-0.026923014066792383,philadelphia_fed_employ_first_releases,0,0,,0.020000000000000462,0.06740634850820094,0.2967079576720756,2023-08-31,2023-08-31,federal_reserve_h15_nominal:RIFLGFCY02_N.B,-0.009999999999999787,0.03764651228209133,-0.2656288562687611,2023-08-31,2023-08-31,federal_reserve_h15_nominal:RIFLGFCY01_N.B,-0.007696451939462279,0.11906557511234549,0.06464044651193442,2023-08-31,2023-08-31,yahoo:ZT=F,0.019999999999999574,0.02619947383781846,0.7633741091063416,2023-08-31,2023-08-31,derived:H15_5Y_nominal_minus_5Y_real,0.020000000000000018,0.025833014395698475,0.7742031066777197,2023-08-31,2023-08-31,derived:H15_10Y_nominal_minus_10Y_real,0.040000000000000036,0.06903920936235096,0.5793809107815938,2023-08-31,2023-08-31,federal_reserve_h15_real:RIFLGFCY05_XII_N.B,0.06999999999999984,0.0634673722839757,1.1029289141953889,2023-08-31,2023-08-31,federal_reserve_h15_real:RIFLGFCY10_XII_N.B,-0.5185961199524087,0.3952131777830301,1.312193391074412,2023-08-31,2023-08-31,yahoo:TIP,0.04997991755412262,0.590712308524077,0.0846095753091718,2023-08-31,2023-08-31,yahoo:GLD,0.082521802323536,0.5945879304998412,0.1387882230541813,2023-08-31,2023-08-31,yahoo:GC=F,0.5965524430269873,0.4020680141287339,1.4837102730484388,2023-08-31,2023-08-31,yahoo:DX-Y.NYB,0.6211190691594817,0.4139731552746555,1.5003848951205367,2023-08-31,yahoo:UUP,1,"{""alfred_employment_situation_release_dates"":""b796dbd0eac6d9fd3e17ef1280bf85abe0e8b6e91df1205809e70b9ba0cf5a4b"",""federal_reserve_h15_nominal"":""dd00d34890aea66542962d4e00c3650e37e7303bdcdea95963616a6ca09fce87"",""federal_reserve_h15_real"":""5be7cb777f2a50c090ec837ab67ad98e90e36ff23935d9d8e1e1bbdb97ea0142"",""philadelphia_fed_employ_first_releases"":""8af43817875de1075966ebb668f42ddd7367db908d7897a59744917ef167f755"",""yahoo_DX-Y.NYB"":""2abdecea5830986f7a96a4a77f51a66ae7015a1d96488f3b6807200e2e1f0585"",""yahoo_GC=F"":""dde2a4acfa0b6fafad13fd03b21e79cf06b521cf30e1ed0662dd6da52c3e6f78"",""yahoo_GLD"":""cffc9bd91365864e1969d125a13ee2eeae3f44374a8337e4a94eddc8ffad287e"",""yahoo_TIP"":""9198e3f8407f96f1376cec3bff2883b5a1730e9692a4acc4b4e124d9001589b9"",""yahoo_UUP"":""a4840dacc2e010d8281489df6cb8f77cc34ce1661bdac1c6031f392e01b7aedb"",""yahoo_ZT=F"":""1f36bff6184615be1adeb576578d5ad37ce794b249c13a30005be74f8262dee4""}"
NFP_202309_REL_20231006,nfp,2023:09,2023-10-06,2023-10-06T08:30:00 America/New_York,confirmation,confirmation_protocol_locked,336.0,257.0,79.0,2785.613513502936,0.02836000027177379,philadelphia_fed_employ_first_releases,0,0,,0.04999999999999982,0.05450833140071703,0.9172909666308754,2023-10-05,2023-10-05,federal_reserve_h15_nominal:RIFLGFCY02_N.B,0.040000000000000036,0.02962286489004375,1.3503082888327942,2023-10-05,2023-10-05,federal_reserve_h15_nominal:RIFLGFCY01_N.B,-0.11179000065574683,0.10619710619615505,1.0526652246932344,2023-10-05,2023-10-05,yahoo:ZT=F,0.03000000000000025,0.027609054438818666,1.08660005240237,2023-10-05,2023-10-05,derived:H15_5Y_nominal_minus_5Y_real,4.440892098500626e-16,0.026762715442441756,1.659357813691065e-14,2023-10-05,2023-10-05,derived:H15_10Y_nominal_minus_10Y_real,0.040000000000000036,0.059011394092737375,0.6778351980151389,2023-10-05,2023-10-05,federal_reserve_h15_real:RIFLGFCY05_XII_N.B,0.06000000000000005,0.06033311483557527,0.9944787396360515,2023-10-05,2023-10-05,federal_reserve_h15_real:RIFLGFCY10_XII_N.B,-0.36164461139527365,0.37139676838259644,0.9737419444175762,2023-10-05,2023-10-05,yahoo:TIP,0.5139851922273756,0.5428255906566466,0.9468698622067849,2023-10-05,2023-10-05,yahoo:GLD,0.7458615173471331,0.581438478211096,1.2827866494868303,2023-10-05,2023-10-05,yahoo:GC=F,-0.2731092828867336,0.3302184897656514,-0.8270563016642499,2023-10-05,2023-10-05,yahoo:DX-Y.NYB,-0.2015449460309791,0.34485259100235166,-0.5844379636098043,2023-10-05,yahoo:UUP,1,"{""alfred_employment_situation_release_dates"":""b796dbd0eac6d9fd3e17ef1280bf85abe0e8b6e91df1205809e70b9ba0cf5a4b"",""federal_reserve_h15_nominal"":""dd00d34890aea66542962d4e00c3650e37e7303bdcdea95963616a6ca09fce87"",""federal_reserve_h15_real"":""5be7cb777f2a50c090ec837ab67ad98e90e36ff23935d9d8e1e1bbdb97ea0142"",""philadelphia_fed_employ_first_releases"":""8af43817875de1075966ebb668f42ddd7367db908d7897a59744917ef167f755"",""yahoo_DX-Y.NYB"":""2abdecea5830986f7a96a4a77f51a66ae7015a1d96488f3b6807200e2e1f0585"",""yahoo_GC=F"":""dde2a4acfa0b6fafad13fd03b21e79cf06b521cf30e1ed0662dd6da52c3e6f78"",""yahoo_GLD"":""cffc9bd91365864e1969d125a13ee2eeae3f44374a8337e4a94eddc8ffad287e"",""yahoo_TIP"":""9198e3f8407f96f1376cec3bff2883b5a1730e9692a4acc4b4e124d9001589b9"",""yahoo_UUP"":""a4840dacc2e010d8281489df6cb8f77cc34ce1661bdac1c6031f392e01b7aedb"",""yahoo_ZT=F"":""1f36bff6184615be1adeb576578d5ad37ce794b249c13a30005be74f8262dee4""}"
NFP_202310_REL_20231103,nfp,2023:10,2023-11-03,2023-11-03T08:30:00 America/New_York,confirmation,confirmation_protocol_locked,150.0,257.0,-107.0,2785.809500807285,-0.03840894360113031,philadelphia_fed_employ_first_releases,0,0,,-0.15000000000000036,0.054030750817458624,-2.776196845880805,2023-11-02,2023-11-02,federal_reserve_h15_nominal:RIFLGFCY02_N.B,-0.08999999999999986,0.03005221444786291,-2.9947876272525398,2023-11-02,2023-11-02,federal_reserve_h15_nominal:RIFLGFCY01_N.B,0.2616392412128207,0.10497820141692338,-2.4923197166782685,2023-11-02,2023-11-02,yahoo:ZT=F,-0.03000000000000025,0.03529496370981045,-0.8499796244771761,2023-11-02,2023-11-02,derived:H15_5Y_nominal_minus_5Y_real,-0.009999999999999787,0.0229122620317687,-0.4364475225595105,2023-11-02,2023-11-02,derived:H15_10Y_nominal_minus_10Y_real,-0.1299999999999999,0.06002447711648425,-2.1657831312336175,2023-11-02,2023-11-02,federal_reserve_h15_real:RIFLGFCY05_XII_N.B,-0.08999999999999986,0.06138215018702035,-1.4662242968971613,2023-11-02,2023-11-02,federal_reserve_h15_real:RIFLGFCY10_XII_N.B,0.5097325776345734,0.397244842754425,-1.2831697803807305,2023-11-02,2023-11-02,yahoo:TIP,0.36323164276059106,0.7236820627837622,0.5019215777759652,2023-11-02,2023-11-02,yahoo:GLD,0.29670004669155114,0.7104112444544358,0.4176454821170568,2023-11-02,2023-11-02,yahoo:GC=F,-1.041977890638448,0.33517703885061995,-3.1087388748691454,2023-11-02,2023-11-02,yahoo:DX-Y.NYB,-0.9411844763422099,0.348122279059977,-2.703603110044146,2023-11-02,yahoo:UUP,1,"{""alfred_employment_situation_release_dates"":""b796dbd0eac6d9fd3e17ef1280bf85abe0e8b6e91df1205809e70b9ba0cf5a4b"",""federal_reserve_h15_nominal"":""dd00d34890aea66542962d4e00c3650e37e7303bdcdea95963616a6ca09fce87"",""federal_reserve_h15_real"":""5be7cb777f2a50c090ec837ab67ad98e90e36ff23935d9d8e1e1bbdb97ea0142"",""philadelphia_fed_employ_first_releases"":""8af43817875de1075966ebb668f42ddd7367db908d7897a59744917ef167f755"",""yahoo_DX-Y.NYB"":""2abdecea5830986f7a96a4a77f51a66ae7015a1d96488f3b6807200e2e1f0585"",""yahoo_GC=F"":""dde2a4acfa0b6fafad13fd03b21e79cf06b521cf30e1ed0662dd6da52c3e6f78"",""yahoo_GLD"":""cffc9bd91365864e1969d125a13ee2eeae3f44374a8337e4a94eddc8ffad287e"",""yahoo_TIP"":""9198e3f8407f96f1376cec3bff2883b5a1730e9692a4acc4b4e124d9001589b9"",""yahoo_UUP"":""a4840dacc2e010d8281489df6cb8f77cc34ce1661bdac1c6031f392e01b7aedb"",""yahoo_ZT=F"":""1f36bff6184615be1adeb576578d5ad37ce794b249c13a30005be74f8262dee4""}"
NFP_202311_REL_20231208,nfp,2023:11,2023-12-08,2023-12-08T08:30:00 America/New_York,confirmation,confirmation_protocol_locked,199.0,244.5,-45.5,2785.631936743555,-0.016333816180033524,philadelphia_fed_employ_first_releases,0,0,,0.1299999999999999,0.07039035629890657,1.8468438978766655,2023-12-07,2023-12-07,federal_reserve_h15_nominal:RIFLGFCY02_N.B,0.08000000000000007,0.03927701128929246,2.0368148536242967,2023-12-07,2023-12-07,federal_reserve_h15_nominal:RIFLGFCY01_N.B,-0.22211168324042146,0.13088972350222697,1.6969375234155983,2023-12-07,2023-12-07,yahoo:ZT=F,0.04999999999999982,0.03883144802775459,1.287616160084027,2023-12-07,2023-12-07,derived:H15_5Y_nominal_minus_5Y_real,0.04000000000000048,0.025716292182502102,1.5554341860844663,2023-12-07,2023-12-07,derived:H15_10Y_nominal_minus_10Y_real,0.08000000000000007,0.07118429173511882,1.1238434498679153,2023-12-07,2023-12-07,federal_reserve_h15_real:RIFLGFCY05_XII_N.B,0.050000000000000044,0.0684171320270169,0.7308111070814222,2023-12-07,2023-12-07,federal_reserve_h15_real:RIFLGFCY10_XII_N.B,-0.12316700021752351,0.4220541513072333,0.29182748193812785,2023-12-07,2023-12-07,yahoo:TIP,-1.3430173514668298,0.8655563270407008,-1.551623284943855,2023-12-07,2023-12-07,yahoo:GLD,-1.568969924387106,0.8640243014083402,-1.8158863377218908,2023-12-07,2023-12-07,yahoo:GC=F,0.4529048587731384,0.41841830238049094,1.082421242561438,2023-12-07,2023-12-07,yahoo:DX-Y.NYB,0.3740834272313013,0.42901862073225727,0.871951493836814,2023-12-07,yahoo:UUP,1,"{""alfred_employment_situation_release_dates"":""b796dbd0eac6d9fd3e17ef1280bf85abe0e8b6e91df1205809e70b9ba0cf5a4b"",""federal_reserve_h15_nominal"":""dd00d34890aea66542962d4e00c3650e37e7303bdcdea95963616a6ca09fce87"",""federal_reserve_h15_real"":""5be7cb777f2a50c090ec837ab67ad98e90e36ff23935d9d8e1e1bbdb97ea0142"",""philadelphia_fed_employ_first_releases"":""8af43817875de1075966ebb668f42ddd7367db908d7897a59744917ef167f755"",""yahoo_DX-Y.NYB"":""2abdecea5830986f7a96a4a77f51a66ae7015a1d96488f3b6807200e2e1f0585"",""yahoo_GC=F"":""dde2a4acfa0b6fafad13fd03b21e79cf06b521cf30e1ed0662dd6da52c3e6f78"",""yahoo_GLD"":""cffc9bd91365864e1969d125a13ee2eeae3f44374a8337e4a94eddc8ffad287e"",""yahoo_TIP"":""9198e3f8407f96f1376cec3bff2883b5a1730e9692a4acc4b4e124d9001589b9"",""yahoo_UUP"":""a4840dacc2e010d8281489df6cb8f77cc34ce1661bdac1c6031f392e01b7aedb"",""yahoo_ZT=F"":""1f36bff6184615be1adeb576578d5ad37ce794b249c13a30005be74f8262dee4""}"
NFP_202312_REL_20240105,nfp,2023:12,2024-01-05,2024-01-05T08:30:00 America/New_York,confirmation,confirmation_protocol_locked,216.0,229.5,-13.5,2785.631936743555,-0.004846297108361595,philadelphia_fed_employ_first_releases,0,0,,0.020000000000000462,0.08036287756418066,0.2488711281403251,2024-01-04,2024-01-04,federal_reserve_h15_nominal:RIFLGFCY02_N.B,-0.009999999999999787,0.048151127436918024,-0.20767945699922846,2024-01-04,2024-01-04,federal_reserve_h15_nominal:RIFLGFCY01_N.B,-0.02663470517809869,0.14423844916136017,0.18465745668342795,2024-01-04,2024-01-04,yahoo:ZT=F,0.009999999999999343,0.04006315635562354,0.2496058950331724,2024-01-04,2024-01-04,derived:H15_5Y_nominal_minus_5Y_real,-4.440892098500626e-16,0.026478325002070154,-1.677180145705374e-14,2024-01-04,2024-01-04,derived:H15_10Y_nominal_minus_10Y_real,0.040000000000000036,0.07685539286497323,0.520457947177185,2024-01-04,2024-01-04,federal_reserve_h15_real:RIFLGFCY05_XII_N.B,0.06000000000000005,0.06881975146780463,0.8718427300346958,2024-01-04,2024-01-04,federal_reserve_h15_real:RIFLGFCY10_XII_N.B,-0.22453993515870138,0.4200132594706097,0.5346020157594894,2024-01-04,2024-01-04,yahoo:TIP,0.015844285681933426,0.8847973487837419,0.01790724814412392,2024-01-04,2024-01-04,yahoo:GLD,0.0048951249376952095,0.9005207909830281,0.0054358821991789714,2024-01-04,2024-01-04,yahoo:GC=F,-0.009758830986204219,0.45642478148933985,-0.021381027897654028,2024-01-04,2024-01-04,yahoo:DX-Y.NYB,0.0,0.4706157083350522,0.0,2024-01-04,yahoo:UUP,1,"{""alfred_employment_situation_release_dates"":""b796dbd0eac6d9fd3e17ef1280bf85abe0e8b6e91df1205809e70b9ba0cf5a4b"",""federal_reserve_h15_nominal"":""dd00d34890aea66542962d4e00c3650e37e7303bdcdea95963616a6ca09fce87"",""federal_reserve_h15_real"":""5be7cb777f2a50c090ec837ab67ad98e90e36ff23935d9d8e1e1bbdb97ea0142"",""philadelphia_fed_employ_first_releases"":""8af43817875de1075966ebb668f42ddd7367db908d7897a59744917ef167f755"",""yahoo_DX-Y.NYB"":""2abdecea5830986f7a96a4a77f51a66ae7015a1d96488f3b6807200e2e1f0585"",""yahoo_GC=F"":""dde2a4acfa0b6fafad13fd03b21e79cf06b521cf30e1ed0662dd6da52c3e6f78"",""yahoo_GLD"":""cffc9bd91365864e1969d125a13ee2eeae3f44374a8337e4a94eddc8ffad287e"",""yahoo_TIP"":""9198e3f8407f96f1376cec3bff2883b5a1730e9692a4acc4b4e124d9001589b9"",""yahoo_UUP"":""a4840dacc2e010d8281489df6cb8f77cc34ce1661bdac1c6031f392e01b7aedb"",""yahoo_ZT=F"":""1f36bff6184615be1adeb576578d5ad37ce794b249c13a30005be74f8262dee4""}"
NFP_202401_REL_20240202,nfp,2024:01,2024-02-02,2024-02-02T08:30:00 America/New_York,confirmation,confirmation_protocol_locked,353.0,226.0,127.0,2785.390962158862,0.045595035571439714,philadelphia_fed_employ_first_releases,0,0,,0.16000000000000014,0.07983935141205942,2.0040242959167225,2024-02-01,2024-02-01,federal_reserve_h15_nominal:RIFLGFCY02_N.B,0.1299999999999999,0.05084011717260578,2.5570358061654486,2024-02-01,2024-02-01,federal_reserve_h15_nominal:RIFLGFCY01_N.B,-0.3384870214132885,0.14409340729118686,2.3490805566785378,2024-02-01,2024-02-01,yahoo:ZT=F,0.020000000000000462,0.03213451600139745,0.6223837321567472,2024-02-01,2024-02-01,derived:H15_5Y_nominal_minus_5Y_real,0.019999999999999574,0.026468187919678452,0.7556240744811269,2024-02-01,2024-02-01,derived:H15_10Y_nominal_minus_10Y_real,0.17000000000000015,0.0713477993674386,2.38269437189655,2024-02-01,2024-02-01,federal_reserve_h15_real:RIFLGFCY05_XII_N.B,0.14000000000000012,0.06216889697760794,2.2519299329120392,2024-02-01,2024-02-01,federal_reserve_h15_real:RIFLGFCY10_XII_N.B,-0.967234537038098,0.3933901738633036,2.458715548330385,2024-02-01,2024-02-01,yahoo:TIP,-0.9498266920115547,0.7976348037034551,-1.1908039714434044,2024-02-01,2024-02-01,yahoo:GLD,-0.8265936631712222,0.8443209380145862,-0.9790041037178948,2024-02-01,2024-02-01,yahoo:GC=F,0.8407017791686767,0.4158238234133239,2.021773962510631,2024-02-01,2024-02-01,yahoo:DX-Y.NYB,0.8987974145262461,0.43375166101118207,2.0721474874146364,2024-02-01,yahoo:UUP,1,"{""alfred_employment_situation_release_dates"":""b796dbd0eac6d9fd3e17ef1280bf85abe0e8b6e91df1205809e70b9ba0cf5a4b"",""federal_reserve_h15_nominal"":""dd00d34890aea66542962d4e00c3650e37e7303bdcdea95963616a6ca09fce87"",""federal_reserve_h15_real"":""5be7cb777f2a50c090ec837ab67ad98e90e36ff23935d9d8e1e1bbdb97ea0142"",""philadelphia_fed_employ_first_releases"":""8af43817875de1075966ebb668f42ddd7367db908d7897a59744917ef167f755"",""yahoo_DX-Y.NYB"":""2abdecea5830986f7a96a4a77f51a66ae7015a1d96488f3b6807200e2e1f0585"",""yahoo_GC=F"":""dde2a4acfa0b6fafad13fd03b21e79cf06b521cf30e1ed0662dd6da52c3e6f78"",""yahoo_GLD"":""cffc9bd91365864e1969d125a13ee2eeae3f44374a8337e4a94eddc8ffad287e"",""yahoo_TIP"":""9198e3f8407f96f1376cec3bff2883b5a1730e9692a4acc4b4e124d9001589b9"",""yahoo_UUP"":""a4840dacc2e010d8281489df6cb8f77cc34ce1661bdac1c6031f392e01b7aedb"",""yahoo_ZT=F"":""1f36bff6184615be1adeb576578d5ad37ce794b249c13a30005be74f8262dee4""}"
NFP_202402_REL_20240308,nfp,2024:02,2024-03-08,2024-03-08T08:30:00 America/New_York,confirmation,confirmation_protocol_locked,275.0,226.0,49.0,2785.438720072089,0.017591483756904138,philadelphia_fed_employ_first_releases,0,0,,-0.019999999999999574,0.07396345868291307,-0.27040379609262305,2024-03-07,2024-03-07,federal_reserve_h15_nominal:RIFLGFCY02_N.B,-0.009999999999999787,0.05127746611400997,-0.19501743666049828,2024-03-07,2024-03-07,federal_reserve_h15_nominal:RIFLGFCY01_N.B,0.042019214858951236,0.14220427899553803,-0.2954848838287748,2024-03-07,2024-03-07,yahoo:ZT=F,-4.440892098500626e-16,0.027927974352115588,-1.5901232371921818e-14,2024-03-07,2024-03-07,derived:H15_5Y_nominal_minus_5Y_real,0.0,0.024292822868860933,0.0,2024-03-07,2024-03-07,derived:H15_10Y_nominal_minus_10Y_real,-0.010000000000000009,0.06542343608142702,-0.15285042484705105,2024-03-07,2024-03-07,federal_reserve_h15_real:RIFLGFCY05_XII_N.B,0.0,0.05507544901991961,0.0,2024-03-07,2024-03-07,federal_reserve_h15_real:RIFLGFCY10_XII_N.B,0.08367306290073973,0.3816411751747936,-0.21924537587543333,2024-03-07,2024-03-07,yahoo:TIP,0.8417025116951236,0.7135842728004628,1.1795418477930582,2024-03-07,2024-03-07,yahoo:GLD,0.9500646655496023,0.7435104387715604,1.2778094509598468,2024-03-07,2024-03-07,yahoo:GC=F,-0.07783794127662577,0.36469997647909197,-0.21343006936302386,2024-03-07,2024-03-07,yahoo:DX-Y.NYB,0.03600491282171553,0.37566827274131676,0.09584230405985955,2024-03-07,yahoo:UUP,1,"{""alfred_employment_situation_release_dates"":""b796dbd0eac6d9fd3e17ef1280bf85abe0e8b6e91df1205809e70b9ba0cf5a4b"",""federal_reserve_h15_nominal"":""dd00d34890aea66542962d4e00c3650e37e7303bdcdea95963616a6ca09fce87"",""federal_reserve_h15_real"":""5be7cb777f2a50c090ec837ab67ad98e90e36ff23935d9d8e1e1bbdb97ea0142"",""philadelphia_fed_employ_first_releases"":""8af43817875de1075966ebb668f42ddd7367db908d7897a59744917ef167f755"",""yahoo_DX-Y.NYB"":""2abdecea5830986f7a96a4a77f51a66ae7015a1d96488f3b6807200e2e1f0585"",""yahoo_GC=F"":""dde2a4acfa0b6fafad13fd03b21e79cf06b521cf30e1ed0662dd6da52c3e6f78"",""yahoo_GLD"":""cffc9bd91365864e1969d125a13ee2eeae3f44374a8337e4a94eddc8ffad287e"",""yahoo_TIP"":""9198e3f8407f96f1376cec3bff2883b5a1730e9692a4acc4b4e124d9001589b9"",""yahoo_UUP"":""a4840dacc2e010d8281489df6cb8f77cc34ce1661bdac1c6031f392e01b7aedb"",""yahoo_ZT=F"":""1f36bff6184615be1adeb576578d5ad37ce794b249c13a30005be74f8262dee4""}"
NFP_202403_REL_20240405,nfp,2024:03,2024-04-05,2024-04-05T08:30:00 America/New_York,confirmation,confirmation_protocol_locked,303.0,226.0,77.0,2785.650623572556,0.02764165733793588,philadelphia_fed_employ_first_releases,0,0,,0.08000000000000007,0.06578062325244591,1.2161636063097874,2024-04-04,2024-04-04,federal_reserve_h15_nominal:RIFLGFCY02_N.B,0.04999999999999982,0.043736499127527355,1.1432099275758054,2024-04-04,2024-04-04,federal_reserve_h15_nominal:RIFLGFCY01_N.B,-0.17598229416482086,0.12131130938533755,1.4506668426587044,2024-04-04,2024-04-04,yahoo:ZT=F,0.03000000000000025,0.024501239447490733,1.224427852488608,2024-04-04,2024-04-04,derived:H15_5Y_nominal_minus_5Y_real,0.029999999999999805,0.022459002196469412,1.3357672677335526,2024-04-04,2024-04-04,derived:H15_10Y_nominal_minus_10Y_real,0.050000000000000044,0.054777412970597766,0.9127849835996812,2024-04-04,2024-04-04,federal_reserve_h15_real:RIFLGFCY05_XII_N.B,0.050000000000000044,0.04698719623652268,1.0641196752475208,2024-04-04,2024-04-04,federal_reserve_h15_real:RIFLGFCY10_XII_N.B,-0.4211337576930955,0.32145756270396114,1.31007575043717,2024-04-04,2024-04-04,yahoo:TIP,1.696939930469014,0.6949034406312365,2.441979462538777,2024-04-04,2024-04-04,yahoo:GLD,1.5993363911782323,0.7162454861644275,2.2329444611830684,2024-04-04,2024-04-04,yahoo:GC=F,0.17272847607795902,0.3117391657970941,0.5540801254032519,2024-04-04,2024-04-04,yahoo:DX-Y.NYB,0.10592465769762663,0.3135206562342149,0.33785543501317455,2024-04-04,yahoo:UUP,1,"{""alfred_employment_situation_release_dates"":""b796dbd0eac6d9fd3e17ef1280bf85abe0e8b6e91df1205809e70b9ba0cf5a4b"",""federal_reserve_h15_nominal"":""dd00d34890aea66542962d4e00c3650e37e7303bdcdea95963616a6ca09fce87"",""federal_reserve_h15_real"":""5be7cb777f2a50c090ec837ab67ad98e90e36ff23935d9d8e1e1bbdb97ea0142"",""philadelphia_fed_employ_first_releases"":""8af43817875de1075966ebb668f42ddd7367db908d7897a59744917ef167f755"",""yahoo_DX-Y.NYB"":""2abdecea5830986f7a96a4a77f51a66ae7015a1d96488f3b6807200e2e1f0585"",""yahoo_GC=F"":""dde2a4acfa0b6fafad13fd03b21e79cf06b521cf30e1ed0662dd6da52c3e6f78"",""yahoo_GLD"":""cffc9bd91365864e1969d125a13ee2eeae3f44374a8337e4a94eddc8ffad287e"",""yahoo_TIP"":""9198e3f8407f96f1376cec3bff2883b5a1730e9692a4acc4b4e124d9001589b9"",""yahoo_UUP"":""a4840dacc2e010d8281489df6cb8f77cc34ce1661bdac1c6031f392e01b7aedb"",""yahoo_ZT=F"":""1f36bff6184615be1adeb576578d5ad37ce794b249c13a30005be74f8262dee4""}"
NFP_202404_REL_20240503,nfp,2024:04,2024-05-03,2024-05-03T08:30:00 America/New_York,confirmation,confirmation_protocol_locked,175.0,234.5,-59.5,2785.750813639312,-0.02135869429120584,philadelphia_fed_employ_first_releases,0,0,,-0.0600000000000005,0.06419778759586178,-0.9346116470198752,2024-05-02,2024-05-02,federal_reserve_h15_nominal:RIFLGFCY02_N.B,-0.040000000000000036,0.03859246728408854,-1.036471695513798,2024-05-02,2024-05-02,federal_reserve_h15_nominal:RIFLGFCY01_N.B,0.13060348339758343,0.1158529958309847,-1.1273207262427454,2024-05-02,2024-05-02,yahoo:ZT=F,-0.019999999999999574,0.02329557073392296,-0.858532303347933,2024-05-02,2024-05-02,derived:H15_5Y_nominal_minus_5Y_real,-0.020000000000000018,0.018327682745024217,-1.0912454279267694,2024-05-02,2024-05-02,derived:H15_10Y_nominal_minus_10Y_real,-0.07000000000000028,0.05094003342803887,-1.374164783360159,2024-05-02,2024-05-02,federal_reserve_h15_real:RIFLGFCY05_XII_N.B,-0.06000000000000005,0.04536854730698087,-1.322502120114563,2024-05-02,2024-05-02,federal_reserve_h15_real:RIFLGFCY10_XII_N.B,0.5110631856483752,0.2991220004262298,-1.708544289353985,2024-05-02,2024-05-02,yahoo:TIP,-0.07979449099420573,0.8845397020498148,-0.09021018594110762,2024-05-02,2024-05-02,yahoo:GLD,-0.008696932457233537,0.8488412125060647,-0.010245652931432567,2024-05-02,2024-05-02,yahoo:GC=F,-0.25674361092245257,0.32363183949564334,-0.7933200000425447,2024-05-02,2024-05-02,yahoo:DX-Y.NYB,-0.2788459859633152,0.3368065010590304,-0.8279115310616978,2024-05-02,yahoo:UUP,1,"{""alfred_employment_situation_release_dates"":""b796dbd0eac6d9fd3e17ef1280bf85abe0e8b6e91df1205809e70b9ba0cf5a4b"",""federal_reserve_h15_nominal"":""dd00d34890aea66542962d4e00c3650e37e7303bdcdea95963616a6ca09fce87"",""federal_reserve_h15_real"":""5be7cb777f2a50c090ec837ab67ad98e90e36ff23935d9d8e1e1bbdb97ea0142"",""philadelphia_fed_employ_first_releases"":""8af43817875de1075966ebb668f42ddd7367db908d7897a59744917ef167f755"",""yahoo_DX-Y.NYB"":""2abdecea5830986f7a96a4a77f51a66ae7015a1d96488f3b6807200e2e1f0585"",""yahoo_GC=F"":""dde2a4acfa0b6fafad13fd03b21e79cf06b521cf30e1ed0662dd6da52c3e6f78"",""yahoo_GLD"":""cffc9bd91365864e1969d125a13ee2eeae3f44374a8337e4a94eddc8ffad287e"",""yahoo_TIP"":""9198e3f8407f96f1376cec3bff2883b5a1730e9692a4acc4b4e124d9001589b9"",""yahoo_UUP"":""a4840dacc2e010d8281489df6cb8f77cc34ce1661bdac1c6031f392e01b7aedb"",""yahoo_ZT=F"":""1f36bff6184615be1adeb576578d5ad37ce794b249c13a30005be74f8262dee4""}"
NFP_202405_REL_20240607,nfp,2024:05,2024-06-07,2024-06-07T08:30:00 America/New_York,confirmation,confirmation_protocol_locked,272.0,212.5,59.5,2785.5870377435044,0.021359950054979662,philadelphia_fed_employ_first_releases,0,0,,0.15000000000000036,0.05802882587790618,2.584922195661918,2024-06-06,2024-06-06,federal_reserve_h15_nominal:RIFLGFCY02_N.B,0.08999999999999986,0.034121749446807875,2.6376138814423964,2024-06-06,2024-06-06,federal_reserve_h15_nominal:RIFLGFCY01_N.B,-0.23411574470588176,0.10228862044936299,2.288776050330824,2024-06-06,2024-06-06,yahoo:ZT=F,0.029999999999999805,0.02140542198592404,1.4015140659094438,2024-06-06,2024-06-06,derived:H15_5Y_nominal_minus_5Y_real,0.019999999999999574,0.01746344042313618,1.1452497054075823,2024-06-06,2024-06-06,derived:H15_10Y_nominal_minus_10Y_real,0.14000000000000012,0.05049584644774833,2.772505262286635,2024-06-06,2024-06-06,federal_reserve_h15_real:RIFLGFCY05_XII_N.B,0.1299999999999999,0.047169606224903224,2.7560119832284355,2024-06-06,2024-06-06,federal_reserve_h15_real:RIFLGFCY10_XII_N.B,-0.8263807425149767,0.3075815186952397,2.686704799496675,2024-06-06,2024-06-06,yahoo:TIP,-3.6335512840658195,0.9960677144897143,-3.6478958520679376,2024-06-06,2024-06-06,yahoo:GLD,-2.7849130615993234,0.9555508801886569,-2.914458161609867,2024-06-06,2024-06-06,yahoo:GC=F,0.7560215191439793,0.3282554997295704,2.3031495885577518,2024-06-06,2024-06-06,yahoo:DX-Y.NYB,0.8377030119867219,0.3476529097244592,2.4095958599934164,2024-06-06,yahoo:UUP,1,"{""alfred_employment_situation_release_dates"":""b796dbd0eac6d9fd3e17ef1280bf85abe0e8b6e91df1205809e70b9ba0cf5a4b"",""federal_reserve_h15_nominal"":""dd00d34890aea66542962d4e00c3650e37e7303bdcdea95963616a6ca09fce87"",""federal_reserve_h15_real"":""5be7cb777f2a50c090ec837ab67ad98e90e36ff23935d9d8e1e1bbdb97ea0142"",""philadelphia_fed_employ_first_releases"":""8af43817875de1075966ebb668f42ddd7367db908d7897a59744917ef167f755"",""yahoo_DX-Y.NYB"":""2abdecea5830986f7a96a4a77f51a66ae7015a1d96488f3b6807200e2e1f0585"",""yahoo_GC=F"":""dde2a4acfa0b6fafad13fd03b21e79cf06b521cf30e1ed0662dd6da52c3e6f78"",""yahoo_GLD"":""cffc9bd91365864e1969d125a13ee2eeae3f44374a8337e4a94eddc8ffad287e"",""yahoo_TIP"":""9198e3f8407f96f1376cec3bff2883b5a1730e9692a4acc4b4e124d9001589b9"",""yahoo_UUP"":""a4840dacc2e010d8281489df6cb8f77cc34ce1661bdac1c6031f392e01b7aedb"",""yahoo_ZT=F"":""1f36bff6184615be1adeb576578d5ad37ce794b249c13a30005be74f8262dee4""}"
NFP_202406_REL_20240705,nfp,2024:06,2024-07-05,2024-07-05T08:30:00 America/New_York,confirmation,confirmation_protocol_locked,206.0,212.5,-6.5,2785.7941586974384,-0.0023332664330946917,philadelphia_fed_employ_first_releases,0,0,,-0.11000000000000032,0.05871770058152749,-1.8733703620983784,2024-07-03,2024-07-03,federal_reserve_h15_nominal:RIFLGFCY02_N.B,-0.05999999999999961,0.03595783783398156,-1.6686209075479304,2024-07-03,2024-07-03,federal_reserve_h15_nominal:RIFLGFCY01_N.B,0.17574696966461256,0.10710517481045619,-1.6408821513585279,2024-07-03,2024-07-03,yahoo:ZT=F,-0.010000000000000231,0.025920347350675336,-0.3857972991145,2024-07-03,2024-07-03,derived:H15_5Y_nominal_minus_5Y_real,0.009999999999999787,0.022207928548054104,0.4502896331984103,2024-07-03,2024-07-03,derived:H15_10Y_nominal_minus_10Y_real,-0.10000000000000009,0.051135137233481724,-1.9556024567491166,2024-07-03,2024-07-03,federal_reserve_h15_real:RIFLGFCY05_XII_N.B,-0.08999999999999986,0.048162566048349044,-1.8686711980763524,2024-07-03,2024-07-03,federal_reserve_h15_real:RIFLGFCY10_XII_N.B,0.4495373375472167,0.3094328101200901,-1.4527785123133916,2024-07-03,2024-07-03,yahoo:TIP,1.3396660734694752,1.1046942459796658,1.2127030428056873,2024-07-03,2024-07-03,yahoo:GLD,1.2088663472560883,1.0559052622987866,1.1448625084264603,2024-07-03,2024-07-03,yahoo:GC=F,-0.49458373167003133,0.3335689429260396,-1.4827031777346629,2024-07-03,2024-07-03,yahoo:DX-Y.NYB,-0.3456677845185281,0.3539935907511952,-0.9764803475255039,2024-07-03,yahoo:UUP,1,"{""alfred_employment_situation_release_dates"":""b796dbd0eac6d9fd3e17ef1280bf85abe0e8b6e91df1205809e70b9ba0cf5a4b"",""federal_reserve_h15_nominal"":""dd00d34890aea66542962d4e00c3650e37e7303bdcdea95963616a6ca09fce87"",""federal_reserve_h15_real"":""5be7cb777f2a50c090ec837ab67ad98e90e36ff23935d9d8e1e1bbdb97ea0142"",""philadelphia_fed_employ_first_releases"":""8af43817875de1075966ebb668f42ddd7367db908d7897a59744917ef167f755"",""yahoo_DX-Y.NYB"":""2abdecea5830986f7a96a4a77f51a66ae7015a1d96488f3b6807200e2e1f0585"",""yahoo_GC=F"":""dde2a4acfa0b6fafad13fd03b21e79cf06b521cf30e1ed0662dd6da52c3e6f78"",""yahoo_GLD"":""cffc9bd91365864e1969d125a13ee2eeae3f44374a8337e4a94eddc8ffad287e"",""yahoo_TIP"":""9198e3f8407f96f1376cec3bff2883b5a1730e9692a4acc4b4e124d9001589b9"",""yahoo_UUP"":""a4840dacc2e010d8281489df6cb8f77cc34ce1661bdac1c6031f392e01b7aedb"",""yahoo_ZT=F"":""1f36bff6184615be1adeb576578d5ad37ce794b249c13a30005be74f8262dee4""}"
NFP_202407_REL_20240802,nfp,2024:07,2024-08-02,2024-08-02T08:30:00 America/New_York,confirmation,confirmation_protocol_locked,114.0,211.0,-97.0,2785.750900960707,-0.034820055147984745,philadelphia_fed_employ_first_releases,0,0,,-0.28000000000000025,0.05144356789693049,-5.442857318158664,2024-08-01,2024-08-01,federal_reserve_h15_nominal:RIFLGFCY02_N.B,-0.29000000000000004,0.03309803960944965,-8.761848236993577,2024-08-01,2024-08-01,federal_reserve_h15_nominal:RIFLGFCY01_N.B,0.5369444950689978,0.0949932560535525,-5.652448577678978,2024-08-01,2024-08-01,yahoo:ZT=F,-0.16999999999999948,0.025608967355978087,-6.638299687641062,2024-08-01,2024-08-01,derived:H15_5Y_nominal_minus_5Y_real,-0.16000000000000014,0.0220650041191852,-7.251301614799268,2024-08-01,2024-08-01,derived:H15_10Y_nominal_minus_10Y_real,-0.050000000000000044,0.04419525244845935,-1.131343237790308,2024-08-01,2024-08-01,federal_reserve_h15_real:RIFLGFCY05_XII_N.B,-0.030000000000000027,0.04326863923493482,-0.6933428120332062,2024-08-01,2024-08-01,federal_reserve_h15_real:RIFLGFCY10_XII_N.B,0.4796454885939858,0.2683990395896597,-1.7870611211101537,2024-08-01,2024-08-01,yahoo:TIP,-0.19064443892985788,1.0930757149267183,-0.17441100952703814,2024-08-01,2024-08-01,yahoo:GLD,-0.3826634135013617,1.1071369625114729,-0.3456333104743545,2024-08-01,2024-08-01,yahoo:GC=F,-1.1655471739614933,0.2947248365710208,-3.954696141397733,2024-08-01,2024-08-01,yahoo:DX-Y.NYB,-1.0099346828894205,0.30732325097871815,-3.286229335636429,2024-08-01,yahoo:UUP,1,"{""alfred_employment_situation_release_dates"":""b796dbd0eac6d9fd3e17ef1280bf85abe0e8b6e91df1205809e70b9ba0cf5a4b"",""federal_reserve_h15_nominal"":""dd00d34890aea66542962d4e00c3650e37e7303bdcdea95963616a6ca09fce87"",""federal_reserve_h15_real"":""5be7cb777f2a50c090ec837ab67ad98e90e36ff23935d9d8e1e1bbdb97ea0142"",""philadelphia_fed_employ_first_releases"":""8af43817875de1075966ebb668f42ddd7367db908d7897a59744917ef167f755"",""yahoo_DX-Y.NYB"":""2abdecea5830986f7a96a4a77f51a66ae7015a1d96488f3b6807200e2e1f0585"",""yahoo_GC=F"":""dde2a4acfa0b6fafad13fd03b21e79cf06b521cf30e1ed0662dd6da52c3e6f78"",""yahoo_GLD"":""cffc9bd91365864e1969d125a13ee2eeae3f44374a8337e4a94eddc8ffad287e"",""yahoo_TIP"":""9198e3f8407f96f1376cec3bff2883b5a1730e9692a4acc4b4e124d9001589b9"",""yahoo_UUP"":""a4840dacc2e010d8281489df6cb8f77cc34ce1661bdac1c6031f392e01b7aedb"",""yahoo_ZT=F"":""1f36bff6184615be1adeb576578d5ad37ce794b249c13a30005be74f8262dee4""}"
NFP_202408_REL_20240906,nfp,2024:08,2024-09-06,2024-09-06T08:30:00 America/New_York,confirmation,confirmation_protocol_locked,142.0,211.0,-69.0,2785.694727412923,-0.024769404673454783,philadelphia_fed_employ_first_releases,0,0,,-0.08999999999999986,0.0648980077693405,-1.3867914146128564,2024-09-05,2024-09-05,federal_reserve_h15_nominal:RIFLGFCY02_N.B,-0.11000000000000032,0.055884010225377034,-1.9683626775597631,2024-09-05,2024-09-05,federal_reserve_h15_nominal:RIFLGFCY01_N.B,0.17696787192828262,0.12403227216159796,-1.4267889223033539,2024-09-05,2024-09-05,yahoo:ZT=F,-0.010000000000000009,0.03671542725980534,-0.2723650722961253,2024-09-05,2024-09-05,derived:H15_5Y_nominal_minus_5Y_real,0.0,0.033164544405882006,0.0,2024-09-05,2024-09-05,derived:H15_10Y_nominal_minus_10Y_real,-0.030000000000000027,0.041891708657409654,-0.716132164608992,2024-09-05,2024-09-05,federal_reserve_h15_real:RIFLGFCY05_XII_N.B,-0.010000000000000009,0.03859246728408861,-0.25911792387844906,2024-09-05,2024-09-05,federal_reserve_h15_real:RIFLGFCY10_XII_N.B,0.06395755740264503,0.2538275143473721,-0.25197251593110115,2024-09-05,2024-09-05,yahoo:TIP,-0.7430165851405754,0.9289174745197699,-0.7998736222770476,2024-09-05,2024-09-05,yahoo:GLD,-0.7152981683501989,0.980206493565042,-0.729742327811599,2024-09-05,2024-09-05,yahoo:GC=F,0.06920727401390275,0.3556050579829236,0.19461836231031937,2024-09-05,2024-09-05,yahoo:DX-Y.NYB,0.14204334149413325,0.3580607100520276,0.39670183716469143,2024-09-05,yahoo:UUP,1,"{""alfred_employment_situation_release_dates"":""b796dbd0eac6d9fd3e17ef1280bf85abe0e8b6e91df1205809e70b9ba0cf5a4b"",""federal_reserve_h15_nominal"":""dd00d34890aea66542962d4e00c3650e37e7303bdcdea95963616a6ca09fce87"",""federal_reserve_h15_real"":""5be7cb777f2a50c090ec837ab67ad98e90e36ff23935d9d8e1e1bbdb97ea0142"",""philadelphia_fed_employ_first_releases"":""8af43817875de1075966ebb668f42ddd7367db908d7897a59744917ef167f755"",""yahoo_DX-Y.NYB"":""2abdecea5830986f7a96a4a77f51a66ae7015a1d96488f3b6807200e2e1f0585"",""yahoo_GC=F"":""dde2a4acfa0b6fafad13fd03b21e79cf06b521cf30e1ed0662dd6da52c3e6f78"",""yahoo_GLD"":""cffc9bd91365864e1969d125a13ee2eeae3f44374a8337e4a94eddc8ffad287e"",""yahoo_TIP"":""9198e3f8407f96f1376cec3bff2883b5a1730e9692a4acc4b4e124d9001589b9"",""yahoo_UUP"":""a4840dacc2e010d8281489df6cb8f77cc34ce1661bdac1c6031f392e01b7aedb"",""yahoo_ZT=F"":""1f36bff6184615be1adeb576578d5ad37ce794b249c13a30005be74f8262dee4""}"
NFP_202409_REL_20241004,nfp,2024:09,2024-10-04,2024-10-04T08:30:00 America/New_York,confirmation,confirmation_protocol_locked,254.0,211.0,43.0,2785.6942855493626,0.015436008259434697,philadelphia_fed_employ_first_releases,0,0,,0.22999999999999998,0.06758464038388615,3.403140102449042,2024-10-03,2024-10-03,federal_reserve_h15_nominal:RIFLGFCY02_N.B,0.1800000000000006,0.06066928969309265,2.9669046878670486,2024-10-03,2024-10-03,federal_reserve_h15_nominal:RIFLGFCY01_N.B,-0.4291852081541032,0.12778250720992165,3.3587164434724692,2024-10-03,2024-10-03,yahoo:ZT=F,0.029999999999999805,0.03577195505366714,0.8386458038145268,2024-10-03,2024-10-03,derived:H15_5Y_nominal_minus_5Y_real,0.020000000000000018,0.03160669313369339,0.6327773650790315,2024-10-03,2024-10-03,derived:H15_10Y_nominal_minus_10Y_real,0.15999999999999992,0.041977596930598576,3.811556918432644,2024-10-03,2024-10-03,federal_reserve_h15_real:RIFLGFCY05_XII_N.B,0.1100000000000001,0.037193569093606806,2.9575005217476686,2024-10-03,2024-10-03,federal_reserve_h15_real:RIFLGFCY10_XII_N.B,-0.6832787320232346,0.25137390587790204,2.71817685147924,2024-10-03,2024-10-03,yahoo:TIP,-0.19980250389979798,0.9222136662259711,-0.2166553275202063,2024-10-03,2024-10-03,yahoo:GLD,-0.4261843753354774,0.8998338140677992,-0.4736256502840934,2024-10-03,2024-10-03,yahoo:GC=F,0.5183120434750279,0.366446686225662,1.4144268810657097,2024-10-03,2024-10-03,yahoo:DX-Y.NYB,0.5596436945871057,0.3793210787115643,1.475382534732953,2024-10-03,yahoo:UUP,1,"{""alfred_employment_situation_release_dates"":""b796dbd0eac6d9fd3e17ef1280bf85abe0e8b6e91df1205809e70b9ba0cf5a4b"",""federal_reserve_h15_nominal"":""dd00d34890aea66542962d4e00c3650e37e7303bdcdea95963616a6ca09fce87"",""federal_reserve_h15_real"":""5be7cb777f2a50c090ec837ab67ad98e90e36ff23935d9d8e1e1bbdb97ea0142"",""philadelphia_fed_employ_first_releases"":""8af43817875de1075966ebb668f42ddd7367db908d7897a59744917ef167f755"",""yahoo_DX-Y.NYB"":""2abdecea5830986f7a96a4a77f51a66ae7015a1d96488f3b6807200e2e1f0585"",""yahoo_GC=F"":""dde2a4acfa0b6fafad13fd03b21e79cf06b521cf30e1ed0662dd6da52c3e6f78"",""yahoo_GLD"":""cffc9bd91365864e1969d125a13ee2eeae3f44374a8337e4a94eddc8ffad287e"",""yahoo_TIP"":""9198e3f8407f96f1376cec3bff2883b5a1730e9692a4acc4b4e124d9001589b9"",""yahoo_UUP"":""a4840dacc2e010d8281489df6cb8f77cc34ce1661bdac1c6031f392e01b7aedb"",""yahoo_ZT=F"":""1f36bff6184615be1adeb576578d5ad37ce794b249c13a30005be74f8262dee4""}"
NFP_202410_REL_20241101,nfp,2024:10,2024-11-01,2024-11-01T08:30:00 America/New_York,confirmation,confirmation_protocol_locked,12.0,211.0,-199.0,2785.806913351063,-0.0714335222036698,philadelphia_fed_employ_first_releases,0,0,,0.04999999999999982,0.05943495709003068,0.8412557600447325,2024-10-31,2024-10-31,federal_reserve_h15_nominal:RIFLGFCY02_N.B,0.010000000000000675,0.05033756109007636,0.19865881030879134,2024-10-31,2024-10-31,federal_reserve_h15_nominal:RIFLGFCY01_N.B,-0.07210216049609922,0.1151087954966649,0.6263827206687108,2024-10-31,2024-10-31,yahoo:ZT=F,-0.010000000000000675,0.029360413796557547,-0.34059465473790956,2024-10-31,2024-10-31,derived:H15_5Y_nominal_minus_5Y_real,0.0,0.023565631395123878,0.0,2024-10-31,2024-10-31,derived:H15_10Y_nominal_minus_10Y_real,0.08000000000000007,0.048955185317712036,1.6341476287100478,2024-10-31,2024-10-31,federal_reserve_h15_real:RIFLGFCY05_XII_N.B,0.09000000000000008,0.038843085751964435,2.3170146824766222,2024-10-31,2024-10-31,federal_reserve_h15_real:RIFLGFCY10_XII_N.B,-0.42687874952209576,0.25209122296662634,1.6933503058875201,2024-10-31,2024-10-31,yahoo:TIP,-0.4110813705942248,0.8162834481384166,-0.503601257053197,2024-10-31,2024-10-31,yahoo:GLD,0.01095688511384859,0.781343760228991,0.01402312998652145,2024-10-31,2024-10-31,yahoo:GC=F,0.2880972119301655,0.33149603770707153,0.8690819170054285,2024-10-31,2024-10-31,yahoo:DX-Y.NYB,0.4101176508956755,0.3452239972692931,1.187975500369871,2024-10-31,yahoo:UUP,1,"{""alfred_employment_situation_release_dates"":""b796dbd0eac6d9fd3e17ef1280bf85abe0e8b6e91df1205809e70b9ba0cf5a4b"",""federal_reserve_h15_nominal"":""dd00d34890aea66542962d4e00c3650e37e7303bdcdea95963616a6ca09fce87"",""federal_reserve_h15_real"":""5be7cb777f2a50c090ec837ab67ad98e90e36ff23935d9d8e1e1bbdb97ea0142"",""philadelphia_fed_employ_first_releases"":""8af43817875de1075966ebb668f42ddd7367db908d7897a59744917ef167f755"",""yahoo_DX-Y.NYB"":""2abdecea5830986f7a96a4a77f51a66ae7015a1d96488f3b6807200e2e1f0585"",""yahoo_GC=F"":""dde2a4acfa0b6fafad13fd03b21e79cf06b521cf30e1ed0662dd6da52c3e6f78"",""yahoo_GLD"":""cffc9bd91365864e1969d125a13ee2eeae3f44374a8337e4a94eddc8ffad287e"",""yahoo_TIP"":""9198e3f8407f96f1376cec3bff2883b5a1730e9692a4acc4b4e124d9001589b9"",""yahoo_UUP"":""a4840dacc2e010d8281489df6cb8f77cc34ce1661bdac1c6031f392e01b7aedb"",""yahoo_ZT=F"":""1f36bff6184615be1adeb576578d5ad37ce794b249c13a30005be74f8262dee4""}"
NFP_202411_REL_20241206,nfp,2024:11,2024-12-06,2024-12-06T08:30:00 America/New_York,confirmation,confirmation_protocol_locked,227.0,211.0,16.0,2785.727962249907,0.0057435615454272575,philadelphia_fed_employ_first_releases,0,0,,-0.05000000000000071,0.056810468916662506,-0.8801194736369394,2024-12-05,2024-12-05,federal_reserve_h15_nominal:RIFLGFCY02_N.B,-0.040000000000000036,0.04315881851741555,-0.9268094302409863,2024-12-05,2024-12-05,federal_reserve_h15_nominal:RIFLGFCY01_N.B,0.09479212797690602,0.0999481694190458,-0.9484128476578455,2024-12-05,2024-12-05,yahoo:ZT=F,-0.040000000000000036,0.03385370653750755,-1.1815545206455553,2024-12-05,2024-12-05,derived:H15_5Y_nominal_minus_5Y_real,-0.009999999999999787,0.02654225923736964,-0.376757679539219,2024-12-05,2024-12-05,derived:H15_10Y_nominal_minus_10Y_real,0.0,0.04852019208070001,0.0,2024-12-05,2024-12-05,federal_reserve_h15_real:RIFLGFCY05_XII_N.B,-0.010000000000000009,0.044392955108629964,-0.22526096709556545,2024-12-05,2024-12-05,federal_reserve_h15_real:RIFLGFCY10_XII_N.B,0.08271545941686491,0.26638407001710335,-0.3105120340400014,2024-12-05,2024-12-05,yahoo:TIP,0.03705001517975754,1.0367756880545675,0.035735806314362115,2024-12-05,2024-12-05,yahoo:GLD,0.4558239129528256,1.0336038018927545,0.4410044855853978,2024-12-05,2024-12-05,yahoo:GC=F,0.24565595862451858,0.4108046627267229,0.5979872696526203,2024-12-05,2024-12-05,yahoo:DX-Y.NYB,0.26765106153811236,0.43844856645934344,0.6104503059492411,2024-12-05,yahoo:UUP,1,"{""alfred_employment_situation_release_dates"":""b796dbd0eac6d9fd3e17ef1280bf85abe0e8b6e91df1205809e70b9ba0cf5a4b"",""federal_reserve_h15_nominal"":""dd00d34890aea66542962d4e00c3650e37e7303bdcdea95963616a6ca09fce87"",""federal_reserve_h15_real"":""5be7cb777f2a50c090ec837ab67ad98e90e36ff23935d9d8e1e1bbdb97ea0142"",""philadelphia_fed_employ_first_releases"":""8af43817875de1075966ebb668f42ddd7367db908d7897a59744917ef167f755"",""yahoo_DX-Y.NYB"":""2abdecea5830986f7a96a4a77f51a66ae7015a1d96488f3b6807200e2e1f0585"",""yahoo_GC=F"":""dde2a4acfa0b6fafad13fd03b21e79cf06b521cf30e1ed0662dd6da52c3e6f78"",""yahoo_GLD"":""cffc9bd91365864e1969d125a13ee2eeae3f44374a8337e4a94eddc8ffad287e"",""yahoo_TIP"":""9198e3f8407f96f1376cec3bff2883b5a1730e9692a4acc4b4e124d9001589b9"",""yahoo_UUP"":""a4840dacc2e010d8281489df6cb8f77cc34ce1661bdac1c6031f392e01b7aedb"",""yahoo_ZT=F"":""1f36bff6184615be1adeb576578d5ad37ce794b249c13a30005be74f8262dee4""}"
NFP_202412_REL_20250110,nfp,2024:12,2025-01-10,2025-01-10T08:30:00 America/New_York,confirmation,confirmation_protocol_locked,256.0,221.5,34.5,2785.5754319740677,0.012385232725703181,philadelphia_fed_employ_first_releases,0,0,,0.13000000000000078,0.04327647290785873,3.0039416631015143,2025-01-09,2025-01-09,federal_reserve_h15_nominal:RIFLGFCY02_N.B,0.08999999999999986,0.0279648690021084,3.218323675795311,2025-01-09,2025-01-09,federal_reserve_h15_nominal:RIFLGFCY01_N.B,-0.262582207766755,0.07714724876482462,3.4036496695716214,2025-01-09,2025-01-09,yahoo:ZT=F,0.04999999999999982,0.033276788197906956,1.5025488548544694,2025-01-09,2025-01-09,derived:H15_5Y_nominal_minus_5Y_real,0.040000000000000036,0.025624405739285528,1.5610118106534219,2025-01-09,2025-01-09,derived:H15_10Y_nominal_minus_10Y_real,0.08000000000000007,0.044351892806059896,1.803756163233455,2025-01-09,2025-01-09,federal_reserve_h15_real:RIFLGFCY05_XII_N.B,0.04999999999999982,0.04345625763550762,1.1505822802179217,2025-01-09,2025-01-09,federal_reserve_h15_real:RIFLGFCY10_XII_N.B,-0.35710679603858525,0.2515407325600232,1.4196778088549602,2025-01-08,2025-01-08,yahoo:TIP,0.9512918374949771,1.0461600293951332,0.909317705480483,2025-01-08,2025-01-08,yahoo:GLD,0.9161257237443541,1.0730309103846876,0.8537738427459819,2025-01-09,2025-01-09,yahoo:GC=F,0.4295589631027971,0.4359311734824433,0.9853825310799829,2025-01-09,2025-01-09,yahoo:DX-Y.NYB,0.5053065299582095,0.45420243780806513,1.1125139098697212,2025-01-08,yahoo:UUP,1,"{""alfred_employment_situation_release_dates"":""b796dbd0eac6d9fd3e17ef1280bf85abe0e8b6e91df1205809e70b9ba0cf5a4b"",""federal_reserve_h15_nominal"":""dd00d34890aea66542962d4e00c3650e37e7303bdcdea95963616a6ca09fce87"",""federal_reserve_h15_real"":""5be7cb777f2a50c090ec837ab67ad98e90e36ff23935d9d8e1e1bbdb97ea0142"",""philadelphia_fed_employ_first_releases"":""8af43817875de1075966ebb668f42ddd7367db908d7897a59744917ef167f755"",""yahoo_DX-Y.NYB"":""2abdecea5830986f7a96a4a77f51a66ae7015a1d96488f3b6807200e2e1f0585"",""yahoo_GC=F"":""dde2a4acfa0b6fafad13fd03b21e79cf06b521cf30e1ed0662dd6da52c3e6f78"",""yahoo_GLD"":""cffc9bd91365864e1969d125a13ee2eeae3f44374a8337e4a94eddc8ffad287e"",""yahoo_TIP"":""9198e3f8407f96f1376cec3bff2883b5a1730e9692a4acc4b4e124d9001589b9"",""yahoo_UUP"":""a4840dacc2e010d8281489df6cb8f77cc34ce1661bdac1c6031f392e01b7aedb"",""yahoo_ZT=F"":""1f36bff6184615be1adeb576578d5ad37ce794b249c13a30005be74f8262dee4""}"
